customer_id,first_purchase_date,latest_purchase_date,frequency,monetary,units_purchased,recency_days,customer_lifetime_days,average_order_value,recency_score,frequency_score,monetary_score,rfm_score,customer_segment
12346,2009-12-14 08:34:00,2011-01-18 10:01:00,12,77556.46,74285,326,400,6463.04,2,5,5,255,At Risk
12347,2010-10-31 14:20:00,2011-12-07 15:52:00,8,5633.32,3286,2,402,704.16,5,4,5,545,Champions
12348,2010-09-27 14:59:00,2011-09-25 13:13:00,5,2019.4,2714,75,362,403.88,3,4,4,344,Loyal Customers
12349,2010-04-29 13:20:00,2011-11-21 09:51:00,4,4428.69,1624,19,570,1107.17,5,3,5,535,Potential Loyalists
12350,2011-02-02 16:01:00,2011-02-02 16:01:00,1,334.4,197,310,0,334.4,2,1,2,212,Hibernating
12351,2010-11-29 15:23:00,2010-11-29 15:23:00,1,300.93,261,375,0,300.93,2,1,2,212,Hibernating
12352,2010-11-12 10:20:00,2011-11-03 14:37:00,10,2849.84,724,36,356,284.98,4,5,4,454,Champions
12353,2010-10-27 12:44:00,2011-05-19 17:47:00,2,406.76,212,204,204,203.38,2,2,2,222,Hibernating
12354,2011-04-21 13:11:00,2011-04-21 13:11:00,1,1079.4,530,232,0,1079.4,2,1,3,213,Hibernating
12355,2010-05-21 11:59:00,2011-05-09 13:49:00,2,947.61,543,214,353,473.8,2,2,3,223,Hibernating
12356,2010-10-11 09:42:00,2011-11-17 08:40:00,6,6371.73,3416,23,401,1061.96,4,4,5,445,Champions
12357,2010-11-16 10:05:00,2011-11-06 16:07:00,3,18287.66,6587,33,355,6095.89,4,3,5,435,Potential Loyalists
12358,2009-12-08 07:59:00,2011-12-08 10:26:00,5,3887.07,1079,2,730,777.41,5,4,5,545,Champions
12359,2009-12-05 13:32:00,2011-10-13 12:47:00,10,8873.39,2739,58,676,887.34,4,5,5,455,Champions
12360,2010-02-22 09:32:00,2011-10-18 15:22:00,8,4252.89,2459,52,603,531.61,4,4,5,445,Champions
12361,2010-01-26 14:37:00,2011-02-25 13:51:00,4,511.25,235,287,394,127.81,2,3,2,232,Hibernating
12362,2009-12-01 10:10:00,2011-12-06 15:40:00,11,5356.23,2230,3,735,486.93,5,5,5,555,Champions
12363,2011-04-11 13:29:00,2011-08-22 10:18:00,2,552.0,408,110,132,276.0,3,2,2,322,Need Attention
12364,2011-08-19 15:24:00,2011-12-02 10:22:00,4,1313.1,1506,8,104,328.28,5,3,4,534,Potential Loyalists
12365,2011-02-21 13:51:00,2011-02-21 14:04:00,2,641.38,174,291,0,320.69,2,2,3,223,Hibernating
12366,2010-03-16 10:28:00,2010-03-16 10:28:00,1,500.24,296,634,0,500.24,1,1,2,112,Lost Customers
12367,2011-12-05 16:48:00,2011-12-05 16:48:00,1,168.9,173,4,0,168.9,5,1,1,511,New Customers
12368,2010-03-21 15:56:00,2010-03-21 15:56:00,1,917.7,330,628,0,917.7,1,1,3,113,Lost Customers
12369,2010-03-08 08:09:00,2010-10-22 13:13:00,3,1791.15,1241,413,228,597.05,1,3,4,134,Hibernating
12370,2010-02-09 09:41:00,2011-10-19 14:51:00,7,4316.56,2604,51,617,616.65,4,4,5,445,Champions
12371,2010-03-04 18:23:00,2011-10-26 10:16:00,5,4067.38,1436,45,600,813.48,4,4,5,445,Champions
12372,2011-02-16 12:46:00,2011-09-29 12:12:00,3,1298.04,794,72,224,432.68,3,3,4,334,Big Spenders
12373,2010-02-04 12:08:00,2011-02-01 13:10:00,3,1127.65,516,311,362,375.88,2,3,3,233,Hibernating
12374,2010-04-30 14:01:00,2011-11-14 15:37:00,4,2989.22,1362,25,563,747.3,4,3,5,435,Potential Loyalists
12375,2011-09-02 14:23:00,2011-11-29 10:36:00,2,457.5,178,11,87,228.75,5,2,2,522,Potential Loyalists
12376,2010-10-18 08:42:00,2010-11-15 12:15:00,2,503.15,240,390,28,251.58,2,2,2,222,Hibernating
12377,2010-04-29 15:34:00,2011-01-28 15:45:00,4,3426.32,2105,315,274,856.58,2,3,5,235,Hibernating
12378,2010-05-26 14:07:00,2011-08-02 10:34:00,2,5416.32,3316,130,432,2708.16,3,2,5,325,Big Spenders
12379,2010-06-23 12:49:00,2011-09-19 10:09:00,4,1620.22,815,82,452,405.06,3,3,4,334,Big Spenders
12380,2010-02-15 12:05:00,2011-11-18 11:27:00,11,9676.3,3355,22,640,879.66,4,5,5,455,Champions
12381,2011-08-12 09:57:00,2011-12-05 12:44:00,5,1845.31,808,5,115,369.06,5,4,4,544,Champions
12383,2010-12-22 14:28:00,2011-06-08 08:02:00,5,1850.56,1532,185,167,370.11,3,4,4,344,Loyal Customers
12384,2011-08-10 11:23:00,2011-11-11 08:39:00,2,585.27,126,29,92,292.64,4,2,2,422,Potential Loyalists
12385,2010-11-25 15:14:00,2010-11-25 15:14:00,1,1938.4,612,379,0,1938.4,2,1,4,214,Hibernating
12386,2010-12-08 09:53:00,2011-01-06 12:37:00,2,660.8,568,338,29,330.4,2,2,3,223,Hibernating
12387,2010-10-20 16:27:00,2010-10-20 16:27:00,1,143.94,134,415,0,143.94,1,1,1,111,Lost Customers
12388,2010-05-06 12:54:00,2011-11-24 12:30:00,8,3901.11,2001,16,566,487.64,5,4,5,545,Champions
12389,2010-02-22 10:15:00,2010-11-02 11:52:00,3,1433.33,614,403,253,477.78,2,3,4,234,Hibernating
12390,2011-09-21 09:33:00,2011-09-21 09:33:00,1,549.84,353,80,0,549.84,3,1,2,312,Need Attention
12391,2010-02-15 10:12:00,2011-11-18 12:07:00,6,2724.84,1204,22,641,454.14,4,4,4,444,Champions
12392,2010-04-27 14:04:00,2010-04-27 14:04:00,1,234.75,73,591,0,234.75,1,1,1,111,Lost Customers
12393,2010-10-07 13:49:00,2011-09-28 15:41:00,6,2399.45,1311,72,356,399.91,3,4,4,344,Loyal Customers
12394,2011-05-06 14:01:00,2011-10-07 08:08:00,2,1272.48,819,64,153,636.24,3,2,4,324,Big Spenders
12395,2010-04-16 10:16:00,2011-11-20 15:21:00,15,5067.27,3733,19,583,337.82,5,5,5,555,Champions
12396,2010-02-03 13:22:00,2010-02-03 13:22:00,1,931.43,591,674,0,931.43,1,1,3,113,Lost Customers
12397,2011-07-27 14:21:00,2011-11-04 09:52:00,2,2409.9,1263,36,99,1204.95,4,2,4,424,Potential Loyalists
12398,2011-10-25 10:27:00,2011-10-25 10:27:00,1,1635.66,1394,46,0,1635.66,4,1,4,414,Need Attention
12399,2010-03-05 08:45:00,2011-08-12 13:15:00,7,1962.3,2198,119,525,280.33,3,4,4,344,Loyal Customers
12400,2010-10-21 13:45:00,2010-10-21 13:45:00,1,205.25,91,414,0,205.25,1,1,1,111,Lost Customers
12401,2011-02-09 13:50:00,2011-02-09 13:50:00,1,84.3,11,303,0,84.3,2,1,1,211,Hibernating
12402,2010-02-07 12:41:00,2011-01-20 13:49:00,6,1256.9,584,323,347,209.48,2,4,4,244,At Risk
12403,2010-07-06 11:39:00,2011-10-21 10:51:00,2,1019.36,260,50,471,509.68,4,2,3,423,Potential Loyalists
12404,2010-01-26 16:25:00,2010-01-26 16:25:00,1,63.24,1,682,0,63.24,1,1,1,111,Lost Customers
12405,2011-07-14 08:52:00,2011-07-14 08:52:00,1,1710.39,857,149,0,1710.39,3,1,4,314,Need Attention
12406,2010-01-11 14:04:00,2011-11-17 19:22:00,5,6390.36,3416,22,675,1278.07,4,4,5,445,Champions
12407,2011-03-20 13:21:00,2011-10-21 10:11:00,5,1708.12,1416,50,214,341.62,4,4,4,444,Champions
12408,2010-07-29 13:27:00,2011-11-07 12:27:00,8,4340.77,2229,33,465,542.6,4,4,5,445,Champions
12409,2010-05-23 15:21:00,2011-09-22 10:38:00,7,23419.29,13143,79,486,3345.61,3,4,5,345,Loyal Customers
12410,2010-07-25 13:26:00,2011-02-04 10:39:00,3,1013.71,341,309,193,337.9,2,3,3,233,Hibernating
12411,2010-10-26 09:25:00,2010-10-26 09:25:00,1,346.9,138,410,0,346.9,2,1,2,212,Hibernating
12412,2010-06-18 13:22:00,2011-09-26 10:16:00,6,2596.93,1997,75,464,432.82,3,4,4,344,Loyal Customers
12413,2010-11-02 13:26:00,2011-10-04 09:00:00,4,999.45,319,67,335,249.86,3,3,3,333,Need Attention
12414,2010-09-02 12:22:00,2011-05-06 14:51:00,6,952.41,495,217,246,158.73,2,4,3,243,At Risk
12415,2010-06-30 08:30:00,2011-11-15 14:22:00,28,144458.37,91447,24,503,5159.23,4,5,5,455,Champions
12416,2010-02-21 10:19:00,2010-02-21 10:19:00,1,202.56,132,657,0,202.56,1,1,1,111,Lost Customers
12417,2009-12-06 10:30:00,2011-12-06 14:52:00,20,6797.41,2884,3,730,339.87,5,5,5,555,Champions
12418,2010-03-19 14:47:00,2011-08-19 11:08:00,4,2021.2,1088,113,517,505.3,3,3,4,334,Big Spenders
12419,2010-10-22 10:40:00,2010-11-19 10:04:00,2,503.01,231,386,27,251.5,2,2,2,222,Hibernating
12420,2011-10-07 08:55:00,2011-10-07 08:55:00,1,600.39,345,64,0,600.39,3,1,2,312,Need Attention
12421,2010-07-22 13:57:00,2011-11-24 09:07:00,6,1098.6,652,16,489,183.1,5,4,3,543,Loyal Customers
12422,2009-12-18 12:44:00,2011-09-05 09:48:00,17,5231.8,2596,96,625,307.75,3,5,5,355,Loyal Customers
12423,2010-08-31 09:31:00,2011-12-09 10:10:00,10,2622.39,1793,1,465,262.24,5,5,4,554,Champions
12424,2010-06-09 15:15:00,2011-06-30 12:06:00,4,3340.03,2025,163,385,835.01,3,3,5,335,Big Spenders
12425,2010-09-17 14:10:00,2011-09-22 17:31:00,2,1741.41,1147,78,370,870.7,3,2,4,324,Big Spenders
12426,2010-02-15 08:41:00,2011-05-29 12:26:00,2,1345.21,584,195,468,672.6,2,2,4,224,Hibernating
12427,2010-12-03 10:44:00,2011-11-18 08:56:00,3,1129.3,612,22,349,376.43,4,3,3,433,Potential Loyalists
12428,2011-03-01 09:33:00,2011-11-14 08:22:00,9,7956.46,3536,26,257,884.05,4,5,5,455,Champions
12429,2010-06-11 13:28:00,2011-11-30 17:22:00,8,7485.91,3344,9,537,935.74,5,4,5,545,Champions
12430,2011-10-27 15:09:00,2011-10-27 15:09:00,1,256.4,117,43,0,256.4,4,1,1,411,Need Attention
12431,2010-01-15 09:04:00,2011-11-04 11:55:00,27,10790.47,4707,36,658,399.65,4,5,5,455,Champions
12432,2011-06-20 13:27:00,2011-10-28 11:43:00,5,5059.32,1801,43,129,1011.86,4,4,5,445,Champions
12433,2010-08-20 09:23:00,2011-12-09 10:02:00,10,20581.26,17116,1,476,2058.13,5,5,5,555,Champions
12434,2010-11-23 13:38:00,2011-09-16 12:38:00,3,1103.43,532,85,296,367.81,3,3,3,333,Need Attention
12435,2009-12-02 13:58:00,2011-09-21 09:06:00,6,13925.93,4958,80,657,2320.99,3,4,5,345,Loyal Customers
12436,2011-09-01 12:09:00,2011-09-01 12:09:00,1,509.01,211,100,0,509.01,3,1,2,312,Need Attention
12437,2009-12-02 16:24:00,2011-12-08 11:35:00,39,12683.4,8000,2,735,325.22,5,5,5,555,Champions
12438,2011-07-22 13:29:00,2011-11-25 13:28:00,2,2906.85,1180,14,125,1453.42,5,2,4,524,Potential Loyalists
12439,2009-12-14 08:40:00,2010-01-26 12:11:00,2,1142.88,478,683,43,571.44,1,2,3,123,Lost Customers
12440,2009-12-22 12:03:00,2010-09-03 13:11:00,2,859.2,331,462,255,429.6,1,2,3,123,Lost Customers
12441,2010-12-08 10:45:00,2010-12-08 10:45:00,1,347.1,242,367,0,347.1,2,1,2,212,Hibernating
12442,2011-12-06 14:22:00,2011-12-06 14:22:00,1,172.06,182,3,0,172.06,5,1,1,511,New Customers
12443,2009-12-07 15:42:00,2009-12-07 15:42:00,1,485.31,182,732,0,485.31,1,1,2,112,Lost Customers
12444,2011-06-21 14:00:00,2011-11-18 13:23:00,5,5005.46,1153,21,149,1001.09,4,4,5,445,Champions
12445,2010-10-15 12:28:00,2011-11-17 18:43:00,2,434.98,206,22,398,217.49,4,2,2,422,Potential Loyalists
12446,2011-10-13 12:50:00,2011-10-13 12:50:00,1,1002.31,351,58,0,1002.31,4,1,3,413,Need Attention
12447,2011-04-10 13:25:00,2011-04-10 13:25:00,1,476.49,190,243,0,476.49,2,1,2,212,Hibernating
12448,2011-10-26 13:46:00,2011-10-26 13:46:00,1,449.45,243,44,0,449.45,4,1,2,412,Need Attention
12449,2010-09-27 09:37:00,2011-11-17 13:46:00,6,4835.89,2282,22,416,805.98,4,4,5,445,Champions
12450,2010-08-22 13:11:00,2011-07-06 14:41:00,5,688.2,442,156,318,137.64,3,4,3,343,Loyal Customers
12451,2010-06-28 12:58:00,2011-11-29 08:40:00,8,12669.88,9359,11,518,1583.74,5,4,5,545,Champions
12452,2011-11-23 08:05:00,2011-11-23 10:28:00,2,430.57,185,17,0,215.28,5,2,2,522,Potential Loyalists
12453,2011-07-28 14:08:00,2011-07-28 14:08:00,1,707.09,473,134,0,707.09,3,1,3,313,Need Attention
12454,2010-10-14 17:33:00,2011-10-14 17:13:00,5,16679.78,7703,56,364,3335.96,4,4,5,445,Champions
12455,2009-12-18 12:33:00,2011-09-27 15:31:00,10,5879.95,3302,73,648,588.0,3,5,5,355,Loyal Customers
12456,2011-03-30 09:12:00,2011-10-26 14:41:00,3,3181.04,1633,44,210,1060.35,4,3,5,435,Potential Loyalists
12457,2010-09-30 17:59:00,2011-10-04 13:13:00,8,2995.91,1094,66,368,374.49,3,4,5,345,Loyal Customers
12458,2010-08-09 10:33:00,2011-09-29 15:25:00,4,1777.49,986,71,416,444.37,3,3,4,334,Big Spenders
12459,2010-04-13 14:53:00,2010-04-13 14:53:00,1,454.36,258,605,0,454.36,1,1,2,112,Lost Customers
12460,2010-09-09 13:51:00,2010-09-09 13:51:00,1,326.65,170,456,0,326.65,1,1,2,112,Lost Customers
12461,2011-07-08 10:23:00,2011-09-06 16:57:00,2,826.88,287,94,60,413.44,3,2,3,323,Need Attention
12462,2011-02-09 14:44:00,2011-11-21 09:11:00,2,1189.59,536,19,284,594.79,5,2,3,523,Potential Loyalists
12463,2011-04-12 12:47:00,2011-10-17 13:44:00,4,1344.78,776,53,188,336.2,4,3,4,434,Potential Loyalists
12464,2011-02-03 13:30:00,2011-11-29 13:33:00,8,1212.05,112,10,299,151.51,5,4,3,543,Loyal Customers
12465,2011-06-23 13:37:00,2011-11-22 16:34:00,2,742.19,479,17,152,371.1,5,2,3,523,Potential Loyalists
12466,2010-01-26 16:26:00,2010-01-26 16:26:00,1,56.73,1,682,0,56.73,1,1,1,111,Lost Customers
12467,2010-10-12 15:41:00,2010-10-12 15:41:00,1,132.8,129,423,0,132.8,1,1,1,111,Lost Customers
12468,2010-01-26 10:09:00,2011-06-05 11:36:00,5,3670.74,2201,188,495,734.15,3,4,5,345,Loyal Customers
12469,2010-06-21 10:30:00,2010-07-05 12:40:00,2,3070.54,2552,523,14,1535.27,1,2,5,125,Lost Customers
12470,2010-01-19 11:01:00,2010-01-19 11:01:00,1,211.95,95,690,0,211.95,1,1,1,111,Lost Customers
12471,2009-12-07 10:41:00,2011-12-07 15:43:00,79,39918.19,16858,2,730,505.29,5,5,5,555,Champions
12472,2009-12-14 10:49:00,2011-11-07 14:01:00,19,17880.59,11350,32,693,941.08,4,5,5,455,Champions
12473,2011-06-01 10:15:00,2011-11-10 13:46:00,5,3928.05,2414,29,162,785.61,4,4,5,445,Champions
12474,2010-02-11 09:41:00,2011-11-22 14:39:00,31,12372.75,7940,17,649,399.12,5,5,5,555,Champions
12475,2010-10-26 08:49:00,2011-10-17 10:10:00,2,1149.64,771,54,356,574.82,4,2,3,423,Potential Loyalists
12476,2010-07-26 09:04:00,2011-11-24 12:40:00,23,14083.91,5631,16,486,612.34,5,5,5,555,Champions
12477,2010-03-26 14:01:00,2011-11-17 09:51:00,9,20276.37,6119,23,600,2252.93,4,5,5,455,Champions
12478,2011-12-06 09:56:00,2011-12-06 09:56:00,1,680.99,236,4,0,680.99,5,1,3,513,New Customers
12479,2011-11-28 13:26:00,2011-11-28 13:26:00,1,527.2,385,11,0,527.2,5,1,2,512,New Customers
12480,2010-07-20 13:21:00,2011-11-11 14:52:00,7,5464.85,2952,28,479,780.69,4,4,5,445,Champions
12481,2010-04-11 13:10:00,2011-11-17 08:29:00,15,12344.89,7243,23,584,822.99,4,5,5,455,Champions
12482,2010-02-24 10:24:00,2010-05-12 16:51:00,29,23691.4,27042,576,77,816.94,1,5,5,155,At Risk
12483,2010-01-31 13:28:00,2011-11-22 17:02:00,19,5097.18,2160,17,660,268.27,5,5,5,555,Champions
12484,2010-01-27 16:41:00,2011-11-07 11:37:00,12,6354.1,3266,33,648,529.51,4,5,5,455,Champions
12485,2010-06-28 15:22:00,2010-06-28 15:22:00,1,708.1,414,529,0,708.1,1,1,3,113,Lost Customers
12486,2010-10-04 12:14:00,2010-10-04 12:14:00,1,1037.28,523,432,0,1037.28,1,1,3,113,Lost Customers
12487,2009-12-09 11:36:00,2009-12-09 11:36:00,1,285.3,174,731,0,285.3,1,1,1,111,Lost Customers
12488,2011-09-25 10:34:00,2011-11-30 08:50:00,3,1298.66,529,10,65,432.89,5,3,4,534,Potential Loyalists
12489,2011-01-07 13:13:00,2011-01-07 13:13:00,1,334.93,105,336,0,334.93,2,1,2,212,Hibernating
12490,2009-12-01 12:52:00,2011-12-04 16:07:00,21,9823.64,5906,5,733,467.79,5,5,5,555,Champions
12491,2011-11-01 12:18:00,2011-11-01 12:18:00,1,460.4,260,39,0,460.4,4,1,2,412,Need Attention
12492,2010-11-01 14:58:00,2011-10-07 15:15:00,3,715.21,444,63,340,238.4,3,3,3,333,Need Attention
12493,2011-05-26 14:53:00,2011-06-27 10:17:00,2,433.74,207,166,31,216.87,3,2,2,322,Need Attention
12494,2010-05-12 13:52:00,2011-11-24 09:34:00,9,1872.87,988,16,560,208.1,5,5,4,554,Champions
12495,2010-03-09 10:53:00,2010-03-09 10:53:00,1,357.4,130,641,0,357.4,1,1,2,112,Lost Customers
12496,2010-03-29 13:57:00,2010-03-29 14:06:00,2,45.34,30,620,0,22.67,1,2,1,121,Lost Customers
12497,2010-03-05 09:39:00,2011-09-19 12:29:00,3,6248.5,5685,82,563,2082.83,3,3,5,335,Big Spenders
12498,2011-10-13 09:30:00,2011-11-18 12:53:00,3,403.7,159,21,36,134.57,4,3,2,432,Potential Loyalists
12499,2010-05-28 15:12:00,2010-05-28 15:12:00,1,393.72,302,560,0,393.72,1,1,2,112,Lost Customers
12500,2010-02-04 15:05:00,2011-11-16 16:20:00,19,5955.21,3377,23,650,313.43,4,5,5,455,Champions
12501,2011-01-07 12:28:00,2011-01-07 12:28:00,1,2169.39,1783,337,0,2169.39,2,1,4,214,Hibernating
12502,2011-02-03 10:41:00,2011-09-05 11:52:00,5,3723.87,820,96,214,744.77,3,4,5,345,Loyal Customers
12503,2010-05-04 13:59:00,2010-05-04 13:59:00,1,1126.0,561,584,0,1126.0,1,1,3,113,Lost Customers
12504,2010-04-22 10:24:00,2011-11-21 16:02:00,4,779.05,458,18,578,194.76,5,3,3,533,Potential Loyalists
12505,2010-10-27 09:18:00,2010-10-27 09:18:00,1,955.2,324,409,0,955.2,2,1,3,213,Hibernating
12506,2011-04-21 08:54:00,2011-04-21 08:54:00,1,73.5,23,233,0,73.5,2,1,1,211,Hibernating
12507,2010-05-04 09:23:00,2011-07-28 17:09:00,4,1844.06,1256,134,450,461.02,3,3,4,334,Big Spenders
12508,2011-11-10 16:27:00,2011-11-13 15:37:00,2,397.88,271,26,2,198.94,4,2,2,422,Potential Loyalists
12509,2011-02-28 14:45:00,2011-02-28 14:45:00,1,176.5,55,284,0,176.5,2,1,1,211,Hibernating
12510,2009-12-04 13:47:00,2011-07-20 10:15:00,9,5178.02,2049,143,592,575.34,3,5,5,355,Loyal Customers
12511,2010-10-07 10:39:00,2010-10-07 10:39:00,1,3084.02,1753,429,0,3084.02,1,1,5,115,Lost Customers
12512,2011-10-04 14:53:00,2011-10-04 14:55:00,2,132.18,96,66,0,66.09,3,2,1,321,Need Attention
12513,2011-08-19 10:51:00,2011-08-19 10:51:00,1,612.29,462,113,0,612.29,3,1,2,312,Need Attention
12514,2010-03-08 12:18:00,2011-03-17 16:38:00,2,1597.76,840,267,374,798.88,2,2,4,224,Hibernating
12515,2010-12-21 15:43:00,2010-12-21 15:43:00,1,383.7,131,353,0,383.7,2,1,2,212,Hibernating
12516,2010-04-19 14:14:00,2011-09-23 09:13:00,4,2648.62,1952,78,521,662.16,3,3,4,334,Big Spenders
12517,2011-06-02 15:13:00,2011-11-11 14:04:00,5,2481.6,1361,28,161,496.32,4,4,4,444,Champions
12518,2011-08-21 13:18:00,2011-12-09 10:13:00,5,2056.89,1318,1,109,411.38,5,4,4,544,Champions
12519,2010-08-20 08:21:00,2011-10-07 09:26:00,2,716.54,387,64,413,358.27,3,2,3,323,Need Attention
12520,2011-03-11 11:35:00,2011-09-21 15:23:00,5,2634.26,1439,79,194,526.85,3,4,4,344,Loyal Customers
12521,2011-07-20 10:51:00,2011-07-20 10:51:00,1,599.68,309,143,0,599.68,3,1,2,312,Need Attention
12522,2011-10-19 14:41:00,2011-10-31 15:30:00,2,192.72,194,39,12,96.36,4,2,1,421,Potential Loyalists
12523,2009-12-07 13:46:00,2011-11-20 12:55:00,23,4352.35,2263,19,712,189.23,5,5,5,555,Champions
12524,2010-02-08 14:41:00,2011-11-30 15:31:00,17,11126.11,7178,9,660,654.48,5,5,5,555,Champions
12525,2010-03-02 14:01:00,2010-07-29 16:08:00,3,973.73,509,498,149,324.58,1,3,3,133,Hibernating
12526,2011-09-06 14:19:00,2011-12-09 12:09:00,3,1316.66,632,1,93,438.89,5,3,4,534,Potential Loyalists
12527,2010-06-28 15:37:00,2011-09-19 11:55:00,5,735.51,526,82,447,147.1,3,4,3,343,Loyal Customers
12528,2011-01-31 09:05:00,2011-11-30 14:40:00,6,1933.48,756,9,303,322.25,5,4,4,544,Champions
12529,2010-06-29 13:10:00,2010-06-29 13:10:00,1,316.48,192,528,0,316.48,1,1,2,112,Lost Customers
12530,2010-03-07 14:37:00,2011-10-11 12:34:00,9,3759.26,2713,60,582,417.7,3,5,5,355,Loyal Customers
12531,2010-01-22 14:17:00,2011-11-25 11:12:00,2,1933.2,1119,15,671,966.6,5,2,4,524,Potential Loyalists
12532,2011-11-09 13:47:00,2011-11-09 13:47:00,1,349.83,153,30,0,349.83,4,1,2,412,Need Attention
12533,2009-12-01 11:50:00,2010-03-22 10:56:00,2,1367.89,704,628,110,683.94,1,2,4,124,Lost Customers
12534,2011-08-01 10:26:00,2011-08-01 10:26:00,1,1089.18,651,131,0,1089.18,3,1,3,313,Need Attention
12535,2011-06-06 12:47:00,2011-09-09 08:48:00,2,716.35,219,92,94,358.18,3,2,3,323,Need Attention
12536,2011-10-11 14:52:00,2011-10-27 14:20:00,3,12601.83,2803,43,15,4200.61,4,3,5,435,Potential Loyalists
12537,2010-10-27 08:36:00,2010-10-27 08:36:00,1,732.94,449,409,0,732.94,2,1,3,213,Hibernating
12538,2010-11-26 13:02:00,2011-11-10 17:16:00,2,640.45,336,29,349,320.23,4,2,3,423,Potential Loyalists
12539,2009-12-23 13:00:00,2011-11-17 13:30:00,7,11214.75,4535,22,694,1602.11,4,4,5,445,Champions
12540,2009-12-07 16:56:00,2011-11-20 11:31:00,33,22254.49,11019,20,712,674.38,4,5,5,455,Champions
12541,2011-03-04 09:32:00,2011-11-10 10:40:00,3,981.18,680,30,251,327.06,4,3,3,433,Potential Loyalists
12542,2010-03-09 16:26:00,2010-08-12 19:12:00,2,481.88,522,484,156,240.94,1,2,2,122,Lost Customers
12543,2010-09-17 15:51:00,2010-09-17 15:51:00,1,980.25,688,448,0,980.25,1,1,3,113,Lost Customers
12544,2011-11-03 16:15:00,2011-11-03 16:15:00,1,372.7,136,36,0,372.7,4,1,2,412,Need Attention
12545,2011-03-25 12:04:00,2011-09-25 13:39:00,2,1000.39,523,75,184,500.2,3,2,3,323,Need Attention
12546,2011-09-23 09:44:00,2011-10-24 12:09:00,2,1161.5,633,47,31,580.75,4,2,3,423,Potential Loyalists
12547,2010-07-27 13:55:00,2011-05-26 12:38:00,3,383.58,309,198,302,127.86,2,3,2,232,Hibernating
12548,2011-06-26 15:35:00,2011-06-26 15:35:00,1,95.2,49,166,0,95.2,3,1,1,311,Need Attention
12549,2010-01-11 12:29:00,2010-05-13 12:05:00,6,1575.68,1366,576,121,262.61,1,4,4,144,At Risk
12550,2011-09-21 14:35:00,2011-09-21 14:35:00,1,964.83,569,79,0,964.83,3,1,3,313,Need Attention
12551,2010-12-17 11:23:00,2010-12-17 11:23:00,1,168.0,100,358,0,168.0,2,1,1,211,Hibernating
12552,2011-10-31 12:11:00,2011-11-01 10:02:00,2,437.82,88,39,0,218.91,4,2,2,422,Potential Loyalists
12553,2010-10-12 13:35:00,2011-12-01 16:38:00,12,4608.75,2325,8,415,384.06,5,5,5,555,Champions
12554,2010-09-17 12:29:00,2010-09-17 12:29:00,1,468.5,240,449,0,468.5,1,1,2,112,Lost Customers
12555,2010-01-26 16:26:00,2010-01-26 16:26:00,1,129.23,1,682,0,129.23,1,1,1,111,Lost Customers
12556,2011-07-11 13:35:00,2011-10-20 13:06:00,2,599.56,355,50,100,299.78,4,2,2,422,Potential Loyalists
12557,2009-12-17 10:39:00,2011-11-23 16:59:00,8,18716.14,6782,16,706,2339.52,5,4,5,545,Champions
12558,2011-12-02 10:41:00,2011-12-02 10:41:00,1,269.96,196,8,0,269.96,5,1,1,511,New Customers
12559,2011-01-24 10:12:00,2011-02-02 09:49:00,2,561.71,283,311,8,280.86,2,2,2,222,Hibernating
12560,2011-07-19 15:55:00,2011-12-04 13:54:00,3,2134.01,1110,5,137,711.34,5,3,4,534,Potential Loyalists
12561,2011-02-10 11:39:00,2011-02-10 11:39:00,1,238.85,177,303,0,238.85,2,1,1,211,Hibernating
12562,2010-09-30 13:13:00,2011-12-01 17:20:00,9,4966.92,2327,8,427,551.88,5,5,5,555,Champions
12563,2010-10-27 09:52:00,2010-10-27 09:52:00,1,249.24,113,409,0,249.24,2,1,1,211,Hibernating
12564,2011-03-23 14:55:00,2011-03-23 14:55:00,1,456.9,133,261,0,456.9,2,1,2,212,Hibernating
12565,2011-02-24 10:34:00,2011-02-24 10:34:00,1,145.92,80,289,0,145.92,2,1,1,211,Hibernating
12566,2011-09-14 14:30:00,2011-09-14 14:30:00,1,351.65,265,86,0,351.65,3,1,2,312,Need Attention
12567,2010-02-11 10:30:00,2011-11-17 11:02:00,15,13709.86,6086,23,644,913.99,4,5,5,455,Champions
12568,2010-03-05 09:15:00,2010-03-05 09:15:00,1,70.0,48,645,0,70.0,1,1,1,111,Lost Customers
12569,2011-04-01 13:47:00,2011-12-07 16:24:00,32,4124.69,1801,2,250,128.9,5,5,5,555,Champions
12570,2010-01-26 17:28:00,2010-01-26 17:28:00,1,77.52,1,682,0,77.52,1,1,1,111,Lost Customers
12571,2011-08-10 12:35:00,2011-10-31 10:19:00,2,519.61,523,40,81,259.8,4,2,2,422,Potential Loyalists
12572,2011-10-19 08:20:00,2011-12-01 09:20:00,2,1020.42,452,9,43,510.21,5,2,3,523,Potential Loyalists
12573,2010-08-31 17:25:00,2011-04-26 15:52:00,5,717.41,479,227,237,143.48,2,4,3,243,At Risk
12574,2011-01-28 09:20:00,2011-01-28 09:20:00,1,218.45,61,316,0,218.45,2,1,1,211,Hibernating
12575,2010-07-01 09:15:00,2010-09-08 13:09:00,2,622.82,315,457,69,311.41,1,2,3,123,Lost Customers
12576,2010-07-01 13:46:00,2011-11-04 10:11:00,8,2142.72,1494,36,490,267.84,4,4,4,444,Champions
12577,2009-12-03 19:31:00,2011-11-04 13:24:00,8,1617.1,1191,35,700,202.14,4,4,4,444,Champions
12578,2010-09-22 11:19:00,2011-11-18 13:30:00,4,4642.45,2380,21,422,1160.61,4,3,5,435,Potential Loyalists
12579,2011-09-22 17:15:00,2011-09-22 17:15:00,1,440.42,285,78,0,440.42,3,1,2,312,Need Attention
12580,2010-05-12 11:45:00,2011-04-07 10:24:00,2,1052.9,569,247,329,526.45,2,2,3,223,Hibernating
12581,2011-10-31 08:56:00,2011-10-31 08:56:00,1,197.71,161,40,0,197.71,4,1,1,411,Need Attention
12582,2010-05-11 09:55:00,2011-04-15 08:45:00,4,1980.4,985,239,338,495.1,2,3,4,234,Hibernating
12583,2009-12-06 11:57:00,2011-12-07 08:07:00,27,14447.44,8984,3,730,535.09,5,5,5,555,Champions
12584,2011-03-04 15:15:00,2011-12-06 09:35:00,9,2338.15,416,4,276,259.79,5,5,4,554,Champions
12585,2010-12-23 12:58:00,2011-04-19 13:39:00,2,2040.1,1279,234,117,1020.05,2,2,4,224,Hibernating
12586,2009-12-16 13:15:00,2011-11-22 16:24:00,4,2062.67,687,17,706,515.67,5,3,4,534,Potential Loyalists
12587,2011-12-02 12:47:00,2011-12-02 12:47:00,1,144.0,51,8,0,144.0,5,1,1,511,New Customers
12588,2010-04-21 12:22:00,2011-10-31 15:01:00,4,958.78,438,39,558,239.7,4,3,3,433,Potential Loyalists
12589,2010-01-19 12:26:00,2011-11-11 10:19:00,8,4695.66,1764,29,660,586.96,4,4,5,445,Champions
12590,2011-05-12 14:46:00,2011-05-12 14:52:00,2,9864.26,4283,211,0,4932.13,2,2,5,225,Hibernating
12591,2010-10-27 10:42:00,2011-01-26 14:35:00,3,1338.95,653,317,91,446.32,2,3,4,234,Hibernating
12592,2010-07-08 14:06:00,2011-09-08 15:04:00,5,2582.66,1875,92,427,516.53,3,4,4,344,Loyal Customers
12593,2011-05-05 09:29:00,2011-08-23 12:43:00,3,418.1,206,109,110,139.37,3,3,2,332,Need Attention
12594,2010-03-03 13:51:00,2011-11-02 12:20:00,15,5090.11,2768,38,608,339.34,4,5,5,455,Champions
12595,2010-07-23 09:10:00,2010-07-23 09:10:00,1,299.02,271,505,0,299.02,1,1,2,112,Lost Customers
12596,2011-04-11 13:22:00,2011-10-19 13:02:00,2,618.27,474,51,190,309.14,4,2,3,423,Potential Loyalists
12597,2011-03-16 14:00:00,2011-11-20 13:33:00,4,3811.22,2236,19,248,952.8,5,3,5,535,Potential Loyalists
12598,2010-03-01 09:58:00,2011-11-30 12:18:00,11,4534.09,2906,10,639,412.19,5,5,5,555,Champions
12599,2010-05-11 10:42:00,2011-11-10 13:34:00,13,2296.72,2189,29,548,176.67,4,5,4,454,Champions
12600,2009-12-07 13:37:00,2011-11-11 10:29:00,21,5043.92,1414,29,703,240.19,4,5,5,455,Champions
12601,2010-10-31 10:57:00,2011-06-03 10:17:00,6,681.26,290,190,214,113.54,2,4,3,243,At Risk
12602,2011-10-12 11:22:00,2011-10-12 11:22:00,1,153.12,162,59,0,153.12,4,1,1,411,Need Attention
12603,2011-11-18 10:42:00,2011-11-18 10:42:00,1,739.2,63,22,0,739.2,4,1,3,413,Need Attention
12604,2011-03-23 12:06:00,2011-09-21 14:08:00,2,254.18,201,79,182,127.09,3,2,1,321,Need Attention
12605,2010-09-07 14:21:00,2010-11-28 14:18:00,4,1232.95,929,376,81,308.24,2,3,3,233,Hibernating
12606,2010-01-26 16:23:00,2010-01-26 16:23:00,1,21.0,1,682,0,21.0,1,1,1,111,Lost Customers
12607,2011-10-10 16:06:00,2011-10-10 16:06:00,1,1579.51,1228,60,0,1579.51,3,1,4,314,Need Attention
12608,2010-10-31 10:49:00,2010-10-31 10:49:00,1,415.79,323,405,0,415.79,2,1,2,212,Hibernating
12609,2009-12-20 13:30:00,2011-09-22 16:34:00,9,3435.86,1553,78,641,381.76,3,5,5,355,Loyal Customers
12610,2011-08-05 13:52:00,2011-11-17 09:34:00,5,2099.54,1049,23,103,419.91,4,4,4,444,Champions
12611,2011-10-18 13:12:00,2011-10-18 13:12:00,1,1193.32,846,52,0,1193.32,4,1,3,413,Need Attention
12612,2011-09-26 15:35:00,2011-09-26 15:35:00,1,704.04,262,74,0,704.04,3,1,3,313,Need Attention
12613,2009-12-14 13:10:00,2011-10-13 14:59:00,10,6817.37,4157,57,668,681.74,4,5,5,455,Champions
12614,2011-03-07 10:22:00,2011-03-07 10:22:00,1,315.6,76,278,0,315.6,2,1,2,212,Hibernating
12615,2010-03-18 14:09:00,2011-12-07 15:02:00,8,5740.98,3317,2,629,717.62,5,4,5,545,Champions
12616,2010-11-16 11:38:00,2011-09-05 15:17:00,3,1131.1,498,95,293,377.03,3,3,3,333,Need Attention
12617,2011-11-10 14:39:00,2011-11-10 14:39:00,1,352.98,210,29,0,352.98,4,1,2,412,Need Attention
12618,2011-11-18 11:10:00,2011-11-18 11:10:00,1,177.31,96,22,0,177.31,4,1,1,411,Need Attention
12619,2010-05-28 12:52:00,2011-11-23 14:52:00,10,3781.38,3518,16,544,378.14,5,5,5,555,Champions
12620,2011-05-19 12:10:00,2011-11-25 10:20:00,3,1339.41,1181,15,189,446.47,5,3,4,534,Potential Loyalists
12621,2010-02-09 12:01:00,2011-12-08 11:25:00,35,24775.81,13933,2,666,707.88,5,5,5,555,Champions
12622,2011-04-21 16:39:00,2011-04-21 16:39:00,1,180.1,69,232,0,180.1,2,1,1,211,Hibernating
12623,2010-01-12 11:45:00,2011-03-08 13:50:00,7,3747.84,1971,276,420,535.41,2,4,5,245,At Risk
12624,2011-06-15 12:34:00,2011-08-25 15:04:00,2,641.13,355,106,71,320.56,3,2,3,323,Need Attention
12625,2010-04-22 11:33:00,2011-05-12 09:54:00,4,5164.88,3309,212,384,1291.22,2,3,5,235,Hibernating
12626,2011-01-17 11:01:00,2011-11-16 16:06:00,9,6620.48,3453,23,303,735.61,4,5,5,455,Champions
12627,2011-07-22 13:59:00,2011-11-29 12:07:00,7,4478.53,2752,11,129,639.79,5,4,5,545,Champions
12628,2011-10-06 09:28:00,2011-12-05 13:15:00,3,786.46,448,4,60,262.15,5,3,3,533,Potential Loyalists
12629,2010-10-12 16:40:00,2010-11-19 09:18:00,2,1558.22,722,386,37,779.11,2,2,4,224,Hibernating
12630,2011-10-27 10:41:00,2011-11-30 10:48:00,2,1270.88,548,10,34,635.44,5,2,4,524,Potential Loyalists
12631,2010-01-15 14:50:00,2011-10-13 13:53:00,6,3481.57,1607,57,635,580.26,4,4,5,445,Champions
12632,2010-05-24 09:07:00,2010-07-07 09:39:00,2,804.88,694,521,44,402.44,1,2,3,123,Lost Customers
12633,2010-07-02 11:44:00,2011-10-12 11:40:00,7,5678.16,3238,59,466,811.17,4,4,5,445,Champions
12634,2010-06-09 15:41:00,2010-06-22 10:05:00,2,490.0,337,536,12,245.0,1,2,2,122,Lost Customers
12635,2010-09-09 10:50:00,2011-09-11 11:04:00,4,2930.41,1949,90,367,732.6,3,3,4,334,Big Spenders
12636,2009-12-01 09:55:00,2009-12-01 09:55:00,1,141.0,1,739,0,141.0,1,1,1,111,Lost Customers
12637,2010-06-14 13:36:00,2011-10-03 13:46:00,12,8283.81,4257,67,476,690.32,3,5,5,355,Loyal Customers
12638,2010-03-10 10:30:00,2011-11-06 13:11:00,2,921.49,663,33,606,460.74,4,2,3,423,Potential Loyalists
12639,2010-03-22 09:05:00,2011-04-15 12:48:00,3,1312.37,631,239,389,437.46,2,3,4,234,Hibernating
12640,2011-09-19 12:01:00,2011-11-16 11:52:00,3,1174.58,311,24,57,391.53,4,3,3,433,Potential Loyalists
12641,2011-08-16 13:26:00,2011-08-16 13:26:00,1,185.9,72,115,0,185.9,3,1,1,311,Need Attention
12642,2011-08-24 09:23:00,2011-11-14 15:03:00,3,1013.26,552,25,82,337.75,4,3,3,433,Potential Loyalists
12643,2010-04-07 14:16:00,2011-08-03 12:56:00,12,8304.82,4665,128,482,692.07,3,5,5,355,Loyal Customers
12644,2010-01-14 13:02:00,2011-08-02 10:33:00,4,1918.49,1032,130,564,479.62,3,3,4,334,Big Spenders
12645,2010-02-09 10:49:00,2011-11-06 12:38:00,8,3539.3,2125,34,635,442.41,4,4,5,445,Champions
12646,2011-10-21 12:52:00,2011-12-05 10:14:00,2,1346.97,897,5,44,673.48,5,2,4,524,Potential Loyalists
12647,2010-01-13 15:06:00,2011-11-17 12:56:00,36,17924.35,6878,22,672,497.9,4,5,5,455,Champions
12648,2010-01-07 18:38:00,2011-07-08 11:55:00,4,1112.0,518,155,546,278.0,3,3,3,333,Need Attention
12649,2010-01-12 17:24:00,2011-08-24 14:41:00,8,2294.65,1959,107,588,286.83,3,4,4,344,Loyal Customers
12650,2011-12-06 16:34:00,2011-12-06 16:34:00,1,314.44,254,3,0,314.44,5,1,2,512,New Customers
12651,2010-08-31 15:21:00,2011-01-09 12:46:00,4,377.75,265,335,130,94.44,2,3,2,232,Hibernating
12652,2010-10-01 15:16:00,2011-01-12 15:00:00,2,1017.03,536,331,102,508.52,2,2,3,223,Hibernating
12653,2010-07-01 09:56:00,2011-07-14 10:41:00,3,4160.83,1681,149,378,1386.94,3,3,5,335,Big Spenders
12654,2011-02-17 13:16:00,2011-11-29 10:10:00,5,601.98,264,11,284,120.4,5,4,2,542,Loyal Customers
12655,2010-10-12 09:17:00,2010-10-12 09:17:00,1,261.35,80,424,0,261.35,1,1,1,111,Lost Customers
12656,2010-05-26 09:00:00,2011-11-22 13:42:00,8,6407.83,2860,17,545,800.98,5,4,5,545,Champions
12657,2011-09-22 11:40:00,2011-11-28 15:47:00,4,1643.18,1044,11,67,410.8,5,3,4,534,Potential Loyalists
12658,2011-11-21 10:22:00,2011-11-21 10:22:00,1,686.05,320,19,0,686.05,5,1,3,513,New Customers
12659,2011-11-10 11:53:00,2011-11-10 11:53:00,1,91.68,105,30,0,91.68,4,1,1,411,Need Attention
12660,2011-11-28 13:26:00,2011-11-28 13:26:00,1,245.1,127,11,0,245.1,5,1,1,511,New Customers
12661,2010-09-29 16:46:00,2010-09-29 16:46:00,1,162.0,216,436,0,162.0,1,1,1,111,Lost Customers
12662,2010-04-01 09:50:00,2011-12-09 11:59:00,20,6988.02,3581,1,617,349.4,5,5,5,555,Champions
12663,2010-02-09 14:28:00,2010-03-25 09:40:00,2,239.4,181,625,43,119.7,1,2,1,121,Lost Customers
12664,2009-12-13 10:28:00,2011-12-01 17:07:00,11,6070.04,1495,8,718,551.82,5,5,5,555,Champions
12665,2010-02-08 15:11:00,2011-01-19 08:34:00,3,313.6,165,325,344,104.53,2,3,2,232,Hibernating
12666,2010-11-10 16:40:00,2010-11-10 16:40:00,1,1248.42,370,394,0,1248.42,2,1,4,214,Hibernating
12667,2011-10-12 17:00:00,2011-10-12 17:00:00,1,620.13,395,58,0,620.13,4,1,3,413,Need Attention
12668,2010-01-31 15:45:00,2011-11-28 10:56:00,10,11383.03,5049,12,665,1138.3,5,5,5,555,Champions
12669,2011-03-28 10:15:00,2011-07-12 09:54:00,3,2744.03,1115,151,105,914.68,3,3,4,334,Big Spenders
12670,2010-02-11 10:13:00,2011-11-29 15:23:00,7,3760.29,1627,10,656,537.18,5,4,5,545,Champions
12671,2010-04-12 16:30:00,2010-04-12 16:30:00,1,2622.48,1460,606,0,2622.48,1,1,4,114,Lost Customers
12672,2010-04-23 09:57:00,2011-01-14 09:20:00,2,437.05,138,330,265,218.52,2,2,2,222,Hibernating
12673,2010-11-03 10:46:00,2011-12-04 13:55:00,3,1230.02,700,5,396,410.01,5,3,3,533,Potential Loyalists
12674,2011-05-16 09:10:00,2011-11-01 12:12:00,4,1970.6,1133,39,169,492.65,4,3,4,434,Potential Loyalists
12675,2010-05-10 16:44:00,2010-06-04 09:49:00,2,957.25,336,554,24,478.62,1,2,3,123,Lost Customers
12676,2010-08-13 13:29:00,2011-11-15 12:25:00,11,2843.09,1867,25,458,258.46,4,5,4,454,Champions
12677,2010-02-11 13:55:00,2010-06-02 14:30:00,2,395.1,176,555,111,197.55,1,2,2,122,Lost Customers
12678,2010-01-07 16:46:00,2011-10-28 13:04:00,21,34281.18,22372,42,658,1632.44,4,5,5,455,Champions
12679,2011-03-01 12:26:00,2011-10-12 12:30:00,4,1113.02,554,59,225,278.26,4,3,3,433,Potential Loyalists
12680,2011-08-18 15:44:00,2011-12-09 12:50:00,4,880.81,444,1,112,220.2,5,3,3,533,Potential Loyalists
12681,2009-12-13 13:31:00,2011-11-25 11:33:00,45,30868.28,17596,15,711,685.96,5,5,5,555,Champions
12682,2009-12-01 09:28:00,2011-12-06 10:00:00,52,24025.51,10998,4,735,462.03,5,5,5,555,Champions
12683,2009-12-13 15:01:00,2011-12-05 16:31:00,21,12696.78,7683,4,722,604.61,5,5,5,555,Champions
12684,2011-05-10 12:55:00,2011-12-02 09:53:00,7,2283.63,1985,8,205,326.23,5,4,4,544,Champions
12685,2011-09-07 10:28:00,2011-11-11 13:46:00,6,2863.08,1523,28,65,477.18,4,4,4,444,Champions
12686,2010-12-03 09:51:00,2010-12-03 09:51:00,1,178.28,214,372,0,178.28,2,1,1,211,Hibernating
12687,2010-08-16 12:10:00,2010-08-16 12:12:00,2,2138.91,1403,481,0,1069.46,1,2,4,124,Lost Customers
12688,2011-08-18 08:49:00,2011-08-18 08:49:00,1,4873.81,3028,114,0,4873.81,3,1,5,315,Need Attention
12689,2011-08-04 10:04:00,2011-11-14 08:31:00,2,1247.61,628,26,101,623.8,4,2,4,424,Potential Loyalists
12690,2011-05-18 09:09:00,2011-05-18 09:09:00,1,389.01,106,206,0,389.01,2,1,2,212,Hibernating
12691,2010-10-15 12:00:00,2011-11-11 16:49:00,7,1170.4,445,28,392,167.2,4,4,3,443,Loyal Customers
12692,2010-03-12 14:02:00,2010-03-12 14:02:00,1,110.95,36,637,0,110.95,1,1,1,111,Lost Customers
12693,2010-07-05 13:56:00,2011-08-04 17:51:00,7,1703.02,536,127,395,243.29,3,4,4,344,Loyal Customers
12694,2010-10-14 19:39:00,2011-09-30 13:06:00,3,1843.35,1355,70,350,614.45,3,3,4,334,Big Spenders
12695,2010-02-12 13:22:00,2011-12-02 13:22:00,7,1407.12,454,7,658,201.02,5,4,4,544,Champions
12696,2010-07-19 10:02:00,2010-10-01 10:43:00,2,851.91,564,435,74,425.96,1,2,3,123,Lost Customers
12697,2011-06-23 15:44:00,2011-11-11 08:47:00,3,957.59,508,29,140,319.2,4,3,3,433,Potential Loyalists
12698,2010-04-28 15:51:00,2010-04-28 15:51:00,1,339.75,111,590,0,339.75,1,1,2,112,Lost Customers
12699,2010-10-18 12:07:00,2010-10-18 12:07:00,1,638.11,373,418,0,638.11,1,1,3,113,Lost Customers
12700,2011-05-08 16:10:00,2011-12-02 10:47:00,4,4939.99,2967,8,207,1235.0,5,3,5,535,Potential Loyalists
12701,2010-03-16 13:23:00,2011-09-21 10:47:00,6,2446.41,1727,80,553,407.73,3,4,4,344,Loyal Customers
12702,2011-11-20 10:36:00,2011-11-20 10:36:00,1,219.0,53,20,0,219.0,4,1,1,411,Need Attention
12703,2010-01-24 12:05:00,2011-09-29 17:52:00,4,1006.53,595,71,613,251.63,3,3,3,333,Need Attention
12704,2011-06-23 10:20:00,2011-12-02 13:15:00,8,2340.84,1006,7,162,292.6,5,4,4,544,Champions
12705,2010-06-24 09:51:00,2011-11-24 13:17:00,14,11762.1,7188,15,518,840.15,5,5,5,555,Champions
12707,2011-02-21 08:38:00,2011-02-21 08:38:00,1,603.42,256,292,0,603.42,2,1,2,212,Hibernating
12708,2009-12-18 10:25:00,2011-11-10 09:52:00,18,5314.1,2521,30,691,295.23,4,5,5,455,Champions
12709,2009-12-09 13:49:00,2011-11-24 15:38:00,34,30814.46,13911,15,715,906.31,5,5,5,555,Champions
12710,2011-05-22 14:05:00,2011-09-04 12:00:00,3,1149.02,851,97,104,383.01,3,3,3,333,Need Attention
12711,2010-02-01 11:30:00,2010-04-07 11:59:00,2,1339.05,770,612,65,669.52,1,2,4,124,Lost Customers
12712,2009-12-09 10:46:00,2011-11-11 08:19:00,21,7193.66,2349,29,701,342.56,4,5,5,455,Champions
12713,2011-12-09 12:16:00,2011-12-09 12:16:00,1,848.55,508,1,0,848.55,5,1,3,513,New Customers
12714,2009-12-04 10:00:00,2011-11-30 15:43:00,12,14093.71,8774,9,726,1174.48,5,5,5,555,Champions
12715,2011-08-25 15:22:00,2011-08-25 15:22:00,1,343.36,192,106,0,343.36,3,1,2,312,Need Attention
12716,2011-07-29 13:28:00,2011-12-06 08:55:00,2,1053.49,708,4,129,526.74,5,2,3,523,Potential Loyalists
12717,2010-04-28 14:34:00,2011-07-11 14:47:00,3,1308.91,600,151,439,436.3,3,3,4,334,Big Spenders
12718,2011-09-29 16:38:00,2011-09-29 16:38:00,1,238.25,203,71,0,238.25,3,1,1,311,Need Attention
12719,2011-10-05 14:50:00,2011-12-04 13:45:00,2,644.95,374,5,59,322.48,5,2,3,523,Potential Loyalists
12720,2010-07-21 09:46:00,2011-12-07 08:03:00,30,8260.67,6317,3,503,275.36,5,5,5,555,Champions
12721,2010-08-25 11:07:00,2011-11-08 12:13:00,8,4013.08,2655,32,440,501.64,4,4,5,445,Champions
12722,2011-07-12 11:55:00,2011-09-15 14:50:00,4,997.63,566,85,65,249.41,3,3,3,333,Need Attention
12723,2011-10-05 15:52:00,2011-12-06 10:19:00,5,725.07,434,4,61,145.01,5,4,3,543,Loyal Customers
12724,2010-06-22 14:00:00,2011-12-04 16:02:00,7,2317.52,1379,5,530,331.07,5,4,4,544,Champions
12725,2010-05-04 13:59:00,2010-12-03 15:45:00,4,2694.56,1306,371,213,673.64,2,3,4,234,Hibernating
12726,2010-03-25 16:25:00,2011-11-11 13:35:00,11,4014.6,4618,28,595,364.96,4,5,5,455,Champions
12727,2010-02-23 09:54:00,2011-11-29 11:46:00,10,5679.53,2832,11,644,567.95,5,5,5,555,Champions
12728,2010-11-21 11:34:00,2011-09-29 15:31:00,5,1070.17,543,71,312,214.03,3,4,3,343,Loyal Customers
12729,2011-08-18 11:40:00,2011-08-18 11:40:00,1,453.01,233,114,0,453.01,3,1,2,312,Need Attention
12730,2010-07-06 12:19:00,2010-07-06 12:19:00,1,829.25,234,522,0,829.25,1,1,3,113,Lost Customers
12731,2010-03-02 09:23:00,2011-11-16 11:59:00,17,25775.71,11641,24,624,1516.22,4,5,5,455,Champions
12732,2011-06-13 11:33:00,2011-06-13 11:33:00,1,236.26,111,180,0,236.26,3,1,1,311,Need Attention
12733,2010-01-19 13:23:00,2011-04-19 16:19:00,4,2424.87,896,234,455,606.22,2,3,4,234,Hibernating
12734,2010-11-12 13:26:00,2010-12-22 12:47:00,3,639.65,265,353,39,213.22,2,3,3,233,Hibernating
12735,2011-01-06 14:26:00,2011-01-28 13:37:00,2,779.57,368,315,21,389.78,2,2,3,223,Hibernating
12736,2011-01-11 07:57:00,2011-01-11 07:57:00,1,234.0,173,333,0,234.0,2,1,1,211,Hibernating
12737,2010-07-29 12:27:00,2010-07-29 12:29:00,2,3710.5,2,499,0,1855.25,1,2,5,125,Lost Customers
12738,2010-12-02 18:27:00,2010-12-02 18:27:00,1,310.7,296,372,0,310.7,2,1,2,212,Hibernating
12739,2010-11-10 14:27:00,2011-09-22 13:00:00,4,2726.73,951,78,315,681.68,3,3,4,334,Big Spenders
12740,2011-10-07 10:44:00,2011-10-07 10:44:00,1,427.6,342,64,0,427.6,3,1,2,312,Need Attention
12741,2010-06-24 16:24:00,2010-06-28 14:36:00,2,406.07,214,529,3,203.04,1,2,2,122,Lost Customers
12742,2010-03-24 12:43:00,2010-03-24 12:43:00,1,1201.52,1359,626,0,1201.52,1,1,3,113,Lost Customers
12743,2011-07-28 16:06:00,2011-07-28 16:21:00,2,540.13,315,134,0,270.06,3,2,2,322,Need Attention
12744,2010-04-27 16:19:00,2011-10-19 11:18:00,11,25317.06,6994,52,539,2301.55,4,5,5,455,Champions
12745,2010-01-26 16:22:00,2010-08-10 10:14:00,3,925.41,468,487,195,308.47,1,3,3,133,Hibernating
12746,2010-06-17 10:41:00,2010-06-17 10:41:00,1,254.55,97,541,0,254.55,1,1,1,111,Lost Customers
12747,2009-12-07 13:23:00,2011-12-07 14:34:00,26,9257.04,2748,2,730,356.04,5,5,5,555,Champions
12748,2009-12-04 17:31:00,2011-12-09 12:20:00,336,55511.09,38396,1,734,165.21,5,5,5,555,Champions
12749,2010-07-06 15:05:00,2011-12-06 09:56:00,9,6897.36,2360,4,517,766.37,5,5,5,555,Champions
12750,2011-08-03 09:13:00,2011-08-03 09:13:00,1,275.88,137,129,0,275.88,3,1,1,311,Need Attention
12751,2010-09-21 12:49:00,2010-09-21 12:49:00,1,268.27,189,445,0,268.27,1,1,1,111,Lost Customers
12752,2011-09-19 13:32:00,2011-09-19 13:32:00,1,4366.78,2262,81,0,4366.78,3,1,5,315,Need Attention
12753,2010-12-12 11:44:00,2011-11-17 10:52:00,6,21429.39,11421,23,339,3571.56,4,4,5,445,Champions
12754,2011-02-04 10:31:00,2011-04-18 09:00:00,3,3010.74,6481,236,72,1003.58,2,3,5,235,Hibernating
12755,2010-01-15 11:57:00,2011-03-04 12:42:00,11,9030.66,3781,281,413,820.97,2,5,5,255,At Risk
12756,2011-09-14 09:31:00,2011-09-14 09:31:00,1,112.08,144,87,0,112.08,3,1,1,311,Need Attention
12757,2011-05-12 19:01:00,2011-11-24 12:30:00,13,7834.65,2395,16,195,602.67,5,5,5,555,Champions
12758,2009-12-01 14:40:00,2011-08-15 10:22:00,7,9903.24,6155,117,621,1414.75,3,4,5,345,Loyal Customers
12759,2009-12-04 10:47:00,2011-10-18 14:49:00,8,5020.74,3202,52,683,627.59,4,4,5,445,Champions
12760,2010-09-10 08:50:00,2010-09-10 08:50:00,1,347.8,198,456,0,347.8,1,1,2,112,Lost Customers
12761,2010-09-01 10:47:00,2010-09-08 12:17:00,2,782.95,281,458,7,391.48,1,2,3,123,Lost Customers
12762,2011-11-14 14:23:00,2011-12-02 10:23:00,2,1898.52,1227,8,17,949.26,5,2,4,524,Potential Loyalists
12763,2010-12-05 15:46:00,2011-07-24 14:12:00,2,814.16,512,138,230,407.08,3,2,3,323,Need Attention
12764,2011-01-27 10:19:00,2011-01-27 10:19:00,1,1693.88,386,317,0,1693.88,2,1,4,214,Hibernating
12765,2010-03-08 09:43:00,2010-08-24 13:51:00,6,1404.58,1009,472,169,234.1,1,4,4,144,At Risk
12766,2010-10-28 09:29:00,2011-12-06 08:46:00,9,10068.28,5446,4,403,1118.7,5,5,5,555,Champions
12767,2010-11-29 09:38:00,2010-11-29 09:38:00,1,949.82,598,376,0,949.82,2,1,3,213,Hibernating
12768,2010-09-15 12:08:00,2010-09-15 12:08:00,1,168.69,102,451,0,168.69,1,1,1,111,Lost Customers
12769,2011-04-15 10:25:00,2011-04-15 10:25:00,1,1143.6,356,239,0,1143.6,2,1,3,213,Hibernating
12770,2010-09-09 11:43:00,2011-05-13 09:33:00,2,3246.45,1843,211,245,1623.22,2,2,5,225,Hibernating
12771,2010-08-11 11:51:00,2010-08-11 11:51:00,1,282.3,104,486,0,282.3,1,1,1,111,Lost Customers
12772,2011-10-11 09:19:00,2011-10-11 09:19:00,1,892.47,556,60,0,892.47,3,1,3,313,Need Attention
12773,2010-05-24 17:30:00,2010-05-24 17:30:00,1,124.25,109,564,0,124.25,1,1,1,111,Lost Customers
12774,2010-06-22 10:38:00,2010-06-22 10:38:00,1,98.7,53,536,0,98.7,1,1,1,111,Lost Customers
12775,2010-10-26 14:24:00,2011-11-22 16:33:00,7,1686.12,1083,17,392,240.87,5,4,4,544,Champions
12776,2010-02-10 12:11:00,2010-02-10 12:11:00,1,55.5,46,668,0,55.5,1,1,1,111,Lost Customers
12777,2010-09-08 11:35:00,2010-09-08 11:35:00,1,519.45,458,458,0,519.45,1,1,2,112,Lost Customers
12778,2010-04-16 09:57:00,2011-11-20 11:30:00,9,1775.68,1735,20,583,197.3,4,5,4,454,Champions
12779,2009-12-03 07:25:00,2011-11-02 11:43:00,14,6722.27,3641,38,699,480.16,4,5,5,455,Champions
12780,2010-04-20 09:40:00,2010-04-20 09:40:00,1,337.4,285,599,0,337.4,1,1,2,112,Lost Customers
12781,2011-02-28 08:43:00,2011-10-07 10:37:00,2,826.74,671,64,221,413.37,3,2,3,323,Need Attention
12782,2010-07-08 13:31:00,2011-12-05 09:16:00,11,4618.24,2017,5,514,419.84,5,5,5,555,Champions
12783,2011-09-25 15:35:00,2011-12-07 15:56:00,6,2225.91,624,2,73,370.98,5,4,4,544,Champions
12784,2010-06-28 13:06:00,2011-11-30 15:38:00,3,1763.15,862,9,520,587.72,5,3,4,534,Potential Loyalists
12785,2009-12-08 13:56:00,2010-12-10 13:48:00,3,1100.4,453,364,366,366.8,2,3,3,233,Hibernating
12786,2010-04-09 12:12:00,2010-04-09 12:12:00,1,728.5,324,610,0,728.5,1,1,3,113,Lost Customers
12787,2010-10-22 14:57:00,2011-11-30 08:44:00,4,862.18,510,10,403,215.54,5,3,3,533,Potential Loyalists
12788,2010-06-29 13:05:00,2010-09-02 14:21:00,4,444.9,194,463,65,111.22,1,3,2,132,Hibernating
12789,2010-01-15 12:06:00,2011-10-05 13:34:00,3,273.35,36,65,628,91.12,3,3,1,331,Need Attention
12790,2010-10-25 13:04:00,2011-05-31 14:14:00,2,591.85,306,192,218,295.92,2,2,2,222,Hibernating
12791,2010-03-25 17:29:00,2010-12-01 11:27:00,6,1056.11,450,374,250,176.02,2,4,3,243,At Risk
12792,2010-06-23 10:49:00,2011-03-28 11:36:00,2,827.01,394,257,278,413.5,2,2,3,223,Hibernating
12793,2010-11-03 13:05:00,2011-01-09 12:12:00,3,1017.33,526,335,66,339.11,2,3,3,233,Hibernating
12794,2011-09-02 12:01:00,2011-10-17 14:54:00,2,860.41,592,53,45,430.2,4,2,3,423,Potential Loyalists
12795,2011-11-21 10:27:00,2011-11-21 10:27:00,1,430.48,68,19,0,430.48,5,1,2,512,New Customers
12796,2010-03-21 15:49:00,2010-03-21 15:49:00,1,381.0,182,628,0,381.0,1,1,2,112,Lost Customers
12797,2010-10-11 12:53:00,2010-12-09 10:55:00,2,806.11,333,366,58,403.06,2,2,3,223,Hibernating
12798,2010-10-14 12:27:00,2011-11-29 15:52:00,4,8510.93,8455,10,411,2127.73,5,3,5,535,Potential Loyalists
12799,2010-06-28 15:57:00,2010-06-28 15:57:00,1,219.35,137,529,0,219.35,1,1,1,111,Lost Customers
12800,2010-02-01 11:02:00,2010-08-26 14:11:00,3,584.25,284,470,206,194.75,1,3,2,132,Hibernating
12801,2010-07-27 09:38:00,2010-07-27 09:38:00,1,1071.82,505,501,0,1071.82,1,1,3,113,Lost Customers
12802,2010-05-25 09:34:00,2011-06-06 09:36:00,7,2416.42,1972,187,377,345.2,3,4,4,344,Loyal Customers
12803,2010-11-11 14:57:00,2010-11-11 14:57:00,1,1092.81,872,393,0,1092.81,2,1,3,213,Hibernating
12804,2010-07-27 13:52:00,2010-08-31 11:58:00,2,325.37,270,466,34,162.68,1,2,2,122,Lost Customers
12805,2010-02-03 09:06:00,2010-11-23 12:27:00,4,1434.95,593,382,293,358.74,2,3,4,234,Hibernating
12806,2010-04-30 10:44:00,2010-09-30 13:34:00,4,2878.96,2087,435,153,719.74,1,3,4,134,Hibernating
12807,2010-11-21 14:21:00,2010-11-21 14:21:00,1,330.35,145,383,0,330.35,2,1,2,212,Hibernating
12808,2010-09-03 10:24:00,2011-11-03 10:05:00,5,906.1,375,37,425,181.22,4,4,3,443,Loyal Customers
12809,2010-03-02 14:19:00,2011-06-15 10:51:00,3,1755.94,518,178,469,585.31,3,3,4,334,Big Spenders
12810,2010-02-01 09:52:00,2010-06-23 10:53:00,2,534.99,389,535,142,267.5,1,2,2,122,Lost Customers
12811,2010-10-08 12:20:00,2011-03-24 09:42:00,5,1033.9,435,261,166,206.78,2,4,3,243,At Risk
12812,2011-10-26 09:54:00,2011-10-26 09:54:00,1,229.64,164,45,0,229.64,4,1,1,411,Need Attention
12813,2010-01-15 16:52:00,2010-07-26 09:50:00,3,1687.8,1141,502,191,562.6,1,3,4,134,Hibernating
12814,2011-08-30 12:11:00,2011-08-30 12:11:00,1,125.92,49,102,0,125.92,3,1,1,311,Need Attention
12815,2011-05-25 13:34:00,2011-07-15 10:21:00,2,1063.46,379,148,50,531.73,3,2,3,323,Need Attention
12816,2011-06-16 13:24:00,2011-09-05 12:41:00,2,572.2,128,96,80,286.1,3,2,2,322,Need Attention
12817,2010-10-01 08:57:00,2011-03-03 16:28:00,3,690.98,219,281,153,230.33,2,3,3,233,Hibernating
12818,2011-03-23 12:06:00,2011-03-23 12:06:00,1,1542.08,929,262,0,1542.08,2,1,4,214,Hibernating
12819,2010-09-07 15:20:00,2010-09-07 15:20:00,1,540.52,344,458,0,540.52,1,1,2,112,Lost Customers
12820,2009-12-05 13:37:00,2011-12-06 15:12:00,11,2689.52,1964,3,731,244.5,5,5,4,554,Champions
12821,2010-04-07 15:14:00,2011-05-09 15:51:00,2,220.8,162,214,397,110.4,2,2,1,221,Hibernating
12822,2011-09-13 13:46:00,2011-09-30 10:04:00,2,948.88,550,71,16,474.44,3,2,3,323,Need Attention
12823,2010-01-29 12:52:00,2011-09-26 07:35:00,18,6501.5,930,75,604,361.19,3,5,5,355,Loyal Customers
12824,2011-10-11 12:49:00,2011-10-11 12:49:00,1,397.12,232,60,0,397.12,3,1,2,312,Need Attention
12825,2010-03-08 10:17:00,2010-07-06 13:56:00,2,518.63,139,521,120,259.32,1,2,2,122,Lost Customers
12826,2009-12-18 10:43:00,2011-12-07 10:25:00,12,2955.75,1995,3,718,246.31,5,5,5,555,Champions
12827,2011-10-26 15:44:00,2011-12-04 12:17:00,3,430.15,197,6,38,143.38,5,3,2,532,Potential Loyalists
12828,2011-08-01 16:16:00,2011-12-07 08:45:00,6,1018.71,494,3,127,169.78,5,4,3,543,Loyal Customers
12829,2010-06-07 15:04:00,2011-01-07 11:13:00,3,385.3,550,337,213,128.43,2,3,2,232,Hibernating
12830,2011-06-21 10:53:00,2011-11-02 11:54:00,6,6814.64,9848,38,134,1135.77,4,4,5,445,Champions
12831,2010-09-02 15:58:00,2011-03-22 13:02:00,3,451.11,303,262,200,150.37,2,3,2,232,Hibernating
12832,2011-09-02 13:48:00,2011-11-07 13:30:00,2,383.03,195,32,65,191.52,4,2,2,422,Potential Loyalists
12833,2011-07-17 13:46:00,2011-07-17 13:46:00,1,417.38,156,145,0,417.38,3,1,2,312,Need Attention
12834,2011-03-02 09:49:00,2011-03-02 09:49:00,1,312.38,110,283,0,312.38,2,1,2,212,Hibernating
12835,2009-12-03 12:13:00,2010-10-08 10:59:00,41,5996.83,2349,428,308,146.26,1,5,5,155,At Risk
12836,2009-12-01 14:19:00,2011-10-11 15:10:00,15,6559.73,2231,59,679,437.32,4,5,5,455,Champions
12837,2010-05-19 15:10:00,2011-06-19 16:07:00,2,662.66,194,173,396,331.33,3,2,3,323,Need Attention
12838,2010-04-26 09:59:00,2011-11-06 12:20:00,10,3366.7,1834,34,559,336.67,4,5,5,455,Champions
12839,2009-12-07 09:18:00,2011-12-07 12:33:00,26,10071.73,6849,3,730,387.37,5,5,5,555,Champions
12840,2010-02-03 14:51:00,2011-07-19 09:29:00,7,4041.97,2258,144,530,577.42,3,4,5,345,Loyal Customers
12841,2010-07-08 15:38:00,2011-12-05 11:13:00,40,7464.19,5329,5,514,186.6,5,5,5,555,Champions
12842,2009-12-02 08:15:00,2011-09-30 15:33:00,4,1917.99,887,70,667,479.5,3,3,4,334,Big Spenders
12843,2009-12-13 11:41:00,2011-10-05 12:09:00,30,6583.36,3028,66,661,219.45,3,5,5,355,Loyal Customers
12844,2010-04-25 11:51:00,2011-11-10 13:31:00,4,648.6,223,29,564,162.15,4,3,3,433,Potential Loyalists
12845,2011-02-22 14:10:00,2011-03-17 13:34:00,4,354.09,204,267,22,88.52,2,3,2,232,Hibernating
12846,2010-01-26 16:29:00,2010-01-26 16:29:00,1,15.58,1,682,0,15.58,1,1,1,111,Lost Customers
12847,2010-11-17 12:44:00,2011-11-17 13:16:00,2,1609.0,1497,22,365,804.5,4,2,4,424,Potential Loyalists
12848,2010-02-02 12:45:00,2010-02-02 12:45:00,1,208.0,58,676,0,208.0,1,1,1,111,Lost Customers
12849,2010-04-27 13:44:00,2011-11-08 13:41:00,6,3042.47,1855,31,559,507.08,4,4,5,445,Champions
12850,2010-09-20 12:26:00,2010-09-20 12:26:00,1,330.0,200,446,0,330.0,1,1,2,112,Lost Customers
12851,2010-08-19 15:13:00,2011-09-04 12:41:00,2,280.76,157,97,380,140.38,3,2,1,321,Need Attention
12852,2011-02-18 08:47:00,2011-02-18 08:47:00,1,311.55,149,295,0,311.55,2,1,2,212,Hibernating
12853,2010-02-05 11:57:00,2011-07-28 11:29:00,11,3907.5,1668,135,537,355.23,3,5,5,355,Loyal Customers
12854,2009-12-11 12:55:00,2011-09-22 12:15:00,7,2970.97,1630,79,649,424.42,3,4,5,345,Loyal Customers
12855,2010-11-02 18:16:00,2010-12-02 09:37:00,4,650.94,270,373,29,162.74,2,3,3,233,Hibernating
12856,2011-10-07 12:38:00,2011-12-02 10:52:00,6,2170.78,1076,8,55,361.8,5,4,4,544,Champions
12857,2010-01-25 15:37:00,2011-05-13 10:20:00,6,3688.0,1420,211,472,614.67,2,4,5,245,At Risk
12858,2010-11-21 12:55:00,2010-11-21 12:55:00,1,147.27,51,383,0,147.27,2,1,1,211,Hibernating
12859,2010-09-07 12:20:00,2010-09-07 12:20:00,1,575.1,292,459,0,575.1,1,1,2,112,Lost Customers
12860,2010-01-15 15:22:00,2010-01-15 15:22:00,1,54.22,26,693,0,54.22,1,1,1,111,Lost Customers
12861,2010-03-30 11:39:00,2010-03-30 11:39:00,1,68.25,27,620,0,68.25,1,1,1,111,Lost Customers
12862,2010-08-01 15:20:00,2010-10-10 11:47:00,2,984.62,611,426,69,492.31,1,2,3,123,Lost Customers
12863,2010-04-29 13:54:00,2011-10-18 14:15:00,6,2792.55,895,52,537,465.42,4,4,4,444,Champions
12864,2010-07-19 17:22:00,2011-07-24 13:03:00,2,299.57,447,138,369,149.78,3,2,2,322,Need Attention
12865,2010-08-20 12:20:00,2011-11-13 14:31:00,4,3323.47,1973,26,450,830.87,4,3,5,435,Potential Loyalists
12866,2010-07-25 11:37:00,2011-03-01 14:11:00,3,1227.35,553,283,219,409.12,2,3,3,233,Hibernating
12867,2009-12-16 16:25:00,2011-11-13 15:30:00,13,7829.26,7876,26,696,602.25,4,5,5,455,Champions
12868,2010-11-12 10:05:00,2011-06-07 10:42:00,8,2247.06,1282,186,207,280.88,3,4,4,344,Loyal Customers
12869,2010-01-27 12:10:00,2010-01-27 12:10:00,1,337.67,144,682,0,337.67,1,1,2,112,Lost Customers
12870,2010-03-25 14:32:00,2010-11-29 13:42:00,3,1676.95,906,375,248,558.98,2,3,4,234,Hibernating
12871,2010-09-26 10:34:00,2011-09-16 15:07:00,3,744.02,484,84,355,248.01,3,3,3,333,Need Attention
12872,2009-12-03 20:03:00,2011-01-17 10:52:00,12,3662.49,1845,327,409,305.21,2,5,5,255,At Risk
12873,2010-01-27 09:50:00,2011-03-02 14:58:00,3,2027.3,786,282,399,675.77,2,3,4,234,Hibernating
12874,2010-06-03 12:51:00,2010-11-19 15:23:00,2,948.42,623,385,169,474.21,2,2,3,223,Hibernating
12875,2010-01-11 12:37:00,2011-07-19 15:30:00,5,1356.99,5187,143,554,271.4,3,4,4,344,Loyal Customers
12876,2010-04-28 13:26:00,2011-10-13 12:26:00,4,4081.79,3047,58,532,1020.45,4,3,5,435,Potential Loyalists
12877,2010-01-18 10:23:00,2011-12-06 10:30:00,20,2942.14,2237,4,687,147.11,5,5,4,554,Champions
12878,2011-03-18 14:02:00,2011-04-17 13:07:00,2,854.99,547,236,29,427.5,2,2,3,223,Hibernating
12879,2011-09-09 12:11:00,2011-10-26 12:24:00,3,573.22,370,45,47,191.07,4,3,2,432,Potential Loyalists
12880,2010-05-14 11:57:00,2010-11-23 10:50:00,2,640.13,279,382,192,320.06,2,2,3,223,Hibernating
12881,2011-03-09 11:44:00,2011-03-09 11:44:00,1,298.0,21,276,0,298.0,2,1,2,212,Hibernating
12882,2011-11-06 11:22:00,2011-11-30 16:18:00,2,1463.04,246,9,24,731.52,5,2,4,524,Potential Loyalists
12883,2011-09-11 15:18:00,2011-11-15 09:32:00,4,703.47,196,25,64,175.87,4,3,3,433,Potential Loyalists
12884,2011-09-12 13:10:00,2011-09-12 13:10:00,1,309.05,43,88,0,309.05,3,1,2,312,Need Attention
12885,2011-08-08 11:45:00,2011-10-07 13:40:00,3,1175.22,655,63,60,391.74,3,3,3,333,Need Attention
12886,2011-05-04 11:21:00,2011-10-03 10:09:00,2,1378.4,770,68,151,689.2,3,2,4,324,Big Spenders
12887,2010-11-21 11:18:00,2010-11-21 11:18:00,1,222.4,100,384,0,222.4,2,1,1,211,Hibernating
12888,2011-03-29 14:31:00,2011-05-09 16:02:00,2,354.12,76,214,41,177.06,2,2,2,222,Hibernating
12889,2010-07-25 14:32:00,2010-11-23 16:08:00,4,385.46,124,381,121,96.36,2,3,2,232,Hibernating
12890,2010-11-17 14:05:00,2011-11-15 17:26:00,2,706.02,457,24,363,353.01,4,2,3,423,Potential Loyalists
12891,2010-02-18 14:32:00,2011-06-07 12:31:00,11,840.5,2325,186,473,76.41,3,5,3,353,Loyal Customers
12892,2010-11-08 09:51:00,2010-11-08 09:51:00,1,263.38,140,397,0,263.38,2,1,1,211,Hibernating
12893,2011-11-09 12:34:00,2011-11-09 12:34:00,1,176.55,90,31,0,176.55,4,1,1,411,Need Attention
12894,2010-05-13 14:47:00,2010-05-13 14:47:00,1,157.35,33,575,0,157.35,1,1,1,111,Lost Customers
12895,2011-09-14 08:35:00,2011-10-28 13:51:00,2,372.8,210,42,44,186.4,4,2,2,422,Potential Loyalists
12897,2010-06-14 11:58:00,2011-05-19 12:13:00,4,514.25,249,205,339,128.56,2,3,2,232,Hibernating
12898,2010-02-18 12:36:00,2010-09-02 08:08:00,2,296.21,235,464,195,148.1,1,2,2,122,Lost Customers
12899,2010-10-22 09:53:00,2010-10-22 09:53:00,1,366.4,108,414,0,366.4,1,1,2,112,Lost Customers
12900,2010-10-13 15:17:00,2010-10-13 15:17:00,1,340.33,139,422,0,340.33,1,1,2,112,Lost Customers
12901,2011-03-14 10:41:00,2011-12-01 10:07:00,28,17654.54,23075,9,261,630.52,5,5,5,555,Champions
12902,2011-03-20 12:06:00,2011-03-20 12:06:00,1,138.68,66,265,0,138.68,2,1,1,211,Hibernating
12903,2010-10-07 12:39:00,2010-10-07 12:39:00,1,833.53,493,429,0,833.53,1,1,3,113,Lost Customers
12904,2011-06-20 13:18:00,2011-11-21 14:34:00,2,496.06,294,18,154,248.03,5,2,2,522,Potential Loyalists
12905,2010-01-26 14:06:00,2010-05-12 10:05:00,2,1018.42,532,577,105,509.21,1,2,3,123,Lost Customers
12906,2011-09-22 15:03:00,2011-11-28 09:55:00,5,2919.81,1749,12,66,583.96,5,4,4,544,Champions
12907,2010-08-02 14:33:00,2010-11-09 12:08:00,2,508.91,177,396,98,254.46,2,2,2,222,Hibernating
12908,2010-03-19 15:59:00,2011-06-16 15:39:00,5,1776.0,3000,176,453,355.2,3,4,4,344,Loyal Customers
12909,2010-02-24 12:14:00,2011-10-31 12:43:00,8,3103.19,1948,40,614,387.9,4,4,5,445,Champions
12910,2010-03-28 13:10:00,2011-11-16 14:28:00,13,5796.52,3632,23,598,445.89,4,5,5,455,Champions
12911,2010-06-06 12:13:00,2010-06-06 12:13:00,1,1651.72,807,552,0,1651.72,1,1,4,114,Lost Customers
12912,2011-10-30 11:35:00,2011-12-07 08:55:00,5,1662.3,670,3,37,332.46,5,4,4,544,Champions
12913,2009-12-01 12:18:00,2011-12-05 12:11:00,13,6700.86,3232,5,733,515.45,5,5,5,555,Champions
12914,2010-11-04 12:28:00,2010-11-04 12:28:00,1,223.98,336,401,0,223.98,2,1,1,211,Hibernating
12915,2010-04-29 19:36:00,2011-07-14 11:34:00,4,1174.75,452,149,440,293.69,3,3,3,333,Need Attention
12916,2010-01-24 11:26:00,2011-07-24 10:35:00,7,4479.73,1681,139,545,639.96,3,4,5,345,Loyal Customers
12917,2009-12-09 14:22:00,2011-08-03 16:42:00,6,4359.2,1104,128,602,726.53,3,4,5,345,Loyal Customers
12918,2010-03-23 15:22:00,2010-03-23 15:22:00,1,10953.5,1,626,0,10953.5,1,1,5,115,Lost Customers
12919,2011-06-23 09:22:00,2011-12-01 13:47:00,6,1335.19,673,8,161,222.53,5,4,4,544,Champions
12920,2009-12-14 15:58:00,2011-11-22 15:05:00,4,486.64,420,17,707,121.66,5,3,2,532,Potential Loyalists
12921,2009-12-01 13:43:00,2011-11-30 16:22:00,74,35921.04,21708,9,729,485.42,5,5,5,555,Champions
12922,2011-07-01 15:35:00,2011-07-01 15:35:00,1,405.38,370,161,0,405.38,3,1,2,312,Need Attention
12923,2010-05-13 14:55:00,2011-10-06 16:20:00,3,770.42,230,64,511,256.81,3,3,3,333,Need Attention
12924,2009-12-09 12:40:00,2011-09-12 13:55:00,12,2469.4,1423,88,642,205.78,3,5,4,354,Loyal Customers
12925,2010-04-26 10:32:00,2011-12-05 11:11:00,3,729.33,649,5,588,243.11,5,3,3,533,Potential Loyalists
12926,2009-12-14 14:35:00,2010-10-24 15:57:00,4,1523.97,754,411,314,380.99,1,3,4,134,Hibernating
12927,2010-11-10 10:02:00,2010-11-10 10:02:00,1,197.31,145,395,0,197.31,2,1,1,211,Hibernating
12928,2010-06-08 10:16:00,2011-11-04 14:24:00,12,4304.89,2899,35,514,358.74,4,5,5,455,Champions
12929,2011-02-01 12:08:00,2011-02-01 12:08:00,1,117.85,37,312,0,117.85,2,1,1,211,Hibernating
12930,2011-06-21 13:25:00,2011-09-22 15:18:00,2,415.8,252,78,93,207.9,3,2,2,322,Need Attention
12931,2009-12-01 11:46:00,2011-11-18 12:39:00,57,92347.34,62906,22,717,1620.13,4,5,5,455,Champions
12932,2010-02-10 08:46:00,2010-06-18 14:22:00,8,1698.56,1609,539,128,212.32,1,4,4,144,At Risk
12933,2009-12-10 16:39:00,2011-11-15 16:38:00,8,1636.63,949,24,704,204.58,4,4,4,444,Champions
12934,2009-12-03 10:51:00,2009-12-03 10:51:00,1,181.65,31,737,0,181.65,1,1,1,111,Lost Customers
12935,2010-04-11 15:59:00,2011-12-07 17:25:00,15,4243.86,3201,2,605,282.92,5,5,5,555,Champions
12936,2011-09-22 13:51:00,2011-11-22 17:32:00,4,1063.9,559,17,61,265.98,5,3,3,533,Potential Loyalists
12937,2009-12-03 15:43:00,2011-11-24 15:05:00,9,3097.61,1983,15,720,344.18,5,5,5,555,Champions
12938,2011-11-14 11:21:00,2011-11-14 11:21:00,1,114.14,140,26,0,114.14,4,1,1,411,Need Attention
12939,2010-01-12 11:27:00,2011-10-06 14:33:00,20,25264.8,10328,64,632,1263.24,3,5,5,355,Loyal Customers
12940,2011-09-13 10:16:00,2011-10-16 12:09:00,2,899.69,404,55,33,449.84,4,2,3,423,Potential Loyalists
12941,2009-12-15 13:12:00,2009-12-15 13:12:00,1,377.49,381,724,0,377.49,1,1,2,112,Lost Customers
12942,2010-12-09 09:34:00,2011-07-31 14:39:00,3,934.35,267,131,234,311.45,3,3,3,333,Need Attention
12943,2010-04-13 11:03:00,2010-05-30 13:52:00,2,496.5,222,558,47,248.25,1,2,2,122,Lost Customers
12944,2010-12-20 10:41:00,2011-11-04 11:04:00,2,604.51,289,36,319,302.26,4,2,2,422,Potential Loyalists
12945,2010-02-21 15:18:00,2011-02-24 14:15:00,2,900.11,446,288,367,450.06,2,2,3,223,Hibernating
12946,2010-09-29 10:14:00,2010-09-29 10:14:00,1,324.45,149,437,0,324.45,1,1,2,112,Lost Customers
12947,2010-12-01 16:21:00,2011-07-19 10:06:00,6,1908.03,1349,144,229,318.0,3,4,4,344,Loyal Customers
12948,2009-12-02 12:28:00,2011-11-23 17:10:00,9,2317.43,1304,16,721,257.49,5,5,4,554,Champions
12949,2009-12-03 15:56:00,2011-11-09 11:25:00,22,15526.7,8233,31,705,705.76,4,5,5,455,Champions
12950,2011-11-15 13:48:00,2011-12-07 13:17:00,3,1843.0,1380,2,21,614.33,5,3,4,534,Potential Loyalists
12951,2010-01-10 12:43:00,2011-12-01 12:14:00,15,3213.72,1662,9,689,214.25,5,5,5,555,Champions
12952,2011-09-22 16:37:00,2011-12-04 10:35:00,4,1387.79,653,6,72,346.95,5,3,4,534,Potential Loyalists
12953,2010-07-05 13:37:00,2011-11-30 09:24:00,2,828.81,364,10,512,414.4,5,2,3,523,Potential Loyalists
12954,2010-03-11 10:16:00,2010-03-11 10:16:00,1,162.45,83,639,0,162.45,1,1,1,111,Lost Customers
12955,2011-03-17 09:03:00,2011-12-08 16:29:00,11,4757.16,3664,1,266,432.47,5,5,5,555,Champions
12956,2009-12-15 19:03:00,2011-02-06 16:08:00,4,521.89,340,306,417,130.47,2,3,2,232,Hibernating
12957,2009-12-11 12:01:00,2011-11-30 09:53:00,13,8706.97,4686,10,718,669.77,5,5,5,555,Champions
12958,2010-05-05 16:22:00,2010-11-04 16:16:00,2,467.34,118,400,182,233.67,2,2,2,222,Hibernating
12959,2010-08-12 17:20:00,2010-08-12 17:20:00,1,150.95,109,484,0,150.95,1,1,1,111,Lost Customers
12960,2010-02-16 13:32:00,2010-10-22 09:31:00,4,1322.07,1379,414,247,330.52,1,3,4,134,Hibernating
12961,2010-11-25 16:44:00,2010-11-25 16:44:00,1,211.99,180,379,0,211.99,2,1,1,211,Hibernating
12962,2011-08-18 13:38:00,2011-12-02 15:55:00,2,266.39,129,7,106,133.2,5,2,1,521,Potential Loyalists
12963,2010-07-08 14:45:00,2011-12-01 12:55:00,12,3601.59,1809,8,510,300.13,5,5,5,555,Champions
12964,2010-09-28 17:47:00,2010-09-28 17:47:00,1,132.24,56,437,0,132.24,1,1,1,111,Lost Customers
12965,2011-09-11 15:31:00,2011-09-11 15:31:00,1,769.81,282,89,0,769.81,3,1,3,313,Need Attention
12966,2011-11-30 12:38:00,2011-11-30 12:38:00,1,160.18,75,10,0,160.18,5,1,1,511,New Customers
12967,2010-11-21 11:03:00,2010-12-16 19:10:00,3,4306.92,1272,358,25,1435.64,2,3,5,235,Hibernating
12968,2011-08-19 15:44:00,2011-08-19 15:44:00,1,135.95,73,112,0,135.95,3,1,1,311,Need Attention
12969,2010-04-16 10:50:00,2010-04-16 10:50:00,1,122.45,55,603,0,122.45,1,1,1,111,Lost Customers
12970,2009-12-04 14:19:00,2011-12-02 14:30:00,10,1453.6,954,7,728,145.36,5,5,4,554,Champions
12971,2009-12-15 19:04:00,2011-12-06 12:20:00,116,15972.79,14587,4,720,137.7,5,5,5,555,Champions
12972,2010-02-16 14:30:00,2010-10-22 08:41:00,4,1161.2,844,414,247,290.3,1,3,3,133,Hibernating
12973,2010-10-22 10:14:00,2010-10-22 10:14:00,1,385.55,31,414,0,385.55,1,1,2,112,Lost Customers
12974,2010-05-23 11:45:00,2011-05-26 09:33:00,2,408.95,104,198,367,204.48,2,2,2,222,Hibernating
12975,2009-12-06 10:38:00,2010-09-29 09:46:00,6,2100.09,911,437,296,350.02,1,4,4,144,At Risk
12976,2010-02-12 15:46:00,2011-05-12 09:55:00,8,3156.38,2684,212,453,394.55,2,4,5,245,At Risk
12977,2010-07-16 16:25:00,2011-07-06 16:40:00,4,513.88,128,156,355,128.47,3,3,2,332,Need Attention
12978,2009-12-10 12:10:00,2010-11-19 14:29:00,5,2502.82,1394,385,344,500.56,2,4,4,244,At Risk
12979,2009-12-10 15:45:00,2009-12-10 15:45:00,1,517.7,520,729,0,517.7,1,1,2,112,Lost Customers
12980,2009-12-02 11:26:00,2011-07-05 09:34:00,21,16245.78,1910,158,579,773.61,3,5,5,355,Loyal Customers
12981,2011-07-29 14:14:00,2011-11-10 12:00:00,2,372.22,242,30,103,186.11,4,2,2,422,Potential Loyalists
12982,2010-04-12 13:50:00,2011-04-11 11:51:00,8,2744.81,1729,243,363,343.1,2,4,4,244,At Risk
12983,2010-04-20 12:58:00,2010-04-20 12:58:00,1,490.08,638,598,0,490.08,1,1,2,112,Lost Customers
12984,2011-11-21 12:37:00,2011-11-21 12:37:00,1,97.5,26,19,0,97.5,5,1,1,511,New Customers
12985,2011-11-11 12:44:00,2011-12-09 10:46:00,2,1239.38,1533,1,27,619.69,5,2,4,524,Potential Loyalists
12986,2010-01-21 10:45:00,2010-10-07 11:57:00,10,2729.84,1164,429,259,272.98,1,5,4,154,At Risk
12987,2010-01-20 09:57:00,2011-09-27 12:03:00,5,1312.21,585,74,615,262.44,3,4,4,344,Loyal Customers
12988,2011-02-20 14:31:00,2011-02-20 14:31:00,1,505.82,126,292,0,505.82,2,1,2,212,Hibernating
12989,2009-12-10 13:27:00,2011-12-06 15:28:00,33,13551.75,6935,3,726,410.66,5,5,5,555,Champions
12990,2010-03-30 11:36:00,2011-11-08 13:01:00,7,955.5,480,31,588,136.5,4,4,3,443,Loyal Customers
12991,2010-11-15 13:43:00,2011-11-16 15:34:00,3,764.82,483,23,366,254.94,4,3,3,433,Potential Loyalists
12992,2009-12-14 16:46:00,2009-12-14 16:46:00,1,93.35,21,725,0,93.35,1,1,1,111,Lost Customers
12993,2010-02-18 10:35:00,2011-11-16 15:49:00,8,1259.63,751,23,636,157.45,4,4,4,444,Champions
12994,2011-03-16 08:31:00,2011-12-05 15:43:00,3,974.42,459,4,264,324.81,5,3,3,533,Potential Loyalists
12995,2011-09-15 15:44:00,2011-09-15 15:44:00,1,211.32,108,85,0,211.32,3,1,1,311,Need Attention
12996,2010-11-29 09:27:00,2010-11-29 09:27:00,1,355.5,122,376,0,355.5,2,1,2,212,Hibernating
12997,2010-04-06 11:06:00,2011-11-17 15:47:00,8,2110.91,1186,22,590,263.86,4,4,4,444,Champions
12998,2010-02-24 11:55:00,2010-08-04 08:05:00,3,920.08,1124,493,160,306.69,1,3,3,133,Hibernating
12999,2011-04-08 10:26:00,2011-05-27 13:24:00,3,455.88,342,196,49,151.96,2,3,2,232,Hibernating
13000,2009-12-14 17:03:00,2011-08-25 10:43:00,4,1032.5,548,107,618,258.12,3,3,3,333,Need Attention
13001,2009-12-03 16:21:00,2011-12-05 14:51:00,33,24042.65,13448,4,731,728.57,5,5,5,555,Champions
13002,2010-10-01 11:58:00,2011-01-25 15:18:00,3,414.13,201,318,116,138.04,2,3,2,232,Hibernating
13003,2011-05-09 08:23:00,2011-08-26 10:50:00,3,149.05,103,106,109,49.68,3,3,1,331,Need Attention
13004,2009-12-15 09:44:00,2011-11-28 11:27:00,36,11650.85,8768,12,713,323.63,5,5,5,555,Champions
13005,2010-09-08 12:52:00,2011-06-19 10:53:00,4,999.68,462,174,283,249.92,3,3,3,333,Need Attention
13006,2011-10-14 13:49:00,2011-10-14 13:49:00,1,81.57,55,56,0,81.57,4,1,1,411,Need Attention
13007,2010-05-09 10:38:00,2010-05-09 10:38:00,1,175.25,59,580,0,175.25,1,1,1,111,Lost Customers
13008,2009-12-16 16:07:00,2011-01-20 14:24:00,3,612.13,379,323,399,204.04,2,3,2,232,Hibernating
13009,2010-02-05 12:22:00,2010-02-05 12:22:00,1,234.0,120,673,0,234.0,1,1,1,111,Lost Customers
13010,2010-03-01 11:28:00,2010-11-30 15:09:00,2,330.12,323,374,274,165.06,2,2,2,222,Hibernating
13011,2010-12-02 17:22:00,2010-12-02 17:22:00,1,101.1,26,372,0,101.1,2,1,1,211,Hibernating
13012,2010-04-26 14:14:00,2011-11-30 13:05:00,11,2957.83,1559,9,582,268.89,5,5,5,555,Champions
13013,2009-12-14 10:34:00,2011-12-08 15:01:00,29,12625.77,6463,1,724,435.37,5,5,5,555,Champions
13014,2010-10-03 11:35:00,2011-11-29 12:27:00,11,5381.08,1979,11,422,489.19,5,5,5,555,Champions
13015,2010-04-15 16:35:00,2011-10-17 13:19:00,11,6579.78,3527,53,549,598.16,4,5,5,455,Champions
13016,2011-08-08 15:00:00,2011-09-27 14:08:00,3,789.89,527,73,49,263.3,3,3,3,333,Need Attention
13017,2011-12-02 15:53:00,2011-12-02 15:53:00,1,204.0,48,7,0,204.0,5,1,1,511,New Customers
13018,2010-03-01 12:34:00,2011-11-23 13:28:00,35,9763.16,6746,16,632,278.95,5,5,5,555,Champions
13019,2009-12-06 15:40:00,2010-11-25 14:56:00,6,1229.95,397,379,353,204.99,2,4,3,243,At Risk
13020,2010-02-18 10:35:00,2010-05-26 11:12:00,2,618.96,278,563,97,309.48,1,2,3,123,Lost Customers
13021,2009-12-05 12:02:00,2011-12-05 16:37:00,17,4887.24,2546,4,730,287.48,5,5,5,555,Champions
13022,2010-10-06 10:50:00,2010-10-06 10:50:00,1,65.3,35,430,0,65.3,1,1,1,111,Lost Customers
13023,2010-06-29 09:51:00,2011-10-06 16:27:00,3,1449.03,585,64,464,483.01,3,3,4,334,Big Spenders
13024,2010-05-06 14:25:00,2010-08-26 09:42:00,2,555.87,181,471,111,277.94,1,2,2,122,Lost Customers
13025,2009-12-08 10:02:00,2009-12-08 10:02:00,1,323.39,241,732,0,323.39,1,1,2,112,Lost Customers
13026,2009-12-13 11:34:00,2011-12-08 16:58:00,9,1733.08,2466,1,725,192.56,5,5,4,554,Champions
13027,2010-01-20 10:41:00,2011-08-18 09:39:00,19,17239.2,42840,114,574,907.33,3,5,5,355,Loyal Customers
13028,2011-10-25 14:09:00,2011-11-17 11:10:00,2,661.32,798,23,22,330.66,4,2,3,423,Potential Loyalists
13029,2010-07-04 13:46:00,2011-11-09 09:13:00,5,1927.3,194,31,492,385.46,4,4,4,444,Champions
13030,2010-12-06 14:31:00,2011-11-28 14:30:00,2,1154.8,522,11,356,577.4,5,2,3,523,Potential Loyalists
13031,2010-06-03 14:57:00,2010-10-28 15:34:00,5,3292.84,2309,407,147,658.57,2,4,5,245,At Risk
13032,2010-09-05 14:01:00,2011-10-18 15:54:00,9,2815.96,1274,52,408,312.88,4,5,4,454,Champions
13033,2010-10-06 09:37:00,2010-12-17 14:23:00,2,220.55,98,357,72,110.28,2,2,1,221,Hibernating
13034,2010-11-03 15:22:00,2011-10-16 12:21:00,3,922.68,522,55,346,307.56,4,3,3,433,Potential Loyalists
13035,2010-10-04 15:41:00,2011-09-27 08:57:00,3,1364.2,926,74,357,454.73,3,3,4,334,Big Spenders
13036,2010-01-24 11:35:00,2010-01-24 11:35:00,1,307.1,38,685,0,307.1,1,1,2,112,Lost Customers
13037,2009-12-03 17:04:00,2011-07-24 15:46:00,12,3914.95,2130,138,597,326.25,3,5,5,355,Loyal Customers
13038,2011-02-22 11:43:00,2011-09-20 14:37:00,3,908.46,360,80,210,302.82,3,3,3,333,Need Attention
13039,2009-12-17 16:43:00,2010-05-04 16:45:00,4,1010.73,290,584,138,252.68,1,3,3,133,Hibernating
13040,2011-11-06 13:53:00,2011-12-01 10:38:00,2,676.99,355,9,24,338.5,5,2,3,523,Potential Loyalists
13041,2010-04-29 08:43:00,2010-09-15 11:44:00,4,799.13,335,451,139,199.78,1,3,3,133,Hibernating
13042,2009-12-07 15:42:00,2010-04-20 13:43:00,3,1488.59,812,598,133,496.2,1,3,4,134,Hibernating
13043,2011-03-11 14:52:00,2011-03-11 14:52:00,1,516.42,254,273,0,516.42,2,1,2,212,Hibernating
13044,2010-01-08 14:46:00,2011-02-21 15:20:00,11,4848.05,2548,291,409,440.73,2,5,5,255,At Risk
13045,2010-08-10 13:02:00,2011-09-01 15:04:00,3,808.92,405,99,387,269.64,3,3,3,333,Need Attention
13046,2010-09-09 13:09:00,2011-11-09 08:36:00,3,949.25,505,31,425,316.42,4,3,3,433,Potential Loyalists
13047,2009-12-16 11:43:00,2011-11-08 12:06:00,24,8795.16,3429,32,692,366.46,4,5,5,455,Champions
13048,2010-01-27 12:55:00,2011-11-25 13:23:00,9,4049.13,2661,14,667,449.9,5,5,5,555,Champions
13049,2010-11-03 15:39:00,2011-10-06 15:31:00,4,1408.24,620,64,336,352.06,3,3,4,334,Big Spenders
13050,2009-12-15 15:06:00,2011-11-25 09:18:00,35,12314.53,7197,15,709,351.84,5,5,5,555,Champions
13051,2010-03-30 11:11:00,2010-05-10 09:14:00,2,155.8,72,579,40,77.9,1,2,1,121,Lost Customers
13052,2010-02-23 12:31:00,2011-05-11 14:12:00,7,3119.33,1424,212,442,445.62,2,4,5,245,At Risk
13053,2010-03-28 11:28:00,2010-03-28 11:28:00,1,127.65,47,622,0,127.65,1,1,1,111,Lost Customers
13055,2010-10-06 08:17:00,2011-09-22 14:26:00,4,2321.11,1821,78,351,580.28,3,3,4,334,Big Spenders
13056,2010-06-06 14:10:00,2010-06-06 14:10:00,1,209.48,158,551,0,209.48,1,1,1,111,Lost Customers
13057,2010-03-18 12:14:00,2010-06-27 15:44:00,3,709.59,456,530,101,236.53,1,3,3,133,Hibernating
13058,2011-07-11 12:01:00,2011-11-15 12:43:00,3,271.4,52,25,127,90.47,4,3,1,431,Potential Loyalists
13059,2010-03-31 12:23:00,2011-04-04 10:40:00,10,2291.77,860,250,368,229.18,2,5,4,254,At Risk
13060,2011-03-31 11:37:00,2011-03-31 11:37:00,1,307.53,123,254,0,307.53,2,1,2,212,Hibernating
13061,2011-09-28 16:04:00,2011-09-28 16:04:00,1,248.61,107,72,0,248.61,3,1,1,311,Need Attention
13062,2011-06-01 15:12:00,2011-06-01 15:12:00,1,346.98,343,191,0,346.98,2,1,2,212,Hibernating
13063,2010-08-16 12:27:00,2010-08-16 12:27:00,1,188.4,116,481,0,188.4,1,1,1,111,Lost Customers
13064,2010-04-27 10:08:00,2011-11-27 12:31:00,6,1666.84,668,13,579,277.81,5,4,4,544,Champions
13065,2010-06-10 11:44:00,2010-12-01 16:52:00,5,1260.91,455,373,174,252.18,2,4,4,244,At Risk
13066,2011-11-07 17:06:00,2011-11-15 12:57:00,2,470.8,322,24,7,235.4,4,2,2,422,Potential Loyalists
13067,2010-09-19 13:43:00,2011-09-18 13:38:00,3,508.51,131,82,363,169.5,3,3,2,332,Need Attention
13068,2011-01-24 08:20:00,2011-11-29 15:00:00,2,344.0,200,10,309,172.0,5,2,2,522,Potential Loyalists
13069,2010-06-14 14:27:00,2011-12-09 08:39:00,38,9616.95,15354,1,542,253.08,5,5,5,555,Champions
13070,2009-12-07 14:44:00,2011-05-31 13:45:00,4,751.7,372,192,539,187.92,2,3,3,233,Hibernating
13071,2010-04-06 13:37:00,2010-04-06 13:37:00,1,129.22,30,612,0,129.22,1,1,1,111,Lost Customers
13072,2011-03-18 08:12:00,2011-03-18 08:12:00,1,177.15,69,267,0,177.15,2,1,1,211,Hibernating
13073,2010-09-28 09:27:00,2010-10-24 14:06:00,2,418.08,261,411,26,209.04,1,2,2,122,Lost Customers
13074,2009-12-16 11:46:00,2010-07-16 16:53:00,4,1378.74,826,511,212,344.68,1,3,4,134,Hibernating
13075,2011-08-02 10:19:00,2011-08-02 10:19:00,1,919.61,485,130,0,919.61,3,1,3,313,Need Attention
13076,2010-09-08 10:27:00,2010-09-08 10:27:00,1,135.4,44,458,0,135.4,1,1,1,111,Lost Customers
13077,2009-12-11 11:17:00,2011-12-08 19:24:00,11,3054.37,2771,1,727,277.67,5,5,5,555,Champions
13078,2009-12-01 09:06:00,2011-12-06 15:36:00,57,29532.45,12183,3,735,518.11,5,5,5,555,Champions
13079,2010-10-18 14:15:00,2011-12-05 16:53:00,6,419.18,158,4,413,69.86,5,4,2,542,Loyal Customers
13080,2010-04-09 13:07:00,2011-06-13 14:59:00,4,280.73,193,179,430,70.18,3,3,1,331,Need Attention
13081,2009-12-08 13:58:00,2011-11-28 10:54:00,28,59205.15,41423,12,719,2114.47,5,5,5,555,Champions
13082,2009-12-22 15:37:00,2011-08-05 16:16:00,21,7335.75,8466,126,591,349.32,3,5,5,355,Loyal Customers
13083,2010-10-10 13:38:00,2011-12-05 15:01:00,3,395.43,307,4,421,131.81,5,3,2,532,Potential Loyalists
13084,2010-08-05 08:49:00,2010-08-05 08:49:00,1,122.4,144,492,0,122.4,1,1,1,111,Lost Customers
13085,2009-12-01 07:45:00,2011-07-05 12:11:00,8,2433.28,944,158,581,304.16,3,4,4,344,Loyal Customers
13086,2010-11-22 10:28:00,2010-11-22 10:28:00,1,439.33,155,383,0,439.33,2,1,2,212,Hibernating
13087,2009-12-13 15:16:00,2009-12-13 15:16:00,1,313.64,86,726,0,313.64,1,1,2,112,Lost Customers
13088,2010-10-18 15:35:00,2010-10-18 15:35:00,1,236.11,76,417,0,236.11,1,1,1,111,Lost Customers
13089,2009-12-02 15:44:00,2011-12-07 09:02:00,203,116647.53,60150,3,734,574.62,5,5,5,555,Champions
13090,2010-08-02 13:58:00,2011-12-01 12:39:00,24,14100.14,3444,9,485,587.51,5,5,5,555,Champions
13091,2009-12-10 11:50:00,2011-11-11 15:54:00,3,2321.82,1339,28,701,773.94,4,3,4,434,Potential Loyalists
13092,2010-02-10 08:44:00,2011-09-30 11:18:00,12,2140.28,664,71,597,178.36,3,5,4,354,Loyal Customers
13093,2009-12-04 10:32:00,2011-03-09 12:14:00,55,54943.65,26227,276,460,998.98,2,5,5,255,At Risk
13094,2010-11-15 14:15:00,2011-11-18 14:07:00,13,2433.12,2088,21,367,187.16,4,5,4,454,Champions
13095,2011-09-30 12:03:00,2011-09-30 12:03:00,1,74.4,144,71,0,74.4,3,1,1,311,Need Attention
13096,2010-11-10 14:08:00,2010-11-10 14:08:00,1,419.7,6,394,0,419.7,2,1,2,212,Hibernating
13097,2009-12-01 13:31:00,2011-11-07 10:43:00,28,13324.1,5345,33,705,475.86,4,5,5,455,Champions
13098,2011-01-26 13:46:00,2011-12-08 14:14:00,28,28882.44,15968,1,316,1031.52,5,5,5,555,Champions
13099,2011-09-01 17:40:00,2011-09-01 17:40:00,1,207.36,288,99,0,207.36,3,1,1,311,Need Attention
13101,2010-01-27 15:49:00,2011-04-19 14:37:00,4,695.4,478,234,446,173.85,2,3,3,233,Hibernating
13102,2010-05-06 13:12:00,2011-12-08 12:52:00,37,11696.92,6576,1,580,316.13,5,5,5,555,Champions
13103,2010-05-11 14:41:00,2011-10-31 09:38:00,3,709.64,426,40,537,236.55,4,3,3,433,Potential Loyalists
13104,2010-02-24 15:06:00,2011-12-06 13:10:00,9,1709.1,834,3,649,189.9,5,5,4,554,Champions
13105,2010-09-29 13:41:00,2010-09-29 13:41:00,1,72.0,100,436,0,72.0,1,1,1,111,Lost Customers
13106,2010-10-22 13:10:00,2011-07-29 15:12:00,2,603.46,231,133,280,301.73,3,2,2,322,Need Attention
13107,2010-02-04 10:50:00,2011-10-26 14:52:00,9,5253.07,4316,44,629,583.67,4,5,5,455,Champions
13108,2010-09-30 17:09:00,2010-12-02 10:35:00,2,1098.52,1043,373,62,549.26,2,2,3,223,Hibernating
13109,2010-06-06 12:59:00,2011-10-11 10:16:00,3,1134.03,757,60,491,378.01,3,3,3,333,Need Attention
13110,2009-12-01 14:14:00,2011-11-08 14:30:00,12,2957.47,763,31,707,246.46,4,5,5,455,Champions
13111,2009-12-21 09:00:00,2009-12-21 09:00:00,1,321.88,180,719,0,321.88,1,1,2,112,Lost Customers
13112,2010-06-16 17:03:00,2010-06-16 17:03:00,1,20.6,11,541,0,20.6,1,1,1,111,Lost Customers
13113,2010-03-28 16:13:00,2011-12-09 12:49:00,37,18603.04,4540,1,620,502.78,5,5,5,555,Champions
13114,2009-12-09 09:56:00,2009-12-09 09:56:00,1,234.38,74,731,0,234.38,1,1,1,111,Lost Customers
13115,2010-04-19 13:29:00,2011-11-28 12:38:00,10,5494.7,3934,12,587,549.47,5,5,5,555,Champions
13116,2011-07-24 14:33:00,2011-07-24 14:33:00,1,501.14,291,138,0,501.14,3,1,2,312,Need Attention
13117,2010-03-26 13:50:00,2011-11-18 12:02:00,18,2643.81,2067,22,601,146.88,4,5,4,454,Champions
13118,2010-09-26 15:46:00,2011-11-20 12:46:00,9,2415.41,834,20,419,268.38,4,5,4,454,Champions
13119,2010-02-09 08:38:00,2010-02-09 08:38:00,1,134.9,110,669,0,134.9,1,1,1,111,Lost Customers
13120,2011-04-15 10:19:00,2011-04-15 10:19:00,1,30.6,12,239,0,30.6,2,1,1,211,Hibernating
13121,2011-03-15 16:47:00,2011-03-15 16:47:00,1,283.73,252,269,0,283.73,2,1,1,211,Hibernating
13122,2011-04-13 14:12:00,2011-09-06 15:53:00,2,922.39,585,94,146,461.2,3,2,3,323,Need Attention
13123,2010-06-28 12:43:00,2010-08-24 10:18:00,2,506.75,268,473,56,253.38,1,2,2,122,Lost Customers
13124,2010-11-19 15:50:00,2011-09-11 12:45:00,4,4641.66,2738,90,295,1160.42,3,3,5,335,Big Spenders
13125,2010-07-04 11:58:00,2010-07-04 11:58:00,1,148.62,53,524,0,148.62,1,1,1,111,Lost Customers
13126,2010-03-02 12:24:00,2011-12-05 10:00:00,13,3998.25,3409,5,642,307.56,5,5,5,555,Champions
13127,2011-09-23 10:26:00,2011-09-23 10:26:00,1,259.17,127,78,0,259.17,3,1,1,311,Need Attention
13128,2010-03-18 15:08:00,2010-03-18 15:08:00,1,263.5,31,631,0,263.5,1,1,1,111,Lost Customers
13129,2010-06-28 11:54:00,2010-09-13 13:47:00,2,233.25,296,452,77,116.62,1,2,1,121,Lost Customers
13130,2011-09-06 15:30:00,2011-09-06 15:30:00,1,64.0,32,94,0,64.0,3,1,1,311,Need Attention
13131,2010-02-09 09:47:00,2011-11-16 13:21:00,7,3313.77,1523,23,645,473.4,4,4,5,445,Champions
13132,2011-03-23 12:44:00,2011-03-23 12:44:00,1,77.3,20,262,0,77.3,2,1,1,211,Hibernating
13133,2010-09-06 15:30:00,2011-03-11 10:31:00,3,200.45,55,274,185,66.82,2,3,1,231,Hibernating
13134,2010-10-19 13:21:00,2011-09-15 10:35:00,6,2475.23,1364,86,330,412.54,3,4,4,344,Loyal Customers
13135,2010-08-05 17:28:00,2011-05-27 10:52:00,2,3371.45,4423,197,294,1685.72,2,2,5,225,Hibernating
13136,2009-12-08 18:30:00,2011-10-14 13:41:00,13,6274.56,3109,56,674,482.66,4,5,5,455,Champions
13137,2010-07-25 15:40:00,2011-11-29 12:09:00,16,7586.94,4238,11,491,474.18,5,5,5,555,Champions
13138,2010-11-08 11:45:00,2011-11-17 16:51:00,7,1467.24,718,22,374,209.61,4,4,4,444,Champions
13139,2010-09-28 09:12:00,2011-11-23 13:54:00,8,8202.98,4614,16,421,1025.37,5,4,5,545,Champions
13140,2010-08-05 19:05:00,2011-08-23 15:33:00,5,1213.18,646,108,382,242.64,3,4,3,343,Loyal Customers
13141,2009-12-09 13:34:00,2011-09-16 09:54:00,17,7656.08,5159,85,645,450.36,3,5,5,355,Loyal Customers
13142,2011-11-20 16:07:00,2011-11-20 16:07:00,1,307.09,258,19,0,307.09,5,1,2,512,New Customers
13143,2010-05-04 12:22:00,2010-05-04 12:22:00,1,405.1,198,585,0,405.1,1,1,2,112,Lost Customers
13144,2010-10-04 14:14:00,2011-01-11 11:15:00,2,135.35,29,333,98,67.68,2,2,1,221,Hibernating
13145,2010-04-19 11:11:00,2011-10-31 12:45:00,7,1423.52,266,40,560,203.36,4,4,4,444,Champions
13146,2011-11-13 15:29:00,2011-11-13 15:29:00,1,228.91,154,26,0,228.91,4,1,1,411,Need Attention
13147,2011-09-01 12:28:00,2011-11-29 13:59:00,4,712.8,144,10,89,178.2,5,3,3,533,Potential Loyalists
13148,2009-12-07 15:26:00,2011-11-10 15:23:00,26,8497.82,4487,29,702,326.84,4,5,5,455,Champions
13149,2011-02-23 13:57:00,2011-11-25 13:09:00,4,1676.06,1280,14,274,419.02,5,3,4,534,Potential Loyalists
13150,2010-03-19 09:03:00,2010-08-12 12:59:00,3,449.97,171,484,146,149.99,1,3,2,132,Hibernating
13151,2010-03-22 10:26:00,2011-02-17 12:29:00,3,2465.21,813,296,332,821.74,2,3,4,234,Hibernating
13152,2010-01-14 10:01:00,2010-10-18 13:44:00,7,2146.38,977,417,277,306.63,1,4,4,144,At Risk
13153,2011-12-04 12:14:00,2011-12-04 12:14:00,1,486.22,418,6,0,486.22,5,1,2,512,New Customers
13154,2009-12-04 08:46:00,2010-11-05 16:00:00,3,1624.84,976,399,336,541.61,2,3,4,234,Hibernating
13155,2010-08-05 09:30:00,2011-11-06 15:41:00,6,1750.18,909,33,458,291.7,4,4,4,444,Champions
13156,2010-02-01 13:45:00,2010-11-19 13:09:00,3,1586.54,914,385,290,528.85,2,3,4,234,Hibernating
13157,2010-03-08 11:59:00,2011-10-21 13:50:00,9,5687.36,4762,49,592,631.93,4,5,5,455,Champions
13158,2010-11-16 17:12:00,2011-09-06 11:58:00,5,1508.18,992,95,293,301.64,3,4,4,344,Loyal Customers
13159,2011-08-16 11:44:00,2011-12-01 11:20:00,4,1429.35,1058,9,106,357.34,5,3,4,534,Potential Loyalists
13160,2011-11-17 13:07:00,2011-11-17 13:07:00,1,91.8,56,22,0,91.8,4,1,1,411,Need Attention
13161,2010-07-27 12:44:00,2011-01-30 14:03:00,2,472.13,105,313,187,236.06,2,2,2,222,Hibernating
13162,2009-12-04 13:59:00,2011-08-09 15:59:00,16,9275.49,5755,122,613,579.72,3,5,5,355,Loyal Customers
13163,2010-04-08 16:21:00,2010-04-08 16:21:00,1,17.65,3,610,0,17.65,1,1,1,111,Lost Customers
13164,2010-02-10 11:52:00,2010-05-19 13:52:00,2,372.2,120,569,98,186.1,1,2,2,122,Lost Customers
13165,2010-10-22 17:04:00,2011-10-24 15:05:00,3,1451.16,1736,46,366,483.72,4,3,4,434,Potential Loyalists
13166,2010-10-21 14:29:00,2011-03-01 15:16:00,2,875.93,522,283,131,437.96,2,2,3,223,Hibernating
13167,2010-11-14 12:58:00,2011-11-21 12:24:00,5,1125.15,1007,19,371,225.03,5,4,3,543,Loyal Customers
13168,2010-06-15 15:00:00,2011-11-03 12:56:00,5,1840.73,898,36,505,368.15,4,4,4,444,Champions
13169,2010-05-26 15:58:00,2011-10-07 12:11:00,3,840.08,296,64,498,280.03,3,3,3,333,Need Attention
13170,2011-11-13 12:19:00,2011-11-13 12:19:00,1,108.81,141,27,0,108.81,4,1,1,411,Need Attention
13171,2011-02-13 14:16:00,2011-11-18 10:27:00,3,468.41,229,22,277,156.14,4,3,2,432,Potential Loyalists
13172,2010-11-04 15:10:00,2010-11-04 15:10:00,1,69.6,48,400,0,69.6,2,1,1,211,Hibernating
13173,2009-12-10 12:52:00,2011-12-05 15:51:00,11,2565.76,1595,4,725,233.25,5,5,4,554,Champions
13174,2009-12-04 15:40:00,2011-11-23 14:35:00,12,9364.42,4468,16,718,780.37,5,5,5,555,Champions
13175,2009-12-04 12:11:00,2010-05-06 13:13:00,2,831.45,423,582,153,415.72,1,2,3,123,Lost Customers
13176,2011-10-24 15:43:00,2011-10-24 15:43:00,1,481.49,448,46,0,481.49,4,1,2,412,Need Attention
13177,2010-10-05 10:35:00,2011-10-06 09:56:00,2,512.2,180,65,365,256.1,3,2,2,322,Need Attention
13178,2009-12-16 14:00:00,2011-11-13 16:14:00,21,14059.19,8778,26,697,669.49,4,5,5,455,Champions
13179,2010-03-31 11:40:00,2010-03-31 11:40:00,1,572.31,368,619,0,572.31,1,1,2,112,Lost Customers
13180,2010-04-11 13:37:00,2010-04-11 13:37:00,1,86.1,42,607,0,86.1,1,1,1,111,Lost Customers
13181,2010-11-23 15:05:00,2010-11-23 15:05:00,1,359.69,171,381,0,359.69,2,1,2,212,Hibernating
13182,2011-10-25 13:46:00,2011-10-25 13:46:00,1,121.18,201,45,0,121.18,4,1,1,411,Need Attention
13183,2010-03-14 12:32:00,2011-12-02 10:30:00,15,7036.18,4027,8,627,469.08,5,5,5,555,Champions
13184,2011-02-22 17:25:00,2011-11-25 12:02:00,10,1668.95,1662,15,275,166.9,5,5,4,554,Champions
13185,2011-03-17 11:56:00,2011-03-17 11:56:00,1,71.4,12,268,0,71.4,2,1,1,211,Hibernating
13186,2011-08-03 09:09:00,2011-10-31 11:40:00,3,1575.89,820,40,89,525.3,4,3,4,434,Potential Loyalists
13187,2010-03-25 17:18:00,2011-01-06 18:57:00,4,341.36,296,337,287,85.34,2,3,2,232,Hibernating
13188,2011-11-28 15:28:00,2011-11-28 15:28:00,1,114.6,25,11,0,114.6,5,1,1,511,New Customers
13189,2011-08-16 13:12:00,2011-11-21 10:39:00,2,260.68,842,19,96,130.34,5,2,1,521,Potential Loyalists
13190,2009-12-07 12:13:00,2010-06-13 15:47:00,3,570.66,308,544,188,190.22,1,3,2,132,Hibernating
13191,2010-02-19 17:02:00,2010-02-19 17:02:00,1,164.69,115,658,0,164.69,1,1,1,111,Lost Customers
13192,2010-01-22 08:37:00,2011-09-05 14:13:00,6,2558.58,1629,95,591,426.43,3,4,4,344,Loyal Customers
13193,2011-10-09 14:30:00,2011-10-09 14:30:00,1,112.08,46,61,0,112.08,3,1,1,311,Need Attention
13194,2010-10-14 11:54:00,2011-07-27 09:01:00,2,472.78,326,136,285,236.39,3,2,2,322,Need Attention
13195,2010-10-21 13:07:00,2010-10-21 13:07:00,1,136.73,70,414,0,136.73,1,1,1,111,Lost Customers
13196,2010-04-01 12:54:00,2011-11-28 13:54:00,7,3068.84,2006,11,606,438.41,5,4,5,545,Champions
13197,2010-04-09 09:14:00,2010-04-09 09:14:00,1,373.01,204,610,0,373.01,1,1,2,112,Lost Customers
13198,2010-10-01 13:27:00,2011-11-29 15:17:00,8,4974.23,3449,10,424,621.78,5,4,5,545,Champions
13199,2009-12-05 10:11:00,2011-12-06 12:30:00,67,16432.89,12019,4,731,245.27,5,5,5,555,Champions
13200,2011-08-05 14:50:00,2011-11-20 15:35:00,4,870.09,516,19,107,217.52,5,3,3,533,Potential Loyalists
13201,2010-03-07 11:01:00,2010-07-25 14:30:00,4,1233.06,1036,502,140,308.26,1,3,3,133,Hibernating
13202,2009-12-09 10:48:00,2010-11-10 16:24:00,7,1580.3,572,394,336,225.76,2,4,4,244,At Risk
13203,2009-12-17 14:15:00,2011-11-30 10:45:00,10,2648.25,2413,10,712,264.82,5,5,4,554,Champions
13204,2009-12-08 14:56:00,2009-12-08 14:56:00,1,966.66,428,731,0,966.66,1,1,3,113,Lost Customers
13205,2010-09-22 16:26:00,2010-09-22 16:26:00,1,2803.2,256,443,0,2803.2,1,1,4,114,Lost Customers
13206,2009-12-07 13:48:00,2010-11-04 16:50:00,13,8308.19,7086,400,332,639.09,2,5,5,255,At Risk
13207,2010-04-06 16:37:00,2011-11-24 14:52:00,4,535.86,178,15,596,133.96,5,3,2,532,Potential Loyalists
13208,2009-12-03 13:25:00,2011-10-12 09:54:00,9,1976.3,1343,59,677,219.59,4,5,4,454,Champions
13209,2010-01-24 14:30:00,2011-11-09 13:54:00,13,8509.51,5781,30,653,654.58,4,5,5,455,Champions
13210,2011-09-07 08:18:00,2011-09-07 08:18:00,1,353.48,316,94,0,353.48,3,1,2,312,Need Attention
13211,2009-12-06 15:24:00,2011-11-29 14:43:00,10,2618.77,1845,10,722,261.88,5,5,4,554,Champions
13212,2011-10-09 14:48:00,2011-11-20 12:40:00,3,786.83,309,20,41,262.28,4,3,3,433,Potential Loyalists
13213,2010-05-20 14:50:00,2011-10-14 11:42:00,11,3851.52,2962,57,511,350.14,4,5,5,455,Champions
13214,2010-03-03 14:10:00,2010-10-18 10:00:00,7,3264.23,2966,418,228,466.32,1,4,5,145,At Risk
13215,2010-11-02 18:26:00,2010-11-02 18:26:00,1,81.6,96,402,0,81.6,2,1,1,211,Hibernating
13216,2011-03-17 12:18:00,2011-03-17 12:18:00,1,333.74,297,268,0,333.74,2,1,2,212,Hibernating
13217,2010-02-22 12:49:00,2011-08-09 15:32:00,4,666.48,512,122,533,166.62,3,3,3,333,Need Attention
13218,2011-08-04 16:59:00,2011-08-04 16:59:00,1,62.64,88,127,0,62.64,3,1,1,311,Need Attention
13219,2010-03-31 14:18:00,2010-03-31 14:18:00,1,76.23,11,618,0,76.23,1,1,1,111,Lost Customers
13220,2010-05-13 10:35:00,2011-09-22 13:38:00,5,1336.09,396,78,497,267.22,3,4,4,344,Loyal Customers
13221,2010-12-15 13:24:00,2011-04-13 16:58:00,2,847.41,244,240,119,423.7,2,2,3,223,Hibernating
13222,2010-05-11 13:54:00,2010-05-11 13:54:00,1,88.5,30,577,0,88.5,1,1,1,111,Lost Customers
13223,2010-02-12 13:27:00,2011-05-23 13:03:00,6,969.12,568,200,464,161.52,2,4,3,243,At Risk
13224,2011-07-11 14:10:00,2011-10-10 14:55:00,2,2155.95,1518,60,91,1077.97,3,2,4,324,Big Spenders
13225,2009-12-17 09:09:00,2011-12-06 13:29:00,16,16260.07,7401,3,719,1016.25,5,5,5,555,Champions
13226,2010-11-11 13:46:00,2011-03-11 14:35:00,2,312.46,179,273,120,156.23,2,2,2,222,Hibernating
13227,2011-05-22 11:47:00,2011-05-22 11:47:00,1,257.7,99,202,0,257.7,2,1,1,211,Hibernating
13228,2011-09-19 14:28:00,2011-09-19 14:28:00,1,358.0,200,81,0,358.0,3,1,2,312,Need Attention
13229,2011-04-28 12:07:00,2011-04-28 12:07:00,1,160.95,63,226,0,160.95,2,1,1,211,Hibernating
13230,2010-03-18 20:02:00,2011-12-05 16:03:00,30,6213.46,3553,4,626,207.12,5,5,5,555,Champions
13232,2011-04-10 13:48:00,2011-11-27 10:39:00,7,1328.35,773,13,230,189.76,5,4,4,544,Champions
13233,2010-01-14 14:10:00,2011-09-26 13:25:00,4,1176.46,1604,74,619,294.12,3,3,3,333,Need Attention
13234,2009-12-07 12:32:00,2010-02-05 11:41:00,2,346.5,159,673,59,173.25,1,2,2,122,Lost Customers
13235,2011-05-11 17:13:00,2011-05-11 17:13:00,1,1031.07,441,212,0,1031.07,2,1,3,213,Hibernating
13236,2011-08-25 08:58:00,2011-11-15 12:50:00,2,744.85,416,25,82,372.42,4,2,3,423,Potential Loyalists
13237,2010-11-17 10:07:00,2010-11-17 10:07:00,1,643.0,128,388,0,643.0,2,1,3,213,Hibernating
13238,2010-04-28 15:02:00,2011-11-22 15:37:00,6,1006.63,442,17,573,167.77,5,4,3,543,Loyal Customers
13239,2010-07-25 13:34:00,2011-03-23 10:25:00,5,1594.69,1151,262,240,318.94,2,4,4,244,At Risk
13240,2010-02-25 13:17:00,2011-09-04 14:08:00,8,1699.86,840,96,556,212.48,3,4,4,344,Loyal Customers
13241,2010-10-24 11:17:00,2010-10-24 11:17:00,1,112.53,46,412,0,112.53,1,1,1,111,Lost Customers
13242,2010-02-09 13:12:00,2011-08-19 12:53:00,7,699.4,350,112,555,99.91,3,4,3,343,Loyal Customers
13243,2010-03-18 13:10:00,2011-05-20 13:14:00,5,1220.38,554,203,428,244.08,2,4,3,243,At Risk
13244,2011-09-08 11:46:00,2011-09-08 11:46:00,1,121.74,38,93,0,121.74,3,1,1,311,Need Attention
13245,2010-10-03 14:03:00,2011-10-20 11:40:00,2,989.22,371,51,381,494.61,4,2,3,423,Potential Loyalists
13246,2010-07-02 13:36:00,2011-11-21 16:50:00,11,3351.75,2796,18,507,304.7,5,5,5,555,Champions
13247,2011-09-18 11:31:00,2011-11-22 10:59:00,4,501.12,328,18,64,125.28,5,3,2,532,Potential Loyalists
13248,2011-06-03 13:05:00,2011-08-07 12:40:00,2,465.68,305,125,64,232.84,3,2,2,322,Need Attention
13249,2010-01-24 12:11:00,2011-09-08 13:26:00,9,1608.93,1246,92,592,178.77,3,5,4,354,Loyal Customers
13250,2010-07-25 14:01:00,2010-09-05 11:33:00,2,253.09,107,461,41,126.54,1,2,1,121,Lost Customers
13251,2010-11-02 13:20:00,2010-11-02 13:20:00,1,252.68,215,402,0,252.68,2,1,1,211,Hibernating
13252,2010-03-24 10:30:00,2010-11-10 16:00:00,2,399.3,134,394,231,199.65,2,2,2,222,Hibernating
13253,2010-01-05 12:13:00,2011-07-06 10:09:00,4,2951.11,3015,157,546,737.78,3,3,4,334,Big Spenders
13254,2010-11-28 15:42:00,2010-11-28 15:42:00,1,51.41,43,376,0,51.41,2,1,1,211,Hibernating
13255,2010-07-15 13:20:00,2011-11-30 13:14:00,3,904.46,517,9,502,301.49,5,3,3,533,Potential Loyalists
13257,2010-09-29 14:58:00,2010-09-29 14:58:00,1,149.75,33,436,0,149.75,1,1,1,111,Lost Customers
13258,2010-11-04 12:45:00,2011-11-28 09:31:00,5,1009.43,446,12,388,201.89,5,4,3,543,Loyal Customers
13259,2010-01-10 10:26:00,2011-10-09 10:48:00,9,1402.54,503,62,637,155.84,3,5,4,354,Loyal Customers
13260,2011-10-09 13:21:00,2011-10-09 13:21:00,1,557.62,142,61,0,557.62,3,1,2,312,Need Attention
13261,2011-02-27 10:41:00,2011-03-16 12:22:00,2,944.1,210,269,17,472.05,2,2,3,223,Hibernating
13262,2010-04-18 12:14:00,2011-03-21 15:06:00,3,573.45,247,263,337,191.15,2,3,2,232,Hibernating
13263,2010-10-22 17:07:00,2011-12-08 13:59:00,39,8676.2,5372,1,411,222.47,5,5,5,555,Champions
13264,2010-09-23 12:42:00,2010-09-23 12:42:00,1,722.56,375,443,0,722.56,1,1,3,113,Lost Customers
13265,2011-03-11 09:54:00,2011-10-17 15:02:00,5,2092.66,1740,53,220,418.53,4,4,4,444,Champions
13266,2009-12-17 10:52:00,2011-11-28 14:39:00,19,6135.04,6837,11,711,322.9,5,5,5,555,Champions
13267,2009-12-07 16:56:00,2011-12-07 11:12:00,36,9758.26,4104,3,729,271.06,5,5,5,555,Champions
13268,2011-03-17 13:20:00,2011-11-22 11:51:00,11,3174.75,3624,18,249,288.61,5,5,5,555,Champions
13269,2009-12-02 11:47:00,2011-12-08 14:53:00,28,8888.75,6563,1,736,317.46,5,5,5,555,Champions
13270,2010-12-08 14:53:00,2010-12-08 14:53:00,1,1180.0,400,366,0,1180.0,2,1,3,213,Hibernating
13271,2011-11-02 14:31:00,2011-11-02 14:31:00,1,211.49,240,37,0,211.49,4,1,1,411,Need Attention
13272,2011-09-11 12:06:00,2011-11-08 14:00:00,2,276.56,96,31,58,138.28,4,2,1,421,Potential Loyalists
13273,2011-08-18 14:02:00,2011-08-18 14:02:00,1,138.98,153,113,0,138.98,3,1,1,311,Need Attention
13274,2010-10-26 13:48:00,2010-10-26 13:48:00,1,360.85,199,409,0,360.85,2,1,2,212,Hibernating
13275,2010-03-17 14:05:00,2010-11-21 12:09:00,2,238.86,138,384,248,119.43,2,2,1,221,Hibernating
13276,2010-03-07 14:05:00,2011-10-07 12:44:00,5,1891.91,840,64,578,378.38,3,4,4,344,Loyal Customers
13277,2010-06-18 08:45:00,2011-11-24 09:21:00,7,523.3,382,16,524,74.76,5,4,2,542,Loyal Customers
13278,2010-04-08 11:59:00,2011-10-30 11:49:00,4,1435.85,1358,41,569,358.96,4,3,4,434,Potential Loyalists
13279,2011-09-22 17:24:00,2011-09-22 17:24:00,1,137.75,73,78,0,137.75,3,1,1,311,Need Attention
13280,2010-03-05 09:07:00,2011-08-09 13:14:00,7,2293.33,1489,122,522,327.62,3,4,4,344,Loyal Customers
13281,2010-09-26 16:03:00,2010-09-26 16:03:00,1,350.85,201,439,0,350.85,1,1,2,112,Lost Customers
13282,2010-10-29 14:11:00,2011-11-21 15:33:00,4,1313.19,410,18,388,328.3,5,3,4,534,Potential Loyalists
13283,2010-03-09 14:36:00,2011-10-11 09:50:00,4,373.36,204,60,580,93.34,3,3,2,332,Need Attention
13284,2011-01-13 09:23:00,2011-01-13 09:23:00,1,201.19,91,331,0,201.19,2,1,1,211,Hibernating
13285,2010-03-25 14:26:00,2011-11-16 13:19:00,6,3364.59,2457,23,600,560.76,4,4,5,445,Champions
13286,2010-04-18 15:35:00,2010-04-18 15:35:00,1,734.91,274,600,0,734.91,1,1,3,113,Lost Customers
13287,2010-01-04 10:43:00,2010-04-15 15:26:00,3,781.59,429,603,101,260.53,1,3,3,133,Hibernating
13288,2010-02-11 14:59:00,2010-09-22 16:32:00,5,927.61,379,443,223,185.52,1,4,3,143,At Risk
13289,2009-12-16 11:53:00,2009-12-16 11:53:00,1,307.95,119,724,0,307.95,1,1,2,112,Lost Customers
13290,2010-09-27 16:29:00,2010-09-27 16:29:00,1,208.63,1,438,0,208.63,1,1,1,111,Lost Customers
13291,2010-02-11 18:36:00,2011-07-07 10:36:00,11,3270.79,1600,156,510,297.34,3,5,5,355,Loyal Customers
13292,2010-07-01 14:36:00,2011-11-01 10:04:00,5,994.51,530,39,487,198.9,4,4,3,443,Loyal Customers
13293,2010-02-09 12:05:00,2010-11-12 13:28:00,6,1192.94,555,392,276,198.82,2,4,3,243,At Risk
13294,2010-03-03 12:54:00,2011-06-03 08:54:00,3,1689.53,996,190,456,563.18,2,3,4,234,Hibernating
13295,2010-05-12 09:13:00,2010-12-15 11:21:00,4,1101.97,733,360,217,275.49,2,3,3,233,Hibernating
13296,2010-05-11 14:29:00,2011-07-25 13:46:00,6,792.51,653,137,439,132.08,3,4,3,343,Loyal Customers
13297,2010-06-15 12:35:00,2011-12-02 09:32:00,7,4368.62,2694,8,534,624.09,5,4,5,545,Champions
13298,2011-12-08 13:11:00,2011-12-08 13:11:00,1,360.0,96,1,0,360.0,5,1,2,512,New Customers
13299,2010-06-29 11:30:00,2011-03-16 12:55:00,3,1218.7,416,268,260,406.23,2,3,3,233,Hibernating
13300,2010-05-14 15:56:00,2011-06-23 13:09:00,3,1285.51,455,169,404,428.5,3,3,4,334,Big Spenders
13301,2011-02-20 13:13:00,2011-08-28 11:25:00,4,618.09,345,104,188,154.52,3,3,3,333,Need Attention
13302,2010-07-01 12:32:00,2011-07-07 17:56:00,2,159.2,12,155,371,79.6,3,2,1,321,Need Attention
13303,2010-11-04 14:55:00,2010-11-04 14:55:00,1,61.72,26,400,0,61.72,2,1,1,211,Hibernating
13304,2010-02-08 12:42:00,2010-12-23 14:35:00,4,1217.99,716,351,318,304.5,2,3,3,233,Hibernating
13305,2010-03-10 14:49:00,2011-12-05 15:15:00,16,3752.61,2360,4,635,234.54,5,5,5,555,Champions
13306,2010-10-05 14:55:00,2010-10-05 14:55:00,1,53.65,74,430,0,53.65,1,1,1,111,Lost Customers
13307,2010-04-26 13:28:00,2011-08-11 17:14:00,3,273.34,140,120,472,91.11,3,3,1,331,Need Attention
13308,2010-04-22 09:22:00,2011-11-17 09:31:00,4,1670.37,1073,23,574,417.59,4,3,4,434,Potential Loyalists
13309,2010-11-12 12:10:00,2011-12-02 16:34:00,6,1706.37,1914,7,385,284.4,5,4,4,544,Champions
13310,2010-11-02 17:03:00,2011-11-11 17:23:00,5,1541.2,816,28,374,308.24,4,4,4,444,Champions
13311,2011-07-12 14:26:00,2011-12-05 12:55:00,2,598.57,305,4,145,299.29,5,2,2,522,Potential Loyalists
13312,2010-09-14 14:36:00,2010-09-14 14:36:00,1,124.75,41,451,0,124.75,1,1,1,111,Lost Customers
13313,2009-12-02 16:18:00,2011-11-17 16:48:00,12,3445.32,2308,22,715,287.11,4,5,5,455,Champions
13314,2011-09-27 10:20:00,2011-12-08 12:29:00,3,775.94,560,2,72,258.65,5,3,3,533,Potential Loyalists
13315,2010-01-19 15:34:00,2010-01-19 15:34:00,1,310.26,232,689,0,310.26,1,1,2,112,Lost Customers
13316,2010-03-10 10:01:00,2011-11-02 13:40:00,10,12940.82,19931,37,602,1294.08,4,5,5,455,Champions
13317,2009-12-13 11:11:00,2011-10-04 13:35:00,19,6486.09,3149,66,660,341.37,3,5,5,355,Loyal Customers
13318,2011-11-02 13:26:00,2011-12-08 18:51:00,3,640.76,304,1,36,213.59,5,3,3,533,Potential Loyalists
13319,2009-12-06 14:46:00,2011-12-04 13:34:00,58,22082.5,9270,5,727,380.73,5,5,5,555,Champions
13320,2010-08-18 10:29:00,2011-09-22 18:07:00,6,2211.6,1509,78,400,368.6,3,4,4,344,Loyal Customers
13321,2011-09-14 15:18:00,2011-09-28 15:24:00,2,567.36,372,72,14,283.68,3,2,2,322,Need Attention
13322,2011-11-22 14:21:00,2011-11-22 14:21:00,1,199.48,117,17,0,199.48,5,1,1,511,New Customers
13323,2011-09-16 13:23:00,2011-12-06 17:12:00,5,787.85,175,3,81,157.57,5,4,3,543,Loyal Customers
13324,2010-05-25 10:23:00,2011-11-03 16:28:00,18,10513.47,8448,36,527,584.08,4,5,5,455,Champions
13325,2011-09-19 10:36:00,2011-09-19 10:36:00,1,675.3,240,82,0,675.3,3,1,3,313,Need Attention
13326,2010-10-03 16:00:00,2010-10-03 16:00:00,1,281.76,140,432,0,281.76,1,1,1,111,Lost Customers
13327,2009-12-18 15:35:00,2011-11-01 10:21:00,20,9879.48,4479,39,682,493.97,4,5,5,455,Champions
13328,2011-01-27 15:22:00,2011-01-27 15:22:00,1,1308.48,680,316,0,1308.48,2,1,4,214,Hibernating
13329,2009-12-04 15:41:00,2011-11-08 10:29:00,8,5112.97,3486,32,703,639.12,4,4,5,445,Champions
13330,2010-02-23 10:12:00,2011-09-08 12:27:00,6,2796.1,1951,93,562,466.02,3,4,4,344,Loyal Customers
13331,2010-11-03 08:04:00,2010-11-03 08:04:00,1,262.4,54,402,0,262.4,2,1,1,211,Hibernating
13332,2011-11-25 13:30:00,2011-11-25 13:30:00,1,350.9,179,14,0,350.9,5,1,2,512,New Customers
13333,2010-02-19 09:26:00,2010-10-24 13:24:00,3,1015.74,685,411,247,338.58,1,3,3,133,Hibernating
13334,2010-02-25 12:21:00,2011-09-18 15:21:00,5,6201.8,3198,82,570,1240.36,3,4,5,345,Loyal Customers
13336,2011-09-23 14:05:00,2011-09-23 14:05:00,1,795.12,559,77,0,795.12,3,1,3,313,Need Attention
13337,2010-06-11 13:27:00,2010-06-11 13:27:00,1,1575.26,980,546,0,1575.26,1,1,4,114,Lost Customers
13338,2010-01-05 12:25:00,2011-07-05 09:06:00,4,2445.62,1151,158,545,611.4,3,3,4,334,Big Spenders
13339,2011-05-23 08:31:00,2011-05-23 08:31:00,1,860.12,326,201,0,860.12,2,1,3,213,Hibernating
13340,2010-02-22 14:54:00,2011-10-25 13:15:00,12,22100.56,9636,45,609,1841.71,4,5,5,455,Champions
13341,2011-03-24 09:50:00,2011-03-24 09:50:00,1,775.85,301,261,0,775.85,2,1,3,213,Hibernating
13343,2011-06-15 12:24:00,2011-06-15 12:24:00,1,353.43,135,178,0,353.43,3,1,2,312,Need Attention
13344,2011-03-07 10:28:00,2011-10-03 09:45:00,3,2511.69,952,68,209,837.23,3,3,4,334,Big Spenders
13345,2011-02-25 09:01:00,2011-02-25 09:01:00,1,389.5,141,288,0,389.5,2,1,2,212,Hibernating
13346,2010-04-22 12:34:00,2010-09-03 11:41:00,6,299.4,180,463,133,49.9,1,4,2,142,At Risk
13347,2011-09-30 13:28:00,2011-09-30 13:28:00,1,341.36,205,70,0,341.36,3,1,2,312,Need Attention
13348,2011-10-06 17:28:00,2011-10-06 17:28:00,1,233.76,136,64,0,233.76,3,1,1,311,Need Attention
13349,2011-11-29 08:07:00,2011-11-29 08:07:00,1,247.32,225,11,0,247.32,5,1,1,511,New Customers
13350,2011-09-21 13:33:00,2011-11-23 16:33:00,2,979.12,287,16,63,489.56,5,2,3,523,Potential Loyalists
13351,2011-10-04 12:55:00,2011-10-04 12:55:00,1,373.94,117,66,0,373.94,3,1,2,312,Need Attention
13352,2011-10-10 13:55:00,2011-10-10 13:55:00,1,397.98,321,60,0,397.98,3,1,2,312,Need Attention
13354,2011-09-29 13:17:00,2011-09-29 13:17:00,1,743.53,604,71,0,743.53,3,1,3,313,Need Attention
13355,2011-08-09 14:48:00,2011-08-09 14:48:00,1,674.7,314,122,0,674.7,3,1,3,313,Need Attention
13356,2011-09-20 14:33:00,2011-09-20 14:33:00,1,768.24,325,80,0,768.24,3,1,3,313,Need Attention
13357,2010-03-22 14:30:00,2011-03-27 13:56:00,5,3805.51,2112,257,369,761.1,2,4,5,245,At Risk
13358,2011-03-16 11:52:00,2011-03-16 11:52:00,1,439.03,285,269,0,439.03,2,1,2,212,Hibernating
13359,2010-11-01 15:05:00,2011-10-07 09:30:00,2,1043.31,381,64,339,521.66,3,2,3,323,Need Attention
13360,2010-01-08 11:16:00,2010-10-04 12:37:00,4,1553.65,942,432,269,388.41,1,3,4,134,Hibernating
13361,2010-04-01 07:49:00,2010-08-24 14:56:00,2,1450.5,324,472,145,725.25,1,2,4,124,Lost Customers
13362,2010-10-10 15:27:00,2011-11-30 14:41:00,7,5394.07,2481,9,415,770.58,5,4,5,545,Champions
13363,2010-10-26 11:07:00,2011-11-22 12:40:00,3,1723.86,1146,18,392,574.62,5,3,4,534,Potential Loyalists
13364,2011-09-29 18:13:00,2011-09-29 18:13:00,1,134.96,71,71,0,134.96,3,1,1,311,Need Attention
13365,2011-05-06 12:00:00,2011-11-06 12:36:00,2,2225.37,1247,34,184,1112.68,4,2,4,424,Potential Loyalists
13366,2011-10-20 13:37:00,2011-10-20 13:37:00,1,56.16,144,50,0,56.16,4,1,1,411,Need Attention
13367,2010-10-04 10:00:00,2010-10-04 10:00:00,1,510.2,253,432,0,510.2,1,1,2,112,Lost Customers
13368,2010-10-12 10:43:00,2011-03-28 09:59:00,4,1121.5,606,257,166,280.38,2,3,3,233,Hibernating
13369,2010-12-09 11:30:00,2010-12-09 11:30:00,1,616.56,298,366,0,616.56,2,1,3,213,Hibernating
13370,2010-12-03 10:26:00,2010-12-03 10:26:00,1,1509.74,686,372,0,1509.74,2,1,4,214,Hibernating
13371,2010-03-17 15:29:00,2010-07-22 17:33:00,2,2297.66,1019,505,127,1148.83,1,2,4,124,Lost Customers
13372,2011-09-11 12:46:00,2011-09-11 12:46:00,1,378.64,159,90,0,378.64,3,1,2,312,Need Attention
13373,2009-12-06 12:34:00,2011-10-10 10:51:00,6,7587.19,4263,61,672,1264.53,3,4,5,345,Loyal Customers
13374,2010-09-16 10:29:00,2010-10-21 10:04:00,2,422.8,135,415,34,211.4,1,2,2,122,Lost Customers
13375,2010-09-21 08:12:00,2011-09-12 10:19:00,2,1792.23,1124,89,356,896.12,3,2,4,324,Big Spenders
13376,2011-04-19 13:03:00,2011-09-01 16:16:00,3,1019.76,493,99,135,339.92,3,3,3,333,Need Attention
13377,2010-03-04 10:06:00,2010-11-08 12:20:00,2,1552.88,748,397,249,776.44,2,2,4,224,Hibernating
13379,2011-07-26 12:26:00,2011-11-13 13:45:00,3,572.56,601,26,110,190.85,4,3,2,432,Potential Loyalists
13380,2010-10-03 10:18:00,2010-10-03 10:18:00,1,62.4,48,433,0,62.4,1,1,1,111,Lost Customers
13381,2009-12-01 15:19:00,2011-11-08 11:58:00,12,8224.37,5125,32,706,685.36,4,5,5,455,Champions
13382,2009-12-08 09:56:00,2011-03-04 10:03:00,5,1387.58,863,281,451,277.52,2,4,4,244,At Risk
13383,2010-06-14 11:45:00,2010-06-14 11:45:00,1,305.28,288,544,0,305.28,1,1,2,112,Lost Customers
13384,2010-07-27 12:22:00,2011-11-09 11:04:00,11,6680.83,4142,31,469,607.35,4,5,5,455,Champions
13385,2011-01-14 09:52:00,2011-01-14 09:52:00,1,534.57,281,330,0,534.57,2,1,2,212,Hibernating
13386,2010-09-28 13:09:00,2010-10-21 12:52:00,2,835.46,514,414,22,417.73,1,2,3,123,Lost Customers
13387,2010-10-18 14:07:00,2010-10-18 14:07:00,1,186.94,123,417,0,186.94,1,1,1,111,Lost Customers
13388,2010-04-15 10:18:00,2011-07-31 12:52:00,3,1185.65,701,131,472,395.22,3,3,3,333,Need Attention
13389,2011-04-21 12:12:00,2011-11-28 14:01:00,3,797.96,429,11,221,265.99,5,3,3,533,Potential Loyalists
13390,2011-09-26 08:38:00,2011-09-26 08:38:00,1,544.08,224,75,0,544.08,3,1,2,312,Need Attention
13391,2011-05-20 10:50:00,2011-05-20 10:50:00,1,59.8,4,204,0,59.8,2,1,1,211,Hibernating
13392,2010-01-31 13:34:00,2010-01-31 13:34:00,1,91.14,82,677,0,91.14,1,1,1,111,Lost Customers
13393,2009-12-07 18:12:00,2010-05-05 09:34:00,4,1131.45,662,584,148,282.86,1,3,3,133,Hibernating
13394,2009-12-01 11:58:00,2011-12-08 11:36:00,19,6621.7,5354,2,736,348.51,5,5,5,555,Champions
13395,2010-10-14 13:00:00,2011-06-07 15:04:00,3,1180.23,1660,185,236,393.41,3,3,3,333,Need Attention
13396,2011-01-24 13:37:00,2011-11-10 16:59:00,2,1360.99,600,29,290,680.5,4,2,4,424,Potential Loyalists
13397,2010-01-20 09:50:00,2011-09-28 10:56:00,10,3191.87,1336,73,616,319.19,3,5,5,355,Loyal Customers
13398,2010-09-17 09:34:00,2011-05-31 13:17:00,2,670.34,341,192,256,335.17,2,2,3,223,Hibernating
13399,2010-07-08 17:47:00,2010-09-01 13:59:00,3,275.4,120,464,54,91.8,1,3,1,131,Hibernating
13400,2010-05-06 09:00:00,2010-05-06 09:00:00,1,310.83,284,583,0,310.83,1,1,2,112,Lost Customers
13402,2010-05-24 10:56:00,2011-08-04 15:51:00,4,1535.13,1107,127,437,383.78,3,3,4,334,Big Spenders
13403,2009-12-16 13:23:00,2011-11-22 08:28:00,3,229.5,114,18,705,76.5,5,3,1,531,Potential Loyalists
13404,2011-05-11 11:57:00,2011-12-08 15:37:00,2,252.49,111,1,211,126.24,5,2,1,521,Potential Loyalists
13405,2009-12-15 14:13:00,2011-09-26 17:01:00,6,1213.81,855,74,650,202.3,3,4,3,343,Loyal Customers
13406,2010-03-18 07:29:00,2010-10-08 14:44:00,2,568.92,292,427,204,284.46,1,2,2,122,Lost Customers
13407,2010-02-16 11:13:00,2010-05-10 12:41:00,3,2244.7,1690,579,83,748.23,1,3,4,134,Hibernating
13408,2009-12-04 09:31:00,2011-12-08 09:05:00,106,51733.46,29499,2,733,488.05,5,5,5,555,Champions
13410,2009-12-08 13:43:00,2011-11-15 15:33:00,9,2201.96,1244,24,707,244.66,4,5,4,454,Champions
13411,2011-08-24 13:57:00,2011-08-24 13:57:00,1,213.55,72,107,0,213.55,3,1,1,311,Need Attention
13412,2010-03-29 16:28:00,2010-03-29 16:28:00,1,487.35,176,620,0,487.35,1,1,2,112,Lost Customers
13413,2010-01-21 17:43:00,2010-03-10 12:17:00,6,429.44,455,640,47,71.57,1,4,2,142,At Risk
13414,2010-04-15 17:00:00,2011-07-29 11:45:00,6,2494.14,2702,134,469,415.69,3,4,4,344,Loyal Customers
13415,2009-12-11 14:20:00,2010-08-24 11:38:00,4,784.17,496,473,255,196.04,1,3,3,133,Hibernating
13416,2009-12-03 13:02:00,2011-10-27 08:56:00,3,940.8,208,44,692,313.6,4,3,3,433,Potential Loyalists
13417,2010-02-08 12:39:00,2011-12-05 08:49:00,6,1669.49,532,5,664,278.25,5,4,4,544,Champions
13418,2009-12-11 12:51:00,2011-11-28 10:23:00,31,12182.9,7588,12,716,393.0,5,5,5,555,Champions
13419,2011-10-07 12:49:00,2011-10-07 12:49:00,1,221.06,275,64,0,221.06,3,1,1,311,Need Attention
13420,2011-06-22 11:35:00,2011-07-13 08:48:00,2,159.85,101,150,20,79.92,3,2,1,321,Need Attention
13421,2010-02-14 14:45:00,2011-10-30 14:21:00,8,4058.75,2351,40,622,507.34,4,4,5,445,Champions
13422,2011-10-06 13:42:00,2011-10-06 13:42:00,1,2626.3,1326,64,0,2626.3,3,1,4,314,Need Attention
13423,2010-10-07 09:02:00,2010-10-07 09:02:00,1,217.03,141,429,0,217.03,1,1,1,111,Lost Customers
13424,2010-09-16 10:49:00,2010-09-16 10:49:00,1,572.77,529,450,0,572.77,1,1,2,112,Lost Customers
13425,2010-05-09 14:35:00,2011-08-23 17:13:00,5,3390.43,2358,108,471,678.09,3,4,5,345,Loyal Customers
13426,2009-12-09 15:16:00,2011-12-09 08:59:00,22,8167.38,4868,1,729,371.24,5,5,5,555,Champions
13427,2009-12-17 13:44:00,2011-11-20 13:02:00,6,1006.53,880,19,702,167.76,5,4,3,543,Loyal Customers
13428,2010-07-13 13:20:00,2011-11-29 14:20:00,3,478.54,356,10,504,159.51,5,3,2,532,Potential Loyalists
13429,2011-09-25 15:59:00,2011-11-29 09:10:00,4,1006.8,1390,11,64,251.7,5,3,3,533,Potential Loyalists
13430,2011-09-14 14:26:00,2011-11-21 08:19:00,2,679.45,751,19,67,339.72,5,2,3,523,Potential Loyalists
13431,2010-02-18 11:53:00,2011-10-03 13:49:00,8,3316.24,1570,67,592,414.53,3,4,5,345,Loyal Customers
13432,2010-04-06 14:42:00,2010-05-17 13:18:00,2,439.1,217,571,40,219.55,1,2,2,122,Lost Customers
13433,2010-01-12 08:59:00,2010-07-26 16:55:00,4,658.32,190,501,195,164.58,1,3,3,133,Hibernating
13434,2010-02-22 09:54:00,2011-09-26 14:30:00,5,1666.86,864,74,581,333.37,3,4,4,344,Loyal Customers
13435,2010-07-27 16:56:00,2011-12-04 14:45:00,9,4447.33,2754,5,494,494.15,5,5,5,555,Champions
13436,2011-12-08 10:33:00,2011-12-08 10:33:00,1,196.89,76,2,0,196.89,5,1,1,511,New Customers
13437,2011-06-02 14:30:00,2011-11-25 14:00:00,7,3408.06,1283,14,175,486.87,5,4,5,545,Champions
13438,2010-06-10 18:46:00,2010-06-10 18:46:00,1,46.5,10,547,0,46.5,1,1,1,111,Lost Customers
13439,2010-07-01 14:36:00,2011-03-29 14:20:00,3,986.61,952,255,270,328.87,2,3,3,233,Hibernating
13440,2010-09-14 10:34:00,2010-10-12 13:11:00,7,1295.25,573,423,28,185.04,1,4,4,144,At Risk
13441,2010-10-04 10:38:00,2011-09-09 09:38:00,2,720.9,520,92,339,360.45,3,2,3,323,Need Attention
13442,2009-12-01 14:59:00,2010-02-10 14:03:00,3,419.87,115,667,70,139.96,1,3,2,132,Hibernating
13443,2010-01-31 13:30:00,2010-09-17 12:31:00,6,1273.16,805,449,228,212.19,1,4,4,144,At Risk
13444,2010-07-21 14:34:00,2010-11-30 13:02:00,2,619.08,331,374,131,309.54,2,2,3,223,Hibernating
13445,2010-03-23 15:34:00,2010-03-23 15:34:00,1,241.9,198,626,0,241.9,1,1,1,111,Lost Customers
13446,2010-02-14 11:52:00,2010-10-05 18:51:00,11,3881.89,2403,430,233,352.9,1,5,5,155,At Risk
13447,2011-11-04 10:10:00,2011-11-16 13:38:00,3,1129.14,584,23,12,376.38,4,3,3,433,Potential Loyalists
13448,2009-12-06 12:14:00,2011-11-23 12:33:00,13,9189.89,4357,17,717,706.91,5,5,5,555,Champions
13449,2011-11-16 08:28:00,2011-11-16 08:28:00,1,291.88,222,24,0,291.88,4,1,2,412,Need Attention
13450,2010-04-15 19:15:00,2011-11-13 11:54:00,13,4120.04,4318,27,576,316.93,4,5,5,455,Champions
13451,2010-03-21 16:13:00,2011-11-13 15:58:00,11,7090.06,5229,26,601,644.55,4,5,5,455,Champions
13452,2010-08-24 09:53:00,2011-03-25 14:19:00,3,729.8,6,259,213,243.27,2,3,3,233,Hibernating
13453,2010-11-02 13:23:00,2011-06-27 09:34:00,3,781.69,341,166,236,260.56,3,3,3,333,Need Attention
13454,2010-03-08 14:40:00,2010-03-08 14:40:00,1,219.87,198,641,0,219.87,1,1,1,111,Lost Customers
13455,2009-12-09 08:58:00,2011-11-15 11:21:00,6,2905.93,985,25,706,484.32,4,4,4,444,Champions
13456,2011-05-16 15:34:00,2011-11-22 09:18:00,6,1766.72,765,18,189,294.45,5,4,4,544,Champions
13457,2009-12-02 12:46:00,2010-01-20 08:48:00,2,148.22,96,689,48,74.11,1,2,1,121,Lost Customers
13458,2010-11-16 14:01:00,2011-12-02 15:29:00,16,11959.27,6760,7,381,747.45,5,5,5,555,Champions
13459,2010-01-26 13:35:00,2010-03-25 10:24:00,2,1160.41,986,625,57,580.21,1,2,3,123,Lost Customers
13460,2011-10-21 09:50:00,2011-11-10 17:17:00,2,183.44,286,29,20,91.72,4,2,1,421,Potential Loyalists
13461,2010-04-21 16:01:00,2011-11-01 09:01:00,6,4160.0,3132,39,558,693.33,4,4,5,445,Champions
13462,2009-12-14 09:48:00,2011-04-01 11:20:00,5,1153.85,697,253,473,230.77,2,4,3,243,At Risk
13464,2010-03-31 15:22:00,2011-10-12 15:01:00,6,3097.64,1440,58,559,516.27,4,4,5,445,Champions
13465,2010-05-02 15:30:00,2010-09-19 15:13:00,2,931.12,584,446,139,465.56,1,2,3,123,Lost Customers
13466,2010-03-21 13:50:00,2011-06-08 16:39:00,5,1013.35,660,184,444,202.67,3,4,3,343,Loyal Customers
13467,2011-11-03 16:56:00,2011-11-29 10:01:00,2,1071.91,580,11,25,535.96,5,2,3,523,Potential Loyalists
13468,2009-12-03 13:32:00,2011-12-08 10:39:00,72,13375.51,5812,2,734,185.77,5,5,5,555,Champions
13469,2010-02-24 15:03:00,2010-02-24 15:03:00,1,82.4,52,653,0,82.4,1,1,1,111,Lost Customers
13470,2011-08-16 17:06:00,2011-09-01 14:57:00,2,165.0,100,99,15,82.5,3,2,1,321,Need Attention
13471,2011-10-23 13:10:00,2011-12-08 15:44:00,4,2501.84,1583,1,46,625.46,5,3,4,534,Potential Loyalists
13472,2010-06-02 09:48:00,2010-09-02 09:41:00,2,592.24,310,464,91,296.12,1,2,2,122,Lost Customers
13473,2009-12-15 19:02:00,2011-10-10 11:20:00,8,2657.76,1000,61,663,332.22,3,4,4,344,Loyal Customers
13474,2010-08-01 14:40:00,2011-04-17 13:53:00,3,646.59,318,236,258,215.53,2,3,3,233,Hibernating
13475,2011-02-14 12:36:00,2011-06-01 13:52:00,4,1431.78,1012,191,107,357.94,2,3,4,234,Hibernating
13476,2010-03-05 09:39:00,2011-06-14 12:00:00,5,2061.47,713,179,466,412.29,3,4,4,344,Loyal Customers
13477,2010-01-25 11:52:00,2011-11-02 12:04:00,11,2819.17,2091,38,646,256.29,4,5,4,454,Champions
13478,2010-01-31 15:51:00,2010-08-27 13:23:00,5,2215.78,1189,469,207,443.16,1,4,4,144,At Risk
13479,2010-08-19 16:18:00,2011-05-23 10:45:00,4,851.37,716,201,276,212.84,2,3,3,233,Hibernating
13480,2010-01-29 12:35:00,2010-10-19 11:53:00,2,627.82,362,417,262,313.91,1,2,3,123,Lost Customers
13481,2009-12-04 12:37:00,2011-10-25 09:07:00,11,3830.84,2055,46,689,348.26,4,5,5,455,Champions
13482,2010-03-22 10:31:00,2011-04-21 17:03:00,2,336.09,187,232,395,168.04,2,2,2,222,Hibernating
13483,2011-10-05 11:53:00,2011-10-05 11:53:00,1,140.34,160,66,0,140.34,3,1,1,311,Need Attention
13484,2010-03-10 11:46:00,2011-04-12 16:30:00,3,790.72,224,241,398,263.57,2,3,3,233,Hibernating
13485,2009-12-03 13:46:00,2011-04-20 13:58:00,11,3019.22,1798,233,503,274.47,2,5,5,255,At Risk
13486,2011-07-07 17:19:00,2011-09-22 13:13:00,3,1122.41,669,78,76,374.14,3,3,3,333,Need Attention
13487,2009-12-05 10:25:00,2011-10-13 12:07:00,5,846.87,362,58,677,169.37,4,4,3,443,Loyal Customers
13488,2010-01-25 10:13:00,2011-11-22 14:41:00,23,15587.88,7891,17,666,677.73,5,5,5,555,Champions
13489,2011-02-18 10:42:00,2011-08-26 13:16:00,4,449.52,560,105,189,112.38,3,3,2,332,Need Attention
13490,2010-02-23 14:48:00,2010-02-23 14:48:00,1,154.25,25,654,0,154.25,1,1,1,111,Lost Customers
13491,2009-12-07 08:24:00,2011-10-19 08:32:00,27,4566.56,2385,52,681,169.13,4,5,5,455,Champions
13492,2011-05-09 10:06:00,2011-07-26 14:25:00,3,1269.84,408,136,78,423.28,3,3,4,334,Big Spenders
13493,2011-02-25 16:42:00,2011-03-09 15:35:00,2,618.63,380,275,11,309.32,2,2,3,223,Hibernating
13494,2011-02-01 11:58:00,2011-02-01 11:58:00,1,316.26,162,312,0,316.26,2,1,2,212,Hibernating
13495,2009-12-07 12:12:00,2011-12-02 11:21:00,10,5374.26,2674,8,724,537.43,5,5,5,555,Champions
13496,2010-12-15 10:17:00,2011-11-29 10:58:00,2,653.33,341,11,349,326.67,5,2,3,523,Potential Loyalists
13497,2010-02-08 10:27:00,2011-03-02 09:04:00,6,1320.33,579,283,386,220.05,2,4,4,244,At Risk
13498,2009-12-09 15:26:00,2009-12-09 15:26:00,1,327.38,362,730,0,327.38,1,1,2,112,Lost Customers
13499,2011-03-15 08:52:00,2011-11-22 11:21:00,5,1159.11,1365,18,252,231.82,5,4,3,543,Loyal Customers
13500,2010-11-03 13:16:00,2011-11-16 15:35:00,4,1466.3,838,23,378,366.58,4,3,4,434,Potential Loyalists
13501,2010-05-18 13:24:00,2011-02-24 18:59:00,3,2885.11,1253,288,282,961.7,2,3,4,234,Hibernating
13502,2010-06-09 10:52:00,2011-11-23 10:39:00,5,780.5,490,17,531,156.1,5,4,3,543,Loyal Customers
13503,2010-02-16 13:49:00,2011-09-29 13:23:00,6,1859.24,1105,71,589,309.87,3,4,4,344,Loyal Customers
13504,2011-10-06 13:20:00,2011-10-06 13:20:00,1,295.93,178,64,0,295.93,3,1,2,312,Need Attention
13505,2011-04-21 12:07:00,2011-09-28 11:56:00,4,4393.63,2486,73,159,1098.41,3,3,5,335,Big Spenders
13506,2010-09-05 12:33:00,2011-01-27 13:53:00,5,1639.2,1174,316,144,327.84,2,4,4,244,At Risk
13507,2011-07-17 11:50:00,2011-12-06 13:13:00,4,2479.16,1597,3,142,619.79,5,3,4,534,Potential Loyalists
13508,2010-03-07 11:58:00,2011-04-10 11:58:00,2,287.05,180,244,399,143.52,2,2,1,221,Hibernating
13509,2010-07-20 12:10:00,2011-12-01 10:10:00,8,1114.72,1214,9,498,139.34,5,4,3,543,Loyal Customers
13510,2009-12-21 11:53:00,2011-12-08 13:46:00,11,4558.29,3044,1,717,414.39,5,5,5,555,Champions
13511,2010-02-01 12:10:00,2010-02-01 12:10:00,1,282.76,60,677,0,282.76,1,1,1,111,Lost Customers
13512,2010-05-05 13:22:00,2011-03-24 10:03:00,4,713.39,419,261,322,178.35,2,3,3,233,Hibernating
13513,2010-02-22 16:36:00,2011-08-05 11:50:00,3,824.59,364,127,528,274.86,3,3,3,333,Need Attention
13514,2010-01-26 15:11:00,2011-09-27 09:39:00,4,815.9,288,74,608,203.98,3,3,3,333,Need Attention
13515,2010-03-05 11:58:00,2011-09-28 11:26:00,6,1265.82,819,73,571,210.97,3,4,4,344,Loyal Customers
13516,2010-10-18 08:52:00,2011-11-18 13:15:00,4,1685.26,1114,21,396,421.32,4,3,4,434,Potential Loyalists
13517,2011-06-13 08:44:00,2011-10-11 11:43:00,3,2128.42,1369,60,120,709.47,3,3,4,334,Big Spenders
13518,2011-09-15 10:29:00,2011-09-15 10:29:00,1,627.16,382,86,0,627.16,3,1,3,313,Need Attention
13519,2010-09-23 11:45:00,2011-09-22 18:24:00,2,343.21,133,78,364,171.6,3,2,2,322,Need Attention
13520,2009-12-17 11:11:00,2011-10-12 10:20:00,11,6909.4,3289,59,663,628.13,4,5,5,455,Champions
13521,2011-11-29 15:09:00,2011-12-08 13:50:00,3,1071.73,718,1,8,357.24,5,3,3,533,Potential Loyalists
13522,2011-11-09 15:11:00,2011-11-09 15:11:00,1,125.8,44,30,0,125.8,4,1,1,411,Need Attention
13523,2010-11-02 14:55:00,2011-11-06 15:11:00,6,5101.52,2354,33,369,850.25,4,4,5,445,Champions
13524,2011-05-04 12:26:00,2011-10-30 12:34:00,5,680.18,324,41,179,136.04,4,4,3,443,Loyal Customers
13525,2011-04-05 15:36:00,2011-11-25 12:01:00,2,628.78,394,15,233,314.39,5,2,3,523,Potential Loyalists
13526,2009-12-01 12:56:00,2009-12-01 13:13:00,2,1182.0,1911,738,0,591.0,1,2,3,123,Lost Customers
13527,2010-01-21 12:37:00,2011-11-06 12:04:00,12,4541.29,2736,34,653,378.44,4,5,5,455,Champions
13529,2011-05-19 11:50:00,2011-09-22 09:15:00,2,307.76,74,79,125,153.88,3,2,2,322,Need Attention
13530,2010-03-15 14:10:00,2010-03-15 14:10:00,1,402.98,272,634,0,402.98,1,1,2,112,Lost Customers
13531,2009-12-03 15:20:00,2011-05-18 16:56:00,6,1738.52,600,205,531,289.75,2,4,4,244,At Risk
13532,2011-11-06 12:25:00,2011-11-06 12:25:00,1,210.31,129,34,0,210.31,4,1,1,411,Need Attention
13533,2011-03-17 12:47:00,2011-06-10 11:54:00,3,269.09,202,183,84,89.7,3,3,1,331,Need Attention
13534,2010-07-07 15:00:00,2011-12-07 14:52:00,35,7720.9,3869,2,517,220.6,5,5,5,555,Champions
13535,2010-11-02 11:49:00,2010-11-02 11:49:00,1,89.5,10,403,0,89.5,2,1,1,211,Hibernating
13536,2011-09-25 13:30:00,2011-12-08 16:38:00,7,3444.39,2126,1,74,492.06,5,4,5,545,Champions
13537,2010-09-14 10:41:00,2010-10-10 12:45:00,2,717.85,337,426,26,358.92,1,2,3,123,Lost Customers
13538,2010-02-02 12:47:00,2011-10-27 16:34:00,12,3103.13,959,43,632,258.59,4,5,5,455,Champions
13539,2010-04-28 12:04:00,2011-09-15 10:18:00,7,1569.36,710,86,504,224.19,3,4,4,344,Loyal Customers
13540,2010-02-22 09:22:00,2010-08-29 14:20:00,3,632.39,189,467,188,210.8,1,3,3,133,Hibernating
13541,2010-05-18 16:15:00,2010-10-08 16:37:00,2,785.25,279,427,143,392.62,1,2,3,123,Lost Customers
13542,2009-12-10 19:53:00,2010-11-28 11:24:00,17,3959.49,804,377,352,232.91,2,5,5,255,At Risk
13543,2010-01-21 14:30:00,2010-03-15 13:34:00,2,1439.61,329,634,52,719.8,1,2,4,124,Lost Customers
13544,2010-03-05 11:31:00,2011-10-31 11:57:00,6,790.2,331,40,605,131.7,4,4,3,443,Loyal Customers
13545,2010-06-13 11:49:00,2010-11-14 11:27:00,2,364.93,252,391,153,182.46,2,2,2,222,Hibernating
13546,2010-10-11 17:23:00,2011-11-27 14:50:00,5,1086.24,587,12,411,217.25,5,4,3,543,Loyal Customers
13547,2010-10-27 14:14:00,2010-10-27 14:14:00,1,167.08,79,408,0,167.08,2,1,1,211,Hibernating
13548,2010-08-25 13:44:00,2011-09-04 14:50:00,3,901.44,558,96,375,300.48,3,3,3,333,Need Attention
13549,2010-11-17 12:17:00,2011-11-14 09:20:00,8,1005.8,554,26,361,125.72,4,4,3,443,Loyal Customers
13550,2010-11-21 15:24:00,2010-11-21 15:24:00,1,342.55,430,383,0,342.55,2,1,2,212,Hibernating
13551,2010-02-11 15:01:00,2011-01-24 14:46:00,2,244.2,36,319,346,122.1,2,2,1,221,Hibernating
13552,2010-02-19 13:28:00,2011-10-04 15:19:00,22,6948.92,2630,66,592,315.86,3,5,5,355,Loyal Customers
13553,2010-02-03 12:21:00,2010-02-03 12:21:00,1,499.6,201,675,0,499.6,1,1,2,112,Lost Customers
13554,2010-09-19 12:39:00,2010-11-24 15:05:00,7,1629.35,578,380,66,232.76,2,4,4,244,At Risk
13555,2010-01-19 13:20:00,2011-09-27 12:36:00,13,8891.84,4762,74,615,683.99,3,5,5,355,Loyal Customers
13556,2010-09-30 09:01:00,2010-10-06 16:44:00,2,200.82,134,429,6,100.41,1,2,1,121,Lost Customers
13557,2009-12-08 17:41:00,2011-11-11 15:24:00,13,3032.26,2398,28,702,233.25,4,5,5,455,Champions
13558,2011-10-02 13:01:00,2011-12-04 11:24:00,4,594.52,338,6,62,148.63,5,3,2,532,Potential Loyalists
13559,2010-06-14 11:52:00,2010-07-15 09:52:00,2,990.0,360,513,30,495.0,1,2,3,123,Lost Customers
13560,2011-12-02 13:11:00,2011-12-02 13:11:00,1,171.42,63,7,0,171.42,5,1,1,511,New Customers
13561,2010-02-28 13:42:00,2011-05-08 12:39:00,11,1803.4,1125,216,433,163.95,2,5,4,254,At Risk
13562,2010-01-14 16:33:00,2011-09-19 10:51:00,8,4838.18,1603,82,612,604.77,3,4,5,345,Loyal Customers
13563,2011-07-22 17:21:00,2011-09-16 14:45:00,2,777.53,209,84,55,388.76,3,2,3,323,Need Attention
13564,2009-12-02 11:55:00,2011-07-18 14:33:00,37,17035.02,9133,144,593,460.41,3,5,5,355,Loyal Customers
13565,2010-10-24 15:51:00,2011-11-20 14:33:00,3,414.8,260,19,391,138.27,5,3,2,532,Potential Loyalists
13566,2010-03-10 12:22:00,2011-10-30 11:59:00,5,1688.6,1257,41,598,337.72,4,4,4,444,Champions
13567,2010-06-16 12:48:00,2010-10-07 12:51:00,4,1079.29,643,428,113,269.82,1,3,3,133,Hibernating
13568,2011-06-19 14:42:00,2011-06-19 14:42:00,1,187.05,66,173,0,187.05,3,1,1,311,Need Attention
13569,2010-10-07 13:05:00,2011-11-22 13:07:00,4,836.36,388,17,411,209.09,5,3,3,533,Potential Loyalists
13570,2011-04-10 13:36:00,2011-04-10 13:36:00,1,239.49,161,243,0,239.49,2,1,1,211,Hibernating
13571,2009-12-08 13:02:00,2011-11-27 10:47:00,26,4537.26,3191,13,718,174.51,5,5,5,555,Champions
13572,2011-05-18 11:59:00,2011-05-18 11:59:00,1,1384.25,534,206,0,1384.25,2,1,4,214,Hibernating
13573,2010-03-12 16:06:00,2011-10-20 14:33:00,6,904.52,647,50,586,150.75,4,4,3,443,Loyal Customers
13574,2010-10-24 13:28:00,2010-10-24 13:28:00,1,404.45,304,411,0,404.45,1,1,2,112,Lost Customers
13575,2011-06-16 14:24:00,2011-11-16 13:14:00,5,732.07,449,23,152,146.41,4,4,3,443,Loyal Customers
13576,2009-12-08 15:12:00,2011-11-29 15:34:00,28,11551.74,4614,10,721,412.56,5,5,5,555,Champions
13577,2009-12-14 16:10:00,2011-11-14 15:19:00,11,3489.28,1661,25,699,317.21,4,5,5,455,Champions
13578,2010-10-26 13:44:00,2010-10-26 13:44:00,1,147.66,127,409,0,147.66,2,1,1,211,Hibernating
13579,2010-02-18 13:53:00,2011-11-25 08:41:00,5,1539.04,764,15,644,307.81,5,4,4,544,Champions
13580,2010-10-29 15:01:00,2010-10-29 15:01:00,1,107.75,45,406,0,107.75,2,1,1,211,Hibernating
13581,2010-10-21 16:30:00,2011-02-03 14:41:00,2,280.53,119,309,104,140.26,2,2,1,221,Hibernating
13582,2010-04-01 11:38:00,2010-11-15 11:34:00,2,241.68,106,390,227,120.84,2,2,1,221,Hibernating
13583,2010-01-29 13:53:00,2011-07-07 10:40:00,2,1445.03,1097,156,523,722.52,3,2,4,324,Big Spenders
13584,2010-02-02 08:40:00,2011-02-06 12:49:00,3,385.7,360,307,369,128.57,2,3,2,232,Hibernating
13585,2009-12-01 14:56:00,2010-06-27 12:33:00,3,684.54,1386,531,207,228.18,1,3,3,133,Hibernating
13586,2010-06-16 13:47:00,2010-06-16 13:47:00,1,127.28,38,541,0,127.28,1,1,1,111,Lost Customers
13587,2010-02-14 13:17:00,2011-10-07 12:31:00,4,1673.5,664,64,599,418.38,3,3,4,334,Big Spenders
13588,2011-03-29 15:53:00,2011-11-24 10:42:00,9,2478.95,2606,16,239,275.44,5,5,4,554,Champions
13589,2009-12-06 10:26:00,2011-11-25 12:10:00,6,1120.74,293,15,719,186.79,5,4,3,543,Loyal Customers
13590,2009-12-01 13:37:00,2011-11-28 12:54:00,18,6336.04,5271,11,726,352.0,5,5,5,555,Champions
13591,2009-12-14 15:44:00,2011-10-06 12:26:00,7,2093.94,850,65,660,299.13,3,4,4,344,Loyal Customers
13592,2011-03-20 14:01:00,2011-11-04 09:49:00,4,247.96,84,36,228,61.99,4,3,1,431,Potential Loyalists
13593,2010-03-02 16:36:00,2011-08-23 13:35:00,14,5493.29,2170,108,538,392.38,3,5,5,355,Loyal Customers
13594,2010-08-11 10:23:00,2011-10-18 10:19:00,2,533.32,396,53,432,266.66,4,2,2,422,Potential Loyalists
13595,2010-03-03 14:42:00,2010-07-11 12:36:00,3,784.48,341,517,129,261.49,1,3,3,133,Hibernating
13596,2011-11-27 11:57:00,2011-12-04 12:01:00,2,664.11,384,6,7,332.06,5,2,3,523,Potential Loyalists
13597,2010-11-02 09:30:00,2010-11-04 14:54:00,2,396.71,231,400,2,198.36,2,2,2,222,Hibernating
13598,2010-02-26 11:22:00,2011-10-23 14:28:00,5,761.96,393,47,604,152.39,4,4,3,443,Loyal Customers
13599,2009-12-01 12:30:00,2011-12-08 16:10:00,33,10163.88,6493,1,737,308.0,5,5,5,555,Champions
13600,2010-03-15 17:16:00,2011-01-31 15:27:00,2,518.42,599,312,321,259.21,2,2,2,222,Hibernating
13601,2010-06-11 15:03:00,2011-10-25 17:31:00,4,1159.99,957,45,501,290.0,4,3,3,433,Potential Loyalists
13602,2010-05-28 11:49:00,2011-10-06 11:47:00,4,1025.17,538,65,495,256.29,3,3,3,333,Need Attention
13603,2011-11-13 15:57:00,2011-11-13 15:57:00,1,164.34,164,26,0,164.34,4,1,1,411,Need Attention
13604,2010-02-19 12:02:00,2010-02-19 12:02:00,1,717.62,242,659,0,717.62,1,1,3,113,Lost Customers
13605,2010-05-17 15:46:00,2010-11-17 17:16:00,2,522.67,425,387,184,261.33,2,2,2,222,Hibernating
13606,2011-02-01 11:42:00,2011-11-10 17:46:00,3,276.75,276,29,282,92.25,4,3,1,431,Potential Loyalists
13607,2010-11-02 11:48:00,2011-10-30 16:17:00,2,1075.81,466,40,362,537.9,4,2,3,423,Potential Loyalists
13608,2010-06-17 12:28:00,2010-06-17 12:28:00,1,232.05,110,541,0,232.05,1,1,1,111,Lost Customers
13609,2010-04-25 13:26:00,2010-04-25 13:26:00,1,167.35,19,593,0,167.35,1,1,1,111,Lost Customers
13610,2010-01-05 14:12:00,2011-11-27 15:38:00,14,2103.71,869,12,691,150.27,5,5,4,554,Champions
13611,2009-12-03 07:57:00,2011-09-11 14:51:00,10,3297.93,1988,89,647,329.79,3,5,5,355,Loyal Customers
13612,2010-03-17 12:14:00,2010-03-17 12:14:00,1,818.29,444,633,0,818.29,1,1,3,113,Lost Customers
13613,2010-02-17 12:40:00,2010-09-13 12:01:00,5,1039.85,445,453,207,207.97,1,4,3,143,At Risk
13614,2010-06-06 13:42:00,2011-11-15 14:47:00,6,2332.74,821,24,527,388.79,4,4,4,444,Champions
13615,2010-01-28 15:43:00,2011-01-25 08:21:00,8,6272.53,2910,319,361,784.07,2,4,5,245,At Risk
13616,2010-01-17 14:56:00,2010-05-20 12:59:00,2,283.85,172,568,122,141.93,1,2,1,121,Lost Customers
13617,2010-08-01 15:23:00,2011-10-30 13:50:00,8,1278.75,593,40,454,159.84,4,4,4,444,Champions
13618,2011-06-19 11:09:00,2011-06-19 11:09:00,1,177.34,246,174,0,177.34,3,1,1,311,Need Attention
13619,2010-02-03 14:16:00,2010-06-13 11:39:00,2,224.94,79,545,129,112.47,1,2,1,121,Lost Customers
13620,2010-06-29 15:02:00,2010-06-29 15:02:00,1,112.34,74,528,0,112.34,1,1,1,111,Lost Customers
13621,2011-08-15 08:26:00,2011-08-15 08:26:00,1,213.85,343,117,0,213.85,3,1,1,311,Need Attention
13622,2010-01-12 13:22:00,2010-01-12 13:22:00,1,658.95,379,696,0,658.95,1,1,3,113,Lost Customers
13623,2009-12-02 13:57:00,2011-11-09 12:00:00,10,2533.06,1010,31,706,253.31,4,5,4,454,Champions
13624,2010-11-16 13:43:00,2010-11-16 13:43:00,1,462.08,820,388,0,462.08,2,1,2,212,Hibernating
13625,2010-04-22 10:50:00,2010-04-22 10:50:00,1,301.26,144,597,0,301.26,1,1,2,112,Lost Customers
13626,2010-11-25 16:12:00,2011-04-01 10:05:00,2,707.04,398,253,126,353.52,2,2,3,223,Hibernating
13627,2010-03-09 14:03:00,2011-10-11 14:20:00,7,2245.9,1632,59,581,320.84,4,4,4,444,Champions
13628,2010-02-01 14:44:00,2010-02-01 14:44:00,1,310.14,106,676,0,310.14,1,1,2,112,Lost Customers
13629,2010-02-11 17:34:00,2011-11-16 13:21:00,19,13370.86,7722,23,642,703.73,4,5,5,455,Champions
13630,2011-02-27 12:49:00,2011-12-04 15:16:00,7,2031.78,1391,5,280,290.25,5,4,4,544,Champions
13631,2011-03-17 17:13:00,2011-09-01 09:57:00,11,3070.42,467,100,167,279.13,3,5,5,355,Loyal Customers
13632,2010-04-07 10:59:00,2011-11-15 10:51:00,8,3645.81,1633,25,586,455.73,4,4,5,445,Champions
13634,2010-01-10 14:26:00,2011-11-06 13:40:00,16,5033.77,2090,33,664,314.61,4,5,5,455,Champions
13635,2009-12-01 09:46:00,2011-10-03 10:55:00,4,2999.16,1884,68,671,749.79,3,3,5,335,Big Spenders
13636,2011-02-27 14:29:00,2011-11-03 10:30:00,5,949.12,592,37,248,189.82,4,4,3,443,Loyal Customers
13637,2011-04-27 13:06:00,2011-10-18 13:32:00,3,804.3,405,52,174,268.1,4,3,3,433,Potential Loyalists
13638,2011-11-24 10:38:00,2011-11-24 10:38:00,1,122.64,93,16,0,122.64,5,1,1,511,New Customers
13639,2010-09-29 10:05:00,2011-09-26 13:36:00,2,1346.27,997,74,362,673.14,3,2,4,324,Big Spenders
13640,2010-04-07 15:33:00,2010-04-07 15:33:00,1,405.0,108,611,0,405.0,1,1,2,112,Lost Customers
13641,2009-12-05 13:17:00,2010-03-09 07:37:00,5,1016.47,1098,641,93,203.29,1,4,3,143,At Risk
13642,2010-10-03 12:23:00,2011-05-08 12:34:00,4,472.2,231,216,217,118.05,2,3,2,232,Hibernating
13643,2009-12-08 12:48:00,2011-11-08 15:37:00,10,2156.77,902,31,700,215.68,4,5,4,454,Champions
13644,2011-08-26 11:53:00,2011-11-23 14:07:00,4,2624.26,2067,16,89,656.06,5,3,4,534,Potential Loyalists
13645,2011-08-11 16:11:00,2011-08-11 16:11:00,1,252.1,158,120,0,252.1,3,1,1,311,Need Attention
13646,2010-11-05 12:00:00,2010-11-05 12:13:00,2,326.25,79,400,0,163.12,2,2,2,222,Hibernating
13647,2010-04-15 12:55:00,2011-11-30 12:00:00,8,3041.68,1795,10,593,380.21,5,4,5,545,Champions
13648,2009-12-01 18:13:00,2010-11-04 14:46:00,8,1764.02,960,400,337,220.5,2,4,4,244,At Risk
13649,2010-06-30 16:35:00,2011-03-28 11:51:00,6,1651.48,849,257,270,275.25,2,4,4,244,At Risk
13650,2010-01-26 08:44:00,2011-11-23 12:22:00,10,3288.0,1746,17,666,328.8,5,5,5,555,Champions
13651,2010-11-23 09:44:00,2011-11-04 14:59:00,3,226.85,62,35,346,75.62,4,3,1,431,Potential Loyalists
13652,2010-02-25 17:37:00,2011-10-25 08:51:00,5,2570.85,1570,46,606,514.17,4,4,4,444,Champions
13653,2010-08-09 08:19:00,2010-08-09 08:19:00,1,152.2,72,488,0,152.2,1,1,1,111,Lost Customers
13654,2009-12-02 11:43:00,2011-10-27 16:24:00,11,6308.0,4762,43,694,573.45,4,5,5,455,Champions
13655,2010-04-27 09:59:00,2011-08-17 14:25:00,6,2280.51,1225,114,477,380.08,3,4,4,344,Loyal Customers
13656,2010-04-23 12:50:00,2011-06-28 10:31:00,4,1078.85,862,165,430,269.71,3,3,3,333,Need Attention
13657,2011-05-22 12:35:00,2011-11-29 12:32:00,2,382.14,209,11,190,191.07,5,2,2,522,Potential Loyalists
13658,2010-02-05 13:17:00,2011-11-30 10:13:00,9,6025.5,2171,10,662,669.5,5,5,5,555,Champions
13659,2010-02-17 09:05:00,2011-05-18 12:37:00,12,4884.68,2527,206,455,407.06,2,5,5,255,At Risk
13660,2010-11-04 16:10:00,2010-11-04 16:10:00,1,306.64,136,400,0,306.64,2,1,2,212,Hibernating
13661,2010-04-15 14:58:00,2010-04-15 14:58:00,1,325.24,118,603,0,325.24,1,1,2,112,Lost Customers
13662,2010-02-19 13:21:00,2011-09-15 12:04:00,11,2233.61,1169,86,572,203.06,3,5,4,354,Loyal Customers
13663,2010-03-03 10:11:00,2011-06-13 15:44:00,5,2047.51,893,179,467,409.5,3,4,4,344,Loyal Customers
13665,2010-07-23 13:29:00,2010-11-18 13:06:00,3,1711.66,1652,386,117,570.55,2,3,4,234,Hibernating
13666,2009-12-04 10:48:00,2011-10-10 15:39:00,5,127.9,54,60,675,25.58,3,4,1,341,Loyal Customers
13667,2011-07-13 15:42:00,2011-07-13 15:42:00,1,299.05,149,149,0,299.05,3,1,2,312,Need Attention
13668,2009-12-11 14:28:00,2011-12-07 12:11:00,35,12948.48,6096,3,725,369.96,5,5,5,555,Champions
13669,2010-10-28 15:05:00,2011-10-20 09:32:00,3,413.55,393,51,356,137.85,4,3,2,432,Potential Loyalists
13670,2011-09-25 15:25:00,2011-09-25 15:25:00,1,349.7,282,75,0,349.7,3,1,2,312,Need Attention
13671,2010-11-10 10:50:00,2010-11-10 10:50:00,1,172.6,95,395,0,172.6,2,1,1,211,Hibernating
13672,2009-12-09 11:40:00,2011-02-11 13:53:00,3,419.92,138,301,429,139.97,2,3,2,232,Hibernating
13673,2011-11-07 15:40:00,2011-11-21 12:11:00,2,387.44,114,19,13,193.72,5,2,2,522,Potential Loyalists
13674,2010-10-03 10:41:00,2010-10-03 10:41:00,1,240.68,102,433,0,240.68,1,1,1,111,Lost Customers
13675,2011-02-28 12:14:00,2011-07-11 12:57:00,2,486.82,330,151,133,243.41,3,2,2,322,Need Attention
13676,2010-03-30 16:53:00,2010-06-18 17:30:00,2,243.9,104,539,80,121.95,1,2,1,121,Lost Customers
13677,2010-07-07 17:25:00,2010-10-31 11:32:00,2,551.24,217,405,115,275.62,2,2,2,222,Hibernating
13678,2011-07-11 10:14:00,2011-07-11 10:14:00,1,232.6,924,152,0,232.6,3,1,1,311,Need Attention
13679,2009-12-04 16:52:00,2010-08-03 12:13:00,3,281.26,102,494,241,93.75,1,3,1,131,Hibernating
13680,2009-12-04 14:14:00,2011-12-08 13:47:00,12,11419.67,5244,1,733,951.64,5,5,5,555,Champions
13681,2011-07-07 15:21:00,2011-11-22 11:13:00,4,827.83,360,18,137,206.96,5,3,3,533,Potential Loyalists
13682,2011-06-05 14:06:00,2011-06-05 14:06:00,1,59.5,10,187,0,59.5,3,1,1,311,Need Attention
13683,2010-09-08 10:00:00,2010-09-08 10:00:00,1,258.6,180,458,0,258.6,1,1,1,111,Lost Customers
13684,2010-03-28 14:48:00,2011-02-27 10:13:00,4,594.88,234,286,335,148.72,2,3,2,232,Hibernating
13685,2011-10-10 12:59:00,2011-12-07 11:41:00,7,3119.44,5056,3,57,445.63,5,4,5,545,Champions
13686,2010-11-03 13:44:00,2011-06-10 09:10:00,3,409.04,378,183,218,136.35,3,3,2,332,Need Attention
13687,2010-09-27 16:30:00,2010-09-27 16:30:00,1,11880.84,87167,438,0,11880.84,1,1,5,115,Lost Customers
13688,2010-03-14 14:11:00,2010-03-14 14:11:00,1,375.5,130,635,0,375.5,1,1,2,112,Lost Customers
13689,2010-09-21 10:27:00,2011-10-07 13:21:00,2,1259.5,722,63,381,629.75,3,2,4,324,Big Spenders
13690,2011-10-11 15:03:00,2011-10-11 15:03:00,1,172.25,67,59,0,172.25,4,1,1,411,Need Attention
13691,2010-11-08 17:34:00,2010-11-08 17:34:00,1,212.78,145,396,0,212.78,2,1,1,211,Hibernating
13692,2010-10-15 13:28:00,2011-11-15 11:17:00,5,3114.4,2101,25,395,622.88,4,4,5,445,Champions
13693,2009-12-07 11:29:00,2010-11-30 18:21:00,9,2011.82,880,374,358,223.54,2,5,4,254,At Risk
13694,2009-12-04 15:26:00,2011-12-06 09:32:00,143,196482.81,189205,4,731,1374.01,5,5,5,555,Champions
13695,2010-05-11 11:07:00,2011-11-08 14:26:00,16,2770.73,1791,31,546,173.17,4,5,4,454,Champions
13696,2010-02-11 14:17:00,2010-10-14 09:44:00,3,2020.4,552,422,244,673.47,1,3,4,134,Hibernating
13697,2011-11-01 09:14:00,2011-11-01 09:14:00,1,151.3,177,39,0,151.3,4,1,1,411,Need Attention
13698,2010-01-27 09:02:00,2010-04-22 11:52:00,2,451.73,227,597,85,225.86,1,2,2,122,Lost Customers
13699,2010-06-07 13:03:00,2011-07-07 16:51:00,2,764.15,219,155,395,382.08,3,2,3,323,Need Attention
13700,2010-02-07 10:53:00,2011-11-13 13:00:00,13,2596.97,2786,26,644,199.77,4,5,4,454,Champions
13701,2010-09-19 12:39:00,2010-09-19 12:39:00,1,161.0,80,447,0,161.0,1,1,1,111,Lost Customers
13702,2010-09-20 11:40:00,2010-09-20 11:40:00,1,135.18,74,446,0,135.18,1,1,1,111,Lost Customers
13703,2010-10-20 13:11:00,2011-01-25 13:10:00,2,425.56,128,318,96,212.78,2,2,2,222,Hibernating
13704,2011-09-12 14:40:00,2011-12-04 15:13:00,9,2308.06,1531,5,83,256.45,5,5,4,554,Champions
13705,2010-03-25 17:19:00,2011-12-02 12:32:00,7,2035.33,1009,8,616,290.76,5,4,4,544,Champions
13706,2010-03-23 09:18:00,2011-02-10 09:21:00,2,631.17,301,303,324,315.58,2,2,3,223,Hibernating
13707,2010-06-21 11:57:00,2011-03-17 18:03:00,5,3365.86,2210,267,269,673.17,2,4,5,245,At Risk
13708,2011-03-13 13:46:00,2011-03-13 13:46:00,1,285.33,301,271,0,285.33,2,1,1,211,Hibernating
13709,2010-01-11 10:40:00,2011-12-06 10:28:00,18,7571.35,4122,4,693,420.63,5,5,5,555,Champions
13710,2010-04-06 12:54:00,2011-11-08 08:16:00,3,509.52,336,32,580,169.84,4,3,2,432,Potential Loyalists
13711,2009-12-15 19:04:00,2011-05-05 10:31:00,9,1792.26,819,219,505,199.14,2,5,4,254,At Risk
13712,2010-04-08 11:16:00,2011-04-07 12:33:00,2,766.42,1128,247,364,383.21,2,2,3,223,Hibernating
13713,2010-05-05 16:48:00,2010-10-27 16:18:00,3,740.76,284,408,174,246.92,2,3,3,233,Hibernating
13714,2010-08-31 13:57:00,2010-08-31 13:57:00,1,161.35,50,465,0,161.35,1,1,1,111,Lost Customers
13715,2010-03-11 15:33:00,2011-03-03 19:21:00,17,8425.69,4907,281,357,495.63,2,5,5,255,At Risk
13716,2011-03-15 13:49:00,2011-03-15 13:49:00,1,138.28,138,269,0,138.28,2,1,1,211,Hibernating
13717,2010-08-11 09:40:00,2011-11-07 14:13:00,8,1763.3,2144,32,453,220.41,4,4,4,444,Champions
13718,2011-02-17 11:58:00,2011-04-07 13:24:00,2,306.55,173,246,49,153.28,2,2,2,222,Hibernating
13719,2010-05-17 14:36:00,2011-11-24 15:26:00,11,2783.08,1588,15,556,253.01,5,5,4,554,Champions
13720,2011-03-30 09:17:00,2011-08-15 12:46:00,4,799.9,501,117,138,199.98,3,3,3,333,Need Attention
13721,2010-11-09 17:59:00,2011-11-03 14:05:00,2,741.54,512,36,358,370.77,4,2,3,423,Potential Loyalists
13722,2010-03-03 14:13:00,2011-07-31 12:44:00,10,5635.41,3059,132,514,563.54,3,5,5,355,Loyal Customers
13723,2010-04-07 14:32:00,2011-05-06 17:04:00,6,1194.08,593,217,394,199.01,2,4,3,243,At Risk
13724,2010-03-12 15:28:00,2010-03-12 15:28:00,1,213.01,130,637,0,213.01,1,1,1,111,Lost Customers
13725,2011-02-04 12:18:00,2011-10-21 10:03:00,8,1980.56,806,50,258,247.57,4,4,4,444,Champions
13726,2011-08-31 11:06:00,2011-11-01 10:49:00,2,1079.66,1054,39,61,539.83,4,2,3,423,Potential Loyalists
13727,2009-12-09 13:25:00,2011-11-11 09:46:00,8,1074.15,368,29,701,134.27,4,4,3,443,Loyal Customers
13728,2009-12-09 17:13:00,2011-11-03 10:49:00,16,2855.17,1269,37,693,178.45,4,5,4,454,Champions
13729,2010-01-24 14:57:00,2010-09-30 10:44:00,3,724.73,419,436,248,241.58,1,3,3,133,Hibernating
13730,2011-07-01 12:47:00,2011-07-27 08:35:00,2,752.6,488,136,25,376.3,3,2,3,323,Need Attention
13731,2011-04-07 10:10:00,2011-05-04 14:33:00,2,610.59,278,219,27,305.3,2,2,2,222,Hibernating
13732,2011-11-11 15:49:00,2011-11-11 15:49:00,1,491.86,498,28,0,491.86,4,1,2,412,Need Attention
13733,2009-12-04 15:28:00,2010-10-25 12:18:00,2,487.03,335,411,324,243.52,1,2,2,122,Lost Customers
13734,2010-04-16 08:42:00,2010-07-19 12:04:00,4,6695.69,302,509,94,1673.92,1,3,5,135,Hibernating
13735,2009-12-13 13:31:00,2011-11-15 11:14:00,13,9762.77,4135,25,701,750.98,4,5,5,455,Champions
13736,2009-12-06 12:07:00,2011-12-04 15:19:00,7,2752.47,1549,5,728,393.21,5,4,4,544,Champions
13737,2011-05-23 16:32:00,2011-05-23 16:32:00,1,339.6,125,200,0,339.6,2,1,2,212,Hibernating
13738,2010-11-08 15:23:00,2010-11-08 15:23:00,1,434.78,237,396,0,434.78,2,1,2,212,Hibernating
13739,2010-06-30 10:25:00,2011-11-21 13:35:00,2,292.2,76,18,509,146.1,5,2,2,522,Potential Loyalists
13740,2009-12-02 12:22:00,2011-04-13 10:32:00,5,1582.77,987,241,496,316.55,2,4,4,244,At Risk
13741,2011-05-06 13:43:00,2011-09-29 09:19:00,3,668.43,218,72,145,222.81,3,3,3,333,Need Attention
13742,2011-01-23 14:59:00,2011-11-23 11:07:00,12,3107.87,1115,17,303,258.99,5,5,5,555,Champions
13743,2011-03-25 14:46:00,2011-12-07 10:09:00,7,1341.6,1776,3,256,191.66,5,4,4,544,Champions
13744,2011-02-20 14:08:00,2011-09-05 15:19:00,2,1080.52,1153,95,197,540.26,3,2,3,323,Need Attention
13745,2010-06-11 17:19:00,2011-06-30 16:43:00,2,777.36,1146,162,383,388.68,3,2,3,323,Need Attention
13746,2010-10-22 11:55:00,2010-10-22 11:55:00,1,176.69,83,414,0,176.69,1,1,1,111,Lost Customers
13747,2010-10-11 09:15:00,2010-12-01 10:37:00,2,249.4,68,374,51,124.7,2,2,1,221,Hibernating
13748,2009-12-01 16:44:00,2011-09-05 09:45:00,9,2268.35,1108,96,642,252.04,3,5,4,354,Loyal Customers
13750,2010-04-01 14:49:00,2011-10-17 12:16:00,11,3602.18,1370,54,563,327.47,4,5,5,455,Champions
13751,2011-02-24 15:56:00,2011-02-24 15:56:00,1,296.25,152,288,0,296.25,2,1,2,212,Hibernating
13752,2010-06-30 10:23:00,2011-08-07 14:16:00,7,1579.83,1005,124,403,225.69,3,4,4,344,Loyal Customers
13753,2009-12-03 10:20:00,2011-02-25 12:48:00,4,2094.57,1450,288,449,523.64,2,3,4,234,Hibernating
13754,2010-09-28 15:29:00,2011-07-11 11:51:00,3,447.05,315,152,285,149.02,3,3,2,332,Need Attention
13755,2011-10-07 15:45:00,2011-12-06 12:26:00,9,2108.06,1242,4,59,234.23,5,5,4,554,Champions
13756,2009-12-15 15:18:00,2011-12-07 16:44:00,23,9188.75,5426,2,722,399.51,5,5,5,555,Champions
13757,2010-02-03 12:37:00,2010-02-03 12:37:00,1,195.55,54,675,0,195.55,1,1,1,111,Lost Customers
13758,2009-12-01 10:06:00,2011-11-28 11:11:00,15,9416.98,5068,12,727,627.8,5,5,5,555,Champions
13759,2011-09-29 15:40:00,2011-11-06 14:47:00,2,659.41,287,33,37,329.7,4,2,3,423,Potential Loyalists
13760,2010-04-25 13:10:00,2011-10-16 16:13:00,5,1363.64,623,54,539,272.73,4,4,4,444,Champions
13761,2010-02-21 11:08:00,2011-10-20 14:01:00,6,1952.17,1079,50,606,325.36,4,4,4,444,Champions
13762,2010-01-10 12:13:00,2011-05-05 09:15:00,5,2472.48,2608,219,479,494.5,2,4,4,244,At Risk
13763,2010-09-30 17:39:00,2011-10-07 15:13:00,3,5217.44,3224,63,371,1739.15,3,3,5,335,Big Spenders
13764,2010-03-07 12:56:00,2011-09-30 12:03:00,6,2919.62,2084,71,571,486.6,3,4,4,344,Loyal Customers
13765,2010-02-24 13:46:00,2010-02-24 13:46:00,1,352.82,297,653,0,352.82,1,1,2,112,Lost Customers
13766,2010-08-01 14:25:00,2010-08-01 14:25:00,1,190.35,137,495,0,190.35,1,1,1,111,Lost Customers
13767,2009-12-01 10:52:00,2011-12-07 15:00:00,73,35540.53,15235,2,736,486.86,5,5,5,555,Champions
13768,2009-12-09 10:25:00,2009-12-13 10:41:00,2,875.97,373,727,4,437.98,1,2,3,123,Lost Customers
13769,2009-12-16 11:59:00,2011-12-07 15:08:00,20,5800.42,2574,2,721,290.02,5,5,5,555,Champions
13770,2009-12-09 14:44:00,2010-10-13 15:10:00,4,785.37,468,422,308,196.34,1,3,3,133,Hibernating
13771,2010-02-25 12:37:00,2011-10-06 14:18:00,9,5728.82,3140,64,588,636.54,3,5,5,355,Loyal Customers
13772,2010-02-23 13:55:00,2011-11-06 11:43:00,8,3100.02,1446,34,620,387.5,4,4,5,445,Champions
13773,2010-02-18 10:27:00,2010-11-08 11:49:00,2,301.54,174,397,263,150.77,2,2,2,222,Hibernating
13774,2011-09-19 12:06:00,2011-09-19 12:06:00,1,345.0,192,82,0,345.0,3,1,2,312,Need Attention
13775,2010-04-28 12:15:00,2010-04-28 12:15:00,1,1049.66,455,591,0,1049.66,1,1,3,113,Lost Customers
13776,2010-10-07 16:07:00,2010-10-07 16:11:00,2,623.98,2,428,0,311.99,1,2,3,123,Lost Customers
13777,2009-12-02 09:47:00,2011-12-09 12:25:00,61,56478.42,26742,1,737,925.88,5,5,5,555,Champions
13778,2010-05-23 13:34:00,2011-08-28 15:25:00,4,1124.49,511,103,462,281.12,3,3,3,333,Need Attention
13779,2010-07-12 11:24:00,2010-07-12 11:24:00,1,161.13,53,516,0,161.13,1,1,1,111,Lost Customers
13780,2010-10-28 19:51:00,2011-12-02 13:49:00,3,732.07,479,7,399,244.02,5,3,3,533,Potential Loyalists
13781,2009-12-18 15:46:00,2011-04-03 12:08:00,3,778.83,300,251,470,259.61,2,3,3,233,Hibernating
13782,2009-12-06 12:52:00,2011-11-27 11:54:00,13,1786.08,643,13,720,137.39,5,5,4,554,Champions
13783,2010-02-04 13:47:00,2010-08-09 09:23:00,4,1542.09,3437,488,185,385.52,1,3,4,134,Hibernating
13784,2010-09-15 12:27:00,2011-11-30 09:33:00,14,2910.23,2827,10,440,207.87,5,5,4,554,Champions
13785,2010-09-05 16:01:00,2010-10-07 09:25:00,4,542.49,151,429,31,135.62,1,3,2,132,Hibernating
13786,2009-12-03 15:32:00,2010-12-07 13:53:00,6,3358.39,1651,367,368,559.73,2,4,5,245,At Risk
13787,2010-01-14 10:13:00,2011-09-25 12:06:00,6,1222.5,998,76,619,203.75,3,4,3,343,Loyal Customers
13788,2010-07-22 15:50:00,2010-07-22 15:50:00,1,3.75,1,505,0,3.75,1,1,1,111,Lost Customers
13789,2010-11-16 15:31:00,2010-11-16 15:31:00,1,239.46,258,388,0,239.46,2,1,1,211,Hibernating
13790,2011-12-05 15:48:00,2011-12-05 15:48:00,1,348.8,748,4,0,348.8,5,1,2,512,New Customers
13791,2011-06-24 16:38:00,2011-08-04 11:44:00,2,1516.0,1200,128,40,758.0,3,2,4,324,Big Spenders
13792,2010-10-13 11:05:00,2011-10-04 14:31:00,3,383.95,156,66,356,127.98,3,3,2,332,Need Attention
13793,2010-03-03 08:25:00,2010-03-03 08:25:00,1,96.0,52,647,0,96.0,1,1,1,111,Lost Customers
13794,2010-06-11 12:30:00,2010-06-11 12:30:00,1,126.03,63,547,0,126.03,1,1,1,111,Lost Customers
13795,2010-03-12 12:44:00,2010-11-16 17:25:00,4,836.3,1250,388,249,209.08,2,3,3,233,Hibernating
13796,2010-07-28 14:45:00,2010-07-28 14:45:00,1,289.7,218,499,0,289.7,1,1,2,112,Lost Customers
13797,2010-03-02 12:17:00,2010-09-29 10:34:00,3,1179.45,573,437,210,393.15,1,3,3,133,Hibernating
13798,2009-12-08 16:21:00,2011-12-08 15:51:00,110,75836.87,48347,1,729,689.43,5,5,5,555,Champions
13799,2010-03-05 16:39:00,2011-08-15 12:07:00,9,2803.57,1539,117,527,311.51,3,5,4,354,Loyal Customers
13800,2009-12-03 10:03:00,2011-02-03 12:27:00,3,1679.56,891,310,427,559.85,2,3,4,234,Hibernating
13801,2011-10-04 10:15:00,2011-10-04 10:15:00,1,324.8,168,67,0,324.8,3,1,2,312,Need Attention
13802,2010-02-16 10:11:00,2011-07-24 10:54:00,19,26259.11,14129,139,523,1382.06,3,5,5,355,Loyal Customers
13803,2010-03-31 10:00:00,2011-03-29 12:57:00,3,1338.91,831,255,363,446.3,2,3,4,234,Hibernating
13804,2010-09-29 10:26:00,2011-11-09 12:32:00,9,3161.12,1797,31,406,351.24,4,5,5,455,Champions
13805,2011-08-02 15:29:00,2011-10-18 14:50:00,2,924.6,1900,52,76,462.3,4,2,3,423,Potential Loyalists
13806,2011-10-07 11:43:00,2011-10-07 11:43:00,1,256.38,56,64,0,256.38,3,1,1,311,Need Attention
13807,2009-12-04 12:41:00,2010-12-07 15:48:00,3,534.8,152,367,368,178.27,2,3,2,232,Hibernating
13808,2011-09-04 12:07:00,2011-12-04 12:18:00,5,1747.66,782,6,91,349.53,5,4,4,544,Champions
13809,2010-09-05 11:42:00,2011-02-07 13:15:00,3,679.7,281,305,155,226.57,2,3,3,233,Hibernating
13810,2011-10-14 12:57:00,2011-11-11 08:33:00,3,1499.01,312,29,27,499.67,4,3,4,434,Potential Loyalists
13811,2011-04-14 18:40:00,2011-06-09 09:54:00,3,814.5,68,184,55,271.5,3,3,3,333,Need Attention
13812,2011-08-26 12:54:00,2011-10-28 14:27:00,3,539.0,333,42,63,179.67,4,3,2,432,Potential Loyalists
13813,2009-12-06 10:16:00,2011-10-31 10:38:00,8,2765.47,1292,40,694,345.68,4,4,4,444,Champions
13814,2010-06-30 14:12:00,2011-09-08 13:48:00,3,2257.32,1214,92,434,752.44,3,3,4,334,Big Spenders
13815,2010-02-12 10:26:00,2011-11-17 14:19:00,8,7475.74,5381,22,643,934.47,4,4,5,445,Champions
13816,2011-10-06 14:37:00,2011-11-16 08:38:00,2,571.67,269,24,40,285.83,4,2,2,422,Potential Loyalists
13817,2010-12-23 11:46:00,2011-11-10 17:49:00,2,382.98,211,29,322,191.49,4,2,2,422,Potential Loyalists
13818,2010-10-06 12:35:00,2010-10-06 12:35:00,1,61.28,60,430,0,61.28,1,1,1,111,Lost Customers
13819,2009-12-01 16:18:00,2011-02-11 10:38:00,6,2642.35,2309,302,436,440.39,2,4,4,244,At Risk
13820,2010-01-28 12:26:00,2010-10-17 13:46:00,3,652.75,285,418,262,217.58,1,3,3,133,Hibernating
13821,2010-01-04 13:36:00,2011-07-18 09:49:00,6,1379.08,477,145,559,229.85,3,4,4,344,Loyal Customers
13822,2011-10-30 15:55:00,2011-12-04 12:13:00,2,632.0,611,6,34,316.0,5,2,3,523,Potential Loyalists
13823,2009-12-15 14:34:00,2011-11-21 10:22:00,7,3403.45,1564,19,705,486.21,5,4,5,545,Champions
13824,2010-03-12 15:17:00,2011-11-07 12:41:00,12,3314.76,1442,33,604,276.23,4,5,5,455,Champions
13825,2009-12-09 14:30:00,2010-03-28 11:02:00,2,255.59,182,622,108,127.8,1,2,1,121,Lost Customers
13826,2011-06-16 13:48:00,2011-06-16 13:48:00,1,189.5,82,176,0,189.5,3,1,1,311,Need Attention
13827,2011-07-19 15:38:00,2011-10-13 12:38:00,3,409.8,138,58,85,136.6,4,3,2,432,Potential Loyalists
13828,2011-11-17 16:02:00,2011-11-17 16:02:00,1,209.49,311,22,0,209.49,4,1,1,411,Need Attention
13829,2010-10-14 18:19:00,2010-10-14 18:19:00,1,102.0,12,421,0,102.0,1,1,1,111,Lost Customers
13830,2010-05-07 12:24:00,2010-05-07 12:24:00,1,156.85,47,582,0,156.85,1,1,1,111,Lost Customers
13831,2009-12-10 14:50:00,2011-11-23 15:41:00,18,6993.54,2553,16,713,388.53,5,5,5,555,Champions
13832,2010-10-13 14:41:00,2011-11-20 15:36:00,2,609.89,420,19,403,304.94,5,2,2,522,Potential Loyalists
13833,2010-10-31 14:11:00,2011-07-03 13:27:00,2,700.41,243,159,244,350.2,3,2,3,323,Need Attention
13834,2010-02-08 12:52:00,2010-05-12 10:27:00,2,324.19,221,577,92,162.1,1,2,2,122,Lost Customers
13835,2010-03-04 08:26:00,2011-11-14 15:37:00,7,1095.27,520,25,620,156.47,4,4,3,443,Loyal Customers
13836,2010-10-21 13:27:00,2010-11-05 13:31:00,2,620.37,273,399,15,310.18,2,2,3,223,Hibernating
13837,2011-01-26 12:15:00,2011-05-12 12:10:00,2,266.59,182,212,105,133.29,2,2,1,221,Hibernating
13838,2010-05-09 11:40:00,2011-12-04 11:00:00,10,1920.73,774,6,573,192.07,5,5,4,554,Champions
13839,2010-08-10 13:52:00,2010-08-10 13:52:00,1,139.95,25,486,0,139.95,1,1,1,111,Lost Customers
13840,2010-10-19 13:34:00,2010-10-19 13:34:00,1,651.4,358,416,0,651.4,1,1,3,113,Lost Customers
13841,2011-04-01 12:10:00,2011-04-01 12:10:00,1,85.0,100,253,0,85.0,2,1,1,211,Hibernating
13842,2010-02-16 15:54:00,2011-10-12 10:51:00,18,5629.91,2879,59,602,312.77,4,5,5,455,Champions
13843,2010-11-23 17:48:00,2010-11-23 17:48:00,1,319.75,145,381,0,319.75,2,1,2,212,Hibernating
13844,2011-11-28 13:21:00,2011-11-28 13:21:00,1,361.62,196,11,0,361.62,5,1,2,512,New Customers
13845,2011-10-06 08:25:00,2011-10-06 08:25:00,1,312.98,182,65,0,312.98,3,1,2,312,Need Attention
13846,2010-11-05 09:47:00,2011-11-15 12:07:00,4,1307.79,705,25,375,326.95,4,3,4,434,Potential Loyalists
13847,2009-12-20 10:41:00,2009-12-20 10:41:00,1,310.72,96,720,0,310.72,1,1,2,112,Lost Customers
13848,2009-12-09 16:17:00,2011-09-08 12:58:00,8,3335.0,10200,92,637,416.88,3,4,5,345,Loyal Customers
13849,2010-03-25 12:03:00,2011-10-19 10:59:00,5,3469.3,1883,52,572,693.86,4,4,5,445,Champions
13850,2011-08-02 14:04:00,2011-08-02 14:04:00,1,1595.48,944,129,0,1595.48,3,1,4,314,Need Attention
13851,2010-01-29 11:54:00,2011-09-05 12:36:00,8,4606.46,2525,96,584,575.81,3,4,5,345,Loyal Customers
13852,2010-04-08 09:06:00,2010-04-08 09:06:00,1,187.35,85,611,0,187.35,1,1,1,111,Lost Customers
13853,2011-10-13 14:18:00,2011-10-13 14:18:00,1,1090.14,312,57,0,1090.14,4,1,3,413,Need Attention
13854,2010-01-08 11:28:00,2011-12-01 09:06:00,39,12253.96,3710,9,691,314.2,5,5,5,555,Champions
13855,2009-12-08 16:56:00,2010-07-27 09:53:00,4,1310.34,575,501,230,327.58,1,3,4,134,Hibernating
13856,2010-03-30 15:40:00,2011-06-24 10:03:00,11,1142.03,1105,169,450,103.82,3,5,3,353,Loyal Customers
13857,2010-05-17 14:21:00,2010-11-11 12:54:00,6,1001.01,782,393,177,166.84,2,4,3,243,At Risk
13858,2011-10-13 16:17:00,2011-10-13 16:17:00,1,216.17,75,57,0,216.17,4,1,1,411,Need Attention
13859,2010-06-28 15:36:00,2011-01-17 16:14:00,2,515.86,167,326,203,257.93,2,2,2,222,Hibernating
13860,2011-09-14 09:27:00,2011-12-08 12:57:00,5,1245.9,591,1,85,249.18,5,4,4,544,Champions
13861,2010-06-27 11:37:00,2010-10-06 14:20:00,2,273.26,225,429,101,136.63,1,2,1,121,Lost Customers
13862,2010-11-15 13:43:00,2011-11-21 16:24:00,9,2556.09,1927,18,371,284.01,5,5,4,554,Champions
13863,2010-04-25 13:09:00,2011-04-06 10:20:00,4,1239.55,553,248,345,309.89,2,3,4,234,Hibernating
13864,2010-11-18 12:50:00,2010-11-18 12:50:00,1,662.4,192,387,0,662.4,2,1,3,213,Hibernating
13865,2011-02-23 12:04:00,2011-10-12 13:31:00,4,501.56,204,58,231,125.39,4,3,2,432,Potential Loyalists
13866,2011-09-26 14:54:00,2011-09-26 14:54:00,1,145.67,57,74,0,145.67,3,1,1,311,Need Attention
13867,2011-05-05 17:28:00,2011-11-08 15:48:00,3,1005.09,501,31,186,335.03,4,3,3,433,Potential Loyalists
13868,2011-11-01 12:45:00,2011-12-02 16:32:00,2,3192.54,1964,7,31,1596.27,5,2,5,525,Potential Loyalists
13869,2010-01-17 14:53:00,2011-08-08 13:53:00,10,7996.87,4302,123,567,799.69,3,5,5,355,Loyal Customers
13870,2010-02-08 12:08:00,2011-12-07 13:23:00,15,5712.08,3449,2,667,380.81,5,5,5,555,Champions
13871,2009-12-20 13:09:00,2011-11-17 10:49:00,17,7885.85,3502,23,696,463.87,4,5,5,455,Champions
13872,2009-12-14 09:56:00,2010-06-30 15:35:00,3,919.57,339,527,198,306.52,1,3,3,133,Hibernating
13873,2010-03-03 12:31:00,2011-08-12 10:08:00,8,1038.92,472,120,526,129.86,3,4,3,343,Loyal Customers
13874,2010-02-04 18:39:00,2010-12-16 18:20:00,7,2049.15,864,358,314,292.74,2,4,4,244,At Risk
13875,2009-12-17 10:30:00,2011-10-17 09:36:00,14,4814.37,3072,54,668,343.88,4,5,5,455,Champions
13876,2011-10-07 10:22:00,2011-10-07 10:22:00,1,122.7,36,64,0,122.7,3,1,1,311,Need Attention
13877,2010-01-19 10:53:00,2011-09-14 15:49:00,3,449.68,478,86,603,149.89,3,3,2,332,Need Attention
13878,2010-04-14 13:50:00,2011-10-16 12:19:00,4,2416.9,927,55,549,604.22,4,3,4,434,Potential Loyalists
13879,2010-03-04 10:49:00,2010-03-04 10:49:00,1,395.5,204,646,0,395.5,1,1,2,112,Lost Customers
13880,2010-05-26 14:29:00,2011-11-18 13:44:00,17,4391.66,2589,21,540,258.33,4,5,5,455,Champions
13881,2010-03-04 14:41:00,2011-12-06 12:50:00,43,45179.1,29760,4,641,1050.68,5,5,5,555,Champions
13882,2011-10-06 15:28:00,2011-12-07 11:16:00,5,1191.13,953,3,61,238.23,5,4,3,543,Loyal Customers
13883,2009-12-08 17:26:00,2011-11-29 10:45:00,15,6560.02,3584,11,720,437.33,5,5,5,555,Champions
13884,2010-08-26 19:57:00,2011-12-02 16:30:00,10,1825.03,752,7,462,182.5,5,5,4,554,Champions
13885,2011-05-23 08:52:00,2011-06-03 15:07:00,2,506.8,182,189,11,253.4,3,2,2,322,Need Attention
13886,2011-09-29 13:17:00,2011-09-29 13:17:00,1,243.56,126,71,0,243.56,3,1,1,311,Need Attention
13887,2011-05-19 17:22:00,2011-05-19 17:22:00,1,349.55,147,204,0,349.55,2,1,2,212,Hibernating
13888,2010-05-13 11:57:00,2011-08-12 10:13:00,7,2001.59,795,120,455,285.94,3,4,4,344,Loyal Customers
13889,2010-01-22 14:32:00,2011-09-08 09:13:00,6,1991.23,979,93,593,331.87,3,4,4,344,Loyal Customers
13890,2009-12-06 15:15:00,2011-12-08 15:36:00,14,2927.38,1392,1,732,209.1,5,5,4,554,Champions
13891,2010-05-06 16:02:00,2010-11-26 15:57:00,3,859.21,476,378,203,286.4,2,3,3,233,Hibernating
13892,2010-05-13 10:32:00,2011-11-13 11:50:00,6,1267.65,3125,27,549,211.28,4,4,4,444,Champions
13893,2011-02-15 11:30:00,2011-02-15 11:30:00,1,821.1,190,298,0,821.1,2,1,3,213,Hibernating
13894,2011-02-02 12:54:00,2011-11-16 09:44:00,3,564.62,354,24,286,188.21,4,3,2,432,Potential Loyalists
13895,2009-12-03 13:09:00,2011-11-11 16:57:00,6,4008.52,2060,28,708,668.09,4,4,5,445,Champions
13896,2010-03-24 08:55:00,2010-03-24 08:55:00,1,388.55,149,626,0,388.55,1,1,2,112,Lost Customers
13897,2010-01-31 13:48:00,2011-10-20 14:30:00,3,1160.72,820,50,627,386.91,4,3,3,433,Potential Loyalists
13898,2010-10-24 15:42:00,2011-01-18 10:28:00,2,686.4,544,326,85,343.2,2,2,3,223,Hibernating
13899,2011-03-10 09:30:00,2011-11-23 13:40:00,2,388.52,156,16,258,194.26,5,2,2,522,Potential Loyalists
13900,2010-03-25 13:46:00,2011-06-09 19:26:00,6,1610.59,938,183,441,268.43,3,4,4,344,Loyal Customers
13901,2010-01-05 09:29:00,2011-09-28 14:48:00,15,5676.34,3344,72,631,378.42,3,5,5,355,Loyal Customers
13902,2009-12-15 10:02:00,2010-03-17 13:09:00,5,34095.26,220600,632,92,6819.05,1,4,5,145,At Risk
13903,2010-11-04 17:44:00,2010-11-04 17:44:00,1,165.45,103,400,0,165.45,2,1,1,211,Hibernating
13904,2011-02-18 11:18:00,2011-11-02 13:41:00,2,332.64,332,37,257,166.32,4,2,2,422,Potential Loyalists
13905,2009-12-07 11:41:00,2009-12-07 11:41:00,1,312.65,135,733,0,312.65,1,1,2,112,Lost Customers
13906,2010-10-26 15:00:00,2010-10-26 15:00:00,1,42.0,100,409,0,42.0,2,1,1,211,Hibernating
13907,2010-01-17 12:22:00,2010-01-17 12:22:00,1,136.8,68,692,0,136.8,1,1,1,111,Lost Customers
13908,2011-03-08 12:04:00,2011-09-21 11:49:00,4,2369.55,1478,80,196,592.39,3,3,4,334,Big Spenders
13909,2010-07-06 16:52:00,2010-10-12 17:22:00,2,282.85,301,423,98,141.43,1,2,1,121,Lost Customers
13911,2010-03-01 16:31:00,2011-10-13 15:43:00,20,4234.99,4487,57,590,211.75,4,5,5,455,Champions
13912,2010-10-12 08:43:00,2010-10-12 08:43:00,1,124.95,29,424,0,124.95,1,1,1,111,Lost Customers
13913,2010-07-21 10:11:00,2010-07-21 10:11:00,1,42.22,10,507,0,42.22,1,1,1,111,Lost Customers
13914,2011-11-03 16:28:00,2011-11-28 10:35:00,2,626.45,380,12,24,313.23,5,2,3,523,Potential Loyalists
13915,2010-11-10 15:17:00,2010-11-10 15:17:00,1,70.8,24,394,0,70.8,2,1,1,211,Hibernating
13916,2010-02-02 10:06:00,2010-09-02 10:04:00,4,1275.81,673,464,211,318.95,1,3,4,134,Hibernating
13917,2011-06-01 12:46:00,2011-10-21 09:56:00,2,272.04,228,50,141,136.02,4,2,1,421,Potential Loyalists
13918,2011-03-31 18:05:00,2011-10-21 12:25:00,2,1212.84,1140,50,203,606.42,4,2,3,423,Potential Loyalists
13919,2010-06-17 09:30:00,2011-10-11 14:24:00,4,1360.68,1133,59,481,340.17,4,3,4,434,Potential Loyalists
13920,2010-05-26 15:48:00,2010-10-04 12:37:00,4,1774.68,1772,432,130,443.67,1,3,4,134,Hibernating
13921,2009-12-18 12:19:00,2010-11-02 16:32:00,4,730.7,210,402,319,182.68,2,3,3,233,Hibernating
13922,2010-08-29 14:36:00,2010-12-23 10:38:00,3,865.2,467,352,115,288.4,2,3,3,233,Hibernating
13923,2011-10-17 12:33:00,2011-10-17 12:33:00,1,351.13,185,54,0,351.13,4,1,2,412,Need Attention
13924,2011-09-28 15:07:00,2011-12-08 09:39:00,6,1838.85,1575,2,70,306.47,5,4,4,544,Champions
13925,2011-07-28 12:09:00,2011-09-08 12:47:00,4,678.25,331,93,42,169.56,3,3,3,333,Need Attention
13926,2011-11-16 13:16:00,2011-11-16 13:16:00,1,223.85,104,23,0,223.85,4,1,1,411,Need Attention
13927,2010-09-28 16:12:00,2011-09-26 12:00:00,2,708.26,463,75,362,354.13,3,2,3,323,Need Attention
13928,2011-07-29 15:59:00,2011-11-29 10:33:00,4,464.57,129,11,122,116.14,5,3,2,532,Potential Loyalists
13929,2010-01-14 07:25:00,2011-06-23 15:26:00,11,3494.1,1566,169,525,317.65,3,5,5,355,Loyal Customers
13930,2011-07-26 11:00:00,2011-10-13 09:45:00,2,337.34,274,58,78,168.67,4,2,2,422,Potential Loyalists
13931,2009-12-03 10:26:00,2011-09-05 10:12:00,11,5257.38,3488,96,640,477.94,3,5,5,355,Loyal Customers
13932,2011-02-18 12:02:00,2011-02-18 12:02:00,1,307.4,72,295,0,307.4,2,1,2,212,Hibernating
13933,2011-07-14 13:35:00,2011-08-22 14:03:00,2,608.79,205,109,39,304.4,3,2,2,322,Need Attention
13934,2011-03-21 08:39:00,2011-03-21 08:39:00,1,922.1,390,264,0,922.1,2,1,3,213,Hibernating
13935,2010-02-25 16:01:00,2010-04-22 11:21:00,3,6116.92,2252,597,55,2038.97,1,3,5,135,Hibernating
13936,2010-10-21 14:21:00,2011-06-13 08:47:00,3,939.66,661,180,234,313.22,3,3,3,333,Need Attention
13937,2010-11-02 12:37:00,2011-06-23 16:35:00,2,880.13,587,169,233,440.06,3,2,3,323,Need Attention
13938,2011-11-04 14:37:00,2011-11-04 14:37:00,1,71.66,70,35,0,71.66,4,1,1,411,Need Attention
13939,2010-04-06 12:43:00,2011-11-16 13:33:00,7,1560.96,1608,23,589,222.99,4,4,4,444,Champions
13940,2011-07-18 16:05:00,2011-11-22 15:15:00,4,839.14,516,17,126,209.78,5,3,3,533,Potential Loyalists
13941,2009-12-16 16:10:00,2011-11-18 09:43:00,15,11122.3,5426,22,701,741.49,4,5,5,455,Champions
13942,2010-06-23 12:35:00,2010-06-23 12:35:00,1,320.0,1000,535,0,320.0,1,1,2,112,Lost Customers
13943,2010-05-11 11:30:00,2010-05-11 11:30:00,1,246.54,94,578,0,246.54,1,1,1,111,Lost Customers
13944,2010-02-24 15:02:00,2010-02-24 15:02:00,1,200.43,153,653,0,200.43,1,1,1,111,Lost Customers
13945,2010-08-17 09:59:00,2010-11-10 10:00:00,2,854.15,413,395,85,427.08,2,2,3,223,Hibernating
13946,2009-12-04 11:07:00,2011-09-21 13:33:00,6,1876.23,2847,79,656,312.7,3,4,4,344,Loyal Customers
13947,2011-10-05 14:42:00,2011-10-05 14:42:00,1,90.6,44,65,0,90.6,3,1,1,311,Need Attention
13948,2009-12-04 12:14:00,2010-12-14 10:18:00,4,548.76,248,361,374,137.19,2,3,2,232,Hibernating
13949,2011-09-06 11:55:00,2011-12-07 09:35:00,6,2427.32,2474,3,91,404.55,5,4,4,544,Champions
13950,2011-04-07 11:29:00,2011-11-28 14:44:00,4,745.06,323,11,235,186.26,5,3,3,533,Potential Loyalists
13951,2011-02-18 15:21:00,2011-06-16 16:43:00,3,674.45,459,176,118,224.82,3,3,3,333,Need Attention
13952,2009-12-16 09:41:00,2011-05-06 09:00:00,14,12823.52,5947,218,505,915.97,2,5,5,255,At Risk
13953,2009-12-11 12:58:00,2011-12-02 16:04:00,12,6640.68,5224,7,721,553.39,5,5,5,555,Champions
13954,2011-09-30 10:52:00,2011-12-08 12:50:00,2,439.92,150,2,69,219.96,5,2,2,522,Potential Loyalists
13955,2010-11-29 17:35:00,2011-07-08 17:19:00,3,544.07,272,154,220,181.36,3,3,2,332,Need Attention
13956,2011-03-13 12:51:00,2011-12-04 13:20:00,5,1019.27,486,5,266,203.85,5,4,3,543,Loyal Customers
13957,2010-02-19 10:32:00,2010-10-18 10:02:00,3,458.25,157,418,240,152.75,1,3,2,132,Hibernating
13958,2009-12-05 13:12:00,2010-11-25 10:11:00,8,4709.23,2264,380,354,588.65,2,4,5,245,At Risk
13959,2010-07-16 15:11:00,2011-09-21 15:06:00,6,1064.77,694,79,431,177.46,3,4,3,343,Loyal Customers
13960,2011-09-29 12:39:00,2011-11-18 15:27:00,2,230.22,142,21,50,115.11,4,2,1,421,Potential Loyalists
13961,2010-11-12 14:40:00,2010-11-12 14:40:00,1,538.4,226,392,0,538.4,2,1,2,212,Hibernating
13962,2010-09-30 10:35:00,2011-11-18 08:47:00,3,362.8,160,22,413,120.93,4,3,2,432,Potential Loyalists
13963,2010-04-21 16:20:00,2011-02-04 14:43:00,17,3011.87,2061,308,288,177.17,2,5,5,255,At Risk
13964,2010-10-05 12:38:00,2010-11-17 13:53:00,2,438.9,228,387,43,219.45,2,2,2,222,Hibernating
13965,2010-01-05 15:21:00,2010-08-20 10:40:00,3,996.61,425,477,226,332.2,1,3,3,133,Hibernating
13966,2010-09-30 13:08:00,2010-09-30 13:08:00,1,384.26,760,435,0,384.26,1,1,2,112,Lost Customers
13967,2010-11-08 13:24:00,2011-07-17 12:02:00,2,166.3,66,146,250,83.15,3,2,1,321,Need Attention
13968,2010-10-12 13:22:00,2010-10-12 13:22:00,1,123.66,174,423,0,123.66,1,1,1,111,Lost Customers
13969,2010-03-25 13:15:00,2011-12-02 15:11:00,35,13291.05,6773,7,617,379.74,5,5,5,555,Champions
13970,2010-09-28 11:53:00,2010-11-18 13:21:00,2,846.55,469,386,51,423.28,2,2,3,223,Hibernating
13971,2010-01-26 09:51:00,2011-11-21 12:06:00,14,4667.57,3084,19,664,333.4,5,5,5,555,Champions
13972,2011-05-22 11:34:00,2011-09-30 11:54:00,2,190.25,187,71,131,95.12,3,2,1,321,Need Attention
13973,2011-02-25 15:21:00,2011-02-25 15:21:00,1,264.7,109,287,0,264.7,2,1,1,211,Hibernating
13974,2010-05-06 17:55:00,2011-10-21 14:41:00,2,677.72,356,49,532,338.86,4,2,3,423,Potential Loyalists
13975,2010-02-02 13:13:00,2011-11-08 13:19:00,12,5256.4,3884,31,644,438.03,4,5,5,455,Champions
13976,2010-02-09 13:08:00,2011-05-17 09:13:00,4,1192.36,452,207,461,298.09,2,3,3,233,Hibernating
13977,2010-10-24 14:08:00,2010-10-24 14:08:00,1,519.81,303,411,0,519.81,1,1,2,112,Lost Customers
13978,2011-10-25 15:04:00,2011-11-25 11:36:00,2,196.79,315,15,30,98.4,5,2,1,521,Potential Loyalists
13979,2009-12-03 10:02:00,2011-09-27 13:32:00,7,3379.93,2270,73,663,482.85,3,4,5,345,Loyal Customers
13980,2010-02-21 14:18:00,2011-10-10 13:34:00,5,768.82,463,60,595,153.76,3,4,3,343,Loyal Customers
13981,2010-10-20 10:03:00,2010-10-20 10:03:00,1,331.14,234,416,0,331.14,1,1,2,112,Lost Customers
13982,2010-01-20 14:04:00,2011-10-31 16:24:00,9,4382.89,2686,39,649,486.99,4,5,5,455,Champions
13983,2009-12-09 13:53:00,2011-11-10 11:06:00,21,7083.25,4145,30,700,337.3,4,5,5,455,Champions
13984,2009-12-07 11:51:00,2011-11-13 12:38:00,12,2048.6,1421,27,706,170.72,4,5,4,454,Champions
13985,2010-02-09 13:56:00,2011-12-05 17:06:00,22,10020.86,4936,4,664,455.49,5,5,5,555,Champions
13986,2011-11-22 15:00:00,2011-11-22 15:00:00,1,320.46,430,17,0,320.46,5,1,2,512,New Customers
13987,2010-11-04 09:54:00,2010-11-25 10:20:00,2,682.54,492,380,21,341.27,2,2,3,223,Hibernating
13988,2010-03-24 11:05:00,2011-11-20 10:15:00,8,4757.8,3385,20,605,594.72,4,4,5,445,Champions
13989,2010-05-25 12:13:00,2011-10-05 09:47:00,5,2026.06,2207,66,497,405.21,3,4,4,344,Loyal Customers
13990,2011-05-10 15:19:00,2011-05-10 15:19:00,1,311.3,190,213,0,311.3,2,1,2,212,Hibernating
13991,2011-07-19 12:58:00,2011-11-27 16:18:00,6,852.88,995,12,131,142.15,5,4,3,543,Loyal Customers
13992,2010-09-02 17:04:00,2011-11-09 15:23:00,3,219.5,154,30,432,73.17,4,3,1,431,Potential Loyalists
13993,2009-12-03 11:57:00,2011-10-28 09:06:00,19,6775.71,2135,43,693,356.62,4,5,5,455,Champions
13994,2011-07-14 18:28:00,2011-12-06 11:05:00,6,2274.14,932,4,144,379.02,5,4,4,544,Champions
13995,2009-12-18 12:43:00,2011-11-24 14:22:00,14,3902.01,2359,15,706,278.72,5,5,5,555,Champions
13996,2010-11-05 15:07:00,2010-11-18 16:27:00,2,895.76,613,386,13,447.88,2,2,3,223,Hibernating
13997,2010-06-07 17:33:00,2010-07-08 18:06:00,3,376.46,143,519,31,125.49,1,3,2,132,Hibernating
13998,2010-05-12 13:18:00,2010-09-19 10:20:00,3,566.7,204,447,129,188.9,1,3,2,132,Hibernating
13999,2009-12-05 12:42:00,2011-11-29 13:40:00,29,9502.26,5043,10,724,327.66,5,5,5,555,Champions
14000,2009-12-02 09:50:00,2011-05-12 16:50:00,5,2046.34,1838,211,526,409.27,2,4,4,244,At Risk
14001,2010-08-03 12:49:00,2011-10-25 10:31:00,9,4530.09,1873,46,447,503.34,4,5,5,455,Champions
14002,2011-07-06 14:59:00,2011-07-28 15:55:00,2,529.73,877,134,22,264.86,3,2,2,322,Need Attention
14003,2009-12-07 08:53:00,2009-12-07 08:53:00,1,209.41,149,733,0,209.41,1,1,1,111,Lost Customers
14004,2010-09-30 09:39:00,2011-10-27 14:40:00,11,6258.45,3425,43,392,568.95,4,5,5,455,Champions
14005,2011-05-08 10:33:00,2011-11-30 12:41:00,5,2874.72,2478,10,206,574.94,5,4,4,544,Champions
14006,2010-02-25 09:45:00,2011-08-16 09:39:00,7,2196.67,2181,116,536,313.81,3,4,4,344,Loyal Customers
14007,2010-07-15 09:06:00,2010-07-15 09:06:00,1,79.48,16,513,0,79.48,1,1,1,111,Lost Customers
14008,2010-10-03 13:09:00,2010-10-03 13:09:00,1,509.04,326,432,0,509.04,1,1,2,112,Lost Customers
14009,2010-09-03 12:08:00,2011-05-25 15:47:00,3,1099.91,951,198,264,366.64,2,3,3,233,Hibernating
14010,2010-05-23 12:46:00,2010-05-23 13:00:00,2,445.15,177,565,0,222.58,1,2,2,122,Lost Customers
14011,2010-04-11 13:40:00,2010-08-16 15:31:00,2,457.82,644,480,127,228.91,1,2,2,122,Lost Customers
14012,2011-03-07 12:26:00,2011-03-07 12:26:00,1,328.8,160,278,0,328.8,2,1,2,212,Hibernating
14013,2010-03-26 10:02:00,2011-08-21 15:01:00,5,1084.57,775,110,513,216.91,3,4,3,343,Loyal Customers
14014,2010-05-12 09:04:00,2011-09-23 13:18:00,3,1948.21,2004,77,499,649.4,3,3,4,334,Big Spenders
14015,2011-10-18 10:02:00,2011-10-18 10:02:00,1,917.34,378,53,0,917.34,4,1,3,413,Need Attention
14016,2010-01-08 14:12:00,2011-07-01 11:29:00,11,11403.41,5722,162,538,1036.67,3,5,5,355,Loyal Customers
14017,2010-05-17 14:52:00,2010-05-17 14:52:00,1,229.75,73,571,0,229.75,1,1,1,111,Lost Customers
14018,2010-03-04 14:23:00,2010-03-04 14:23:00,1,367.15,224,645,0,367.15,1,1,2,112,Lost Customers
14019,2011-07-24 15:39:00,2011-10-24 10:13:00,3,1421.61,1037,47,91,473.87,4,3,4,434,Potential Loyalists
14020,2010-06-28 15:29:00,2011-11-23 09:22:00,4,1249.01,648,17,512,312.25,5,3,4,534,Potential Loyalists
14021,2010-04-26 11:22:00,2011-07-07 15:46:00,7,1716.58,878,155,437,245.23,3,4,4,344,Loyal Customers
14022,2010-08-10 09:38:00,2011-04-28 14:39:00,2,792.15,681,225,261,396.08,2,2,3,223,Hibernating
14023,2011-04-03 15:50:00,2011-12-02 13:58:00,2,584.07,345,7,242,292.04,5,2,2,522,Potential Loyalists
14024,2010-11-14 10:51:00,2011-08-10 11:30:00,3,645.74,238,122,269,215.25,3,3,3,333,Need Attention
14025,2010-05-05 09:56:00,2010-09-01 10:11:00,8,4057.9,1914,465,119,507.24,1,4,5,145,At Risk
14026,2010-03-24 14:10:00,2010-08-26 10:31:00,2,713.11,427,471,154,356.56,1,2,3,123,Lost Customers
14027,2011-10-10 09:01:00,2011-10-10 09:01:00,1,104.82,62,61,0,104.82,3,1,1,311,Need Attention
14028,2010-06-07 12:02:00,2010-06-07 13:33:00,3,10396.5,7170,550,0,3465.5,1,3,5,135,Hibernating
14029,2011-07-18 16:57:00,2011-10-07 14:46:00,2,467.66,198,63,80,233.83,3,2,2,322,Need Attention
14030,2009-12-10 17:27:00,2011-11-21 16:48:00,20,8198.3,4312,18,710,409.92,5,5,5,555,Champions
14031,2009-12-03 15:35:00,2011-12-02 17:13:00,44,40919.58,14468,7,729,929.99,5,5,5,555,Champions
14032,2009-12-14 12:02:00,2011-12-07 15:23:00,16,4850.27,3916,2,723,303.14,5,5,5,555,Champions
14033,2010-06-02 15:10:00,2010-06-02 15:10:00,1,109.44,576,555,0,109.44,1,1,1,111,Lost Customers
14034,2011-07-05 13:06:00,2011-11-17 14:02:00,3,648.89,420,22,135,216.3,4,3,3,433,Potential Loyalists
14035,2010-04-06 12:39:00,2011-11-11 10:03:00,9,2794.75,1405,29,583,310.53,4,5,4,454,Champions
14036,2011-02-28 09:26:00,2011-02-28 09:26:00,1,626.65,268,285,0,626.65,2,1,3,213,Hibernating
14037,2009-12-07 11:39:00,2011-06-16 13:57:00,6,836.95,590,176,556,139.49,3,4,3,343,Loyal Customers
14038,2010-02-04 08:56:00,2011-09-22 13:37:00,5,3069.88,1708,78,595,613.98,3,4,5,345,Loyal Customers
14039,2010-05-13 10:15:00,2011-11-06 13:48:00,2,267.28,192,33,542,133.64,4,2,1,421,Potential Loyalists
14040,2009-12-01 12:14:00,2011-10-30 12:42:00,35,12523.81,4972,41,698,357.82,4,5,5,455,Champions
14041,2011-03-18 13:25:00,2011-03-18 13:25:00,1,141.41,94,266,0,141.41,2,1,1,211,Hibernating
14042,2009-12-14 15:07:00,2009-12-14 15:07:00,1,431.98,180,725,0,431.98,1,1,2,112,Lost Customers
14043,2009-12-10 15:56:00,2010-08-05 18:18:00,2,302.6,152,491,238,151.3,1,2,2,122,Lost Customers
14044,2010-01-24 15:14:00,2011-11-13 12:05:00,10,3077.7,2100,27,657,307.77,4,5,5,455,Champions
14045,2010-01-08 10:08:00,2011-08-22 15:27:00,16,11313.03,4587,109,591,707.06,3,5,5,355,Loyal Customers
14046,2011-02-28 14:48:00,2011-02-28 14:48:00,1,154.99,460,284,0,154.99,2,1,1,211,Hibernating
14047,2010-02-01 10:05:00,2011-12-01 11:43:00,14,4255.03,1649,9,668,303.93,5,5,5,555,Champions
14048,2010-11-22 14:08:00,2011-02-07 14:53:00,3,748.69,467,305,77,249.56,2,3,3,233,Hibernating
14049,2010-04-01 14:52:00,2011-11-23 12:20:00,13,13023.4,8480,17,600,1001.8,5,5,5,555,Champions
14050,2011-08-25 13:46:00,2011-11-08 10:00:00,2,746.36,689,32,74,373.18,4,2,3,423,Potential Loyalists
14051,2009-12-03 11:53:00,2011-12-09 10:20:00,37,22394.4,5923,1,735,605.25,5,5,5,555,Champions
14052,2010-11-14 11:37:00,2011-11-20 12:30:00,2,466.66,174,20,371,233.33,4,2,2,422,Potential Loyalists
14053,2010-08-10 11:02:00,2011-08-07 14:27:00,4,572.3,490,124,362,143.07,3,3,2,332,Need Attention
14054,2011-10-05 15:49:00,2011-10-05 15:49:00,1,92.46,62,65,0,92.46,3,1,1,311,Need Attention
14055,2009-12-16 15:11:00,2011-08-25 15:04:00,3,1520.96,720,106,616,506.99,3,3,4,334,Big Spenders
14056,2011-02-28 15:19:00,2011-12-08 13:36:00,23,8152.71,4252,1,282,354.47,5,5,5,555,Champions
14057,2009-12-03 13:17:00,2011-11-16 10:32:00,22,8346.66,6438,24,712,379.39,4,5,5,455,Champions
14058,2010-06-27 11:29:00,2010-09-03 09:31:00,2,469.19,211,463,67,234.6,1,2,2,122,Lost Customers
14059,2011-03-18 10:06:00,2011-03-18 10:06:00,1,183.6,128,267,0,183.6,2,1,1,211,Hibernating
14060,2010-03-11 09:47:00,2011-12-05 12:29:00,30,9519.08,8119,5,634,317.3,5,5,5,555,Champions
14061,2009-12-01 18:03:00,2010-07-20 17:22:00,3,917.43,133,507,230,305.81,1,3,3,133,Hibernating
14062,2009-12-10 14:28:00,2011-11-30 10:04:00,24,25585.65,12794,10,719,1066.07,5,5,5,555,Champions
14063,2009-12-08 13:46:00,2010-09-27 16:18:00,9,22710.2,3850,438,293,2523.36,1,5,5,155,At Risk
14064,2010-01-21 13:22:00,2011-11-10 13:14:00,15,3260.24,3911,29,657,217.35,4,5,5,455,Champions
14065,2010-10-04 12:03:00,2010-11-15 16:13:00,3,891.02,582,389,42,297.01,2,3,3,233,Hibernating
14066,2011-03-18 12:21:00,2011-03-18 12:21:00,1,152.55,45,267,0,152.55,2,1,1,211,Hibernating
14067,2011-09-04 12:00:00,2011-10-07 10:21:00,2,374.7,361,64,32,187.35,3,2,2,322,Need Attention
14068,2010-01-31 10:10:00,2011-01-23 16:02:00,4,1516.72,510,320,357,379.18,2,3,4,234,Hibernating
14069,2010-05-27 12:30:00,2010-07-13 12:12:00,2,225.81,58,515,46,112.9,1,2,1,121,Lost Customers
14070,2010-01-24 12:27:00,2010-01-24 12:27:00,1,321.6,85,685,0,321.6,1,1,2,112,Lost Customers
14071,2011-03-20 11:33:00,2011-12-06 12:27:00,8,1437.57,994,4,261,179.7,5,4,4,544,Champions
14072,2010-02-11 12:31:00,2010-02-11 12:31:00,1,390.85,65,667,0,390.85,1,1,2,112,Lost Customers
14073,2011-11-07 15:49:00,2011-11-07 15:49:00,1,151.04,130,32,0,151.04,4,1,1,411,Need Attention
14074,2010-03-26 13:55:00,2010-03-26 13:55:00,1,219.4,228,623,0,219.4,1,1,1,111,Lost Customers
14075,2010-06-16 14:47:00,2011-12-05 08:38:00,6,1734.87,1494,5,536,289.14,5,4,4,544,Champions
14076,2011-08-02 15:19:00,2011-08-02 15:19:00,1,118.67,79,129,0,118.67,3,1,1,311,Need Attention
14077,2010-11-09 16:01:00,2011-10-30 12:35:00,6,615.08,376,41,354,102.51,4,4,2,442,Loyal Customers
14078,2010-03-28 15:05:00,2011-08-30 12:16:00,9,1689.71,615,102,519,187.75,3,5,4,354,Loyal Customers
14079,2010-01-26 17:19:00,2011-08-07 12:10:00,2,618.73,302,125,557,309.36,3,2,3,323,Need Attention
14080,2009-12-02 15:01:00,2011-11-07 11:09:00,5,1115.68,268,33,704,223.14,4,4,3,443,Loyal Customers
14081,2009-12-10 18:27:00,2011-02-10 16:17:00,10,5291.09,3633,302,426,529.11,2,5,5,255,At Risk
14082,2010-11-12 11:47:00,2010-12-10 11:02:00,2,413.36,246,365,27,206.68,2,2,2,222,Hibernating
14083,2009-12-18 11:34:00,2011-12-05 13:14:00,11,1376.2,912,4,717,125.11,5,5,4,554,Champions
14084,2010-07-15 14:36:00,2010-07-15 14:36:00,1,150.5,306,512,0,150.5,1,1,1,111,Lost Customers
14085,2009-12-08 13:41:00,2011-12-07 13:46:00,33,10028.72,6540,2,729,303.9,5,5,5,555,Champions
14086,2010-09-03 10:52:00,2010-09-03 10:52:00,1,39.95,1,463,0,39.95,1,1,1,111,Lost Customers
14087,2009-12-04 15:27:00,2011-12-07 12:41:00,3,829.47,718,3,732,276.49,5,3,3,533,Potential Loyalists
14088,2010-10-14 19:46:00,2011-11-29 16:16:00,16,64036.8,15276,10,410,4002.3,5,5,5,555,Champions
14089,2011-10-14 10:38:00,2011-10-14 10:38:00,1,158.75,133,57,0,158.75,4,1,1,411,Need Attention
14090,2011-01-19 10:51:00,2011-01-19 10:51:00,1,76.32,72,325,0,76.32,2,1,1,211,Hibernating
14091,2010-01-10 13:41:00,2010-02-23 15:17:00,2,9530.08,3316,654,44,4765.04,1,2,5,125,Lost Customers
14092,2009-12-16 16:24:00,2011-12-02 12:13:00,24,7229.45,3606,8,715,301.23,5,5,5,555,Champions
14093,2011-11-27 16:27:00,2011-11-27 16:27:00,1,433.86,391,12,0,433.86,5,1,2,512,New Customers
14094,2010-09-26 11:58:00,2010-09-26 11:58:00,1,311.77,158,440,0,311.77,1,1,2,112,Lost Customers
14095,2009-12-17 12:49:00,2009-12-17 12:49:00,1,2.95,1,723,0,2.95,1,1,1,111,Lost Customers
14096,2011-08-30 10:49:00,2011-12-05 17:17:00,17,65164.79,16352,4,97,3833.22,5,5,5,555,Champions
14097,2010-03-04 10:46:00,2010-08-15 14:20:00,2,422.86,352,481,164,211.43,1,2,2,122,Lost Customers
14098,2011-11-03 10:13:00,2011-11-03 10:13:00,1,147.35,104,37,0,147.35,4,1,1,411,Need Attention
14099,2009-12-10 11:55:00,2011-11-23 13:53:00,20,5750.91,3666,16,713,287.55,5,5,5,555,Champions
14100,2011-07-25 11:01:00,2011-07-25 11:01:00,1,191.95,63,138,0,191.95,3,1,1,311,Need Attention
14101,2010-03-28 13:36:00,2011-09-27 12:28:00,13,9961.93,10542,74,547,766.3,3,5,5,355,Loyal Customers
14102,2011-10-26 12:46:00,2011-12-04 15:38:00,5,1105.88,769,5,39,221.18,5,4,3,543,Loyal Customers
14104,2010-05-28 16:11:00,2011-07-08 12:50:00,5,743.53,496,155,405,148.71,3,4,3,343,Loyal Customers
14105,2009-12-18 16:57:00,2011-04-14 17:58:00,5,5988.83,3534,239,482,1197.77,2,4,5,245,At Risk
14106,2009-12-02 14:09:00,2009-12-02 14:09:00,1,214.8,24,737,0,214.8,1,1,1,111,Lost Customers
14107,2009-12-09 14:20:00,2011-10-19 12:12:00,11,4877.3,3489,52,678,443.39,4,5,5,455,Champions
14108,2009-12-01 18:07:00,2011-11-09 10:41:00,4,1044.96,660,31,707,261.24,4,3,3,433,Potential Loyalists
14109,2011-09-28 10:18:00,2011-09-28 10:18:00,1,144.2,88,73,0,144.2,3,1,1,311,Need Attention
14110,2009-12-01 09:50:00,2011-12-06 12:26:00,33,12987.95,5825,4,735,393.57,5,5,5,555,Champions
14111,2011-04-12 11:36:00,2011-11-25 13:44:00,4,692.85,458,14,227,173.21,5,3,3,533,Potential Loyalists
14112,2010-02-23 14:16:00,2011-11-17 12:30:00,13,5834.59,3539,23,631,448.81,4,5,5,455,Champions
14113,2009-12-08 07:42:00,2011-12-06 12:18:00,16,7092.61,3439,4,728,443.29,5,5,5,555,Champions
14114,2010-04-12 11:07:00,2011-03-11 09:42:00,7,1364.09,650,274,332,194.87,2,4,4,244,At Risk
14115,2010-02-11 11:44:00,2010-07-26 12:36:00,2,622.67,509,502,165,311.33,1,2,3,123,Lost Customers
14116,2011-08-10 12:44:00,2011-11-20 10:29:00,5,1382.74,707,20,101,276.55,4,4,4,444,Champions
14117,2011-07-19 09:49:00,2011-07-19 09:49:00,1,90.0,72,144,0,90.0,3,1,1,311,Need Attention
14118,2010-10-07 11:59:00,2010-10-07 11:59:00,1,458.45,97,429,0,458.45,1,1,2,112,Lost Customers
14119,2009-12-21 14:52:00,2010-11-29 10:33:00,2,183.37,177,376,342,91.68,2,2,1,221,Hibernating
14121,2011-10-11 10:39:00,2011-12-06 12:19:00,4,2780.15,2082,4,56,695.04,5,3,4,534,Potential Loyalists
14122,2009-12-02 14:22:00,2010-10-29 15:11:00,3,362.42,114,406,331,120.81,2,3,2,232,Hibernating
14123,2009-12-06 15:35:00,2009-12-06 15:35:00,1,436.18,234,733,0,436.18,1,1,2,112,Lost Customers
14124,2011-09-16 13:32:00,2011-09-16 13:32:00,1,419.58,1618,84,0,419.58,3,1,2,312,Need Attention
14125,2011-09-22 15:40:00,2011-11-29 12:47:00,3,2720.63,1628,11,67,906.88,5,3,4,534,Potential Loyalists
14126,2010-09-21 14:51:00,2011-12-02 11:45:00,4,1172.46,887,8,436,293.12,5,3,3,533,Potential Loyalists
14127,2010-10-10 11:53:00,2011-08-09 10:49:00,6,1900.08,828,123,302,316.68,3,4,4,344,Loyal Customers
14128,2010-06-06 14:05:00,2011-10-10 12:00:00,3,924.21,814,61,490,308.07,3,3,3,333,Need Attention
14129,2010-05-09 14:54:00,2011-12-08 11:02:00,9,2591.34,1414,2,577,287.93,5,5,4,554,Champions
14130,2009-12-11 16:33:00,2011-01-24 16:05:00,4,1858.77,1215,319,408,464.69,2,3,4,234,Hibernating
14131,2010-03-01 11:59:00,2010-03-01 11:59:00,1,168.22,105,649,0,168.22,1,1,1,111,Lost Customers
14132,2011-06-09 12:04:00,2011-12-07 13:35:00,11,3586.03,3368,2,181,326.0,5,5,5,555,Champions
14133,2009-12-06 12:10:00,2011-08-02 11:34:00,4,911.14,398,130,603,227.78,3,3,3,333,Need Attention
14134,2009-12-10 09:25:00,2010-11-22 12:26:00,15,11123.35,5814,383,347,741.56,2,5,5,255,At Risk
14135,2009-12-02 08:58:00,2011-12-08 11:38:00,24,9643.92,9355,2,736,401.83,5,5,5,555,Champions
14136,2009-12-08 09:19:00,2010-11-04 11:53:00,5,1570.81,1148,401,331,314.16,2,4,4,244,At Risk
14137,2010-01-13 12:30:00,2010-01-13 12:30:00,1,332.7,462,696,0,332.7,1,1,2,112,Lost Customers
14138,2011-10-07 09:38:00,2011-12-08 12:44:00,2,965.88,600,2,62,482.94,5,2,3,523,Potential Loyalists
14139,2010-06-15 09:17:00,2011-10-24 13:34:00,4,1086.8,1049,46,496,271.7,4,3,3,433,Potential Loyalists
14140,2011-11-08 11:20:00,2011-12-06 09:05:00,2,935.05,811,4,27,467.52,5,2,3,523,Potential Loyalists
14141,2011-08-26 14:40:00,2011-12-07 09:53:00,4,915.13,355,3,102,228.78,5,3,3,533,Potential Loyalists
14142,2010-03-03 15:13:00,2010-12-01 16:33:00,2,983.15,831,373,273,491.58,2,2,3,223,Hibernating
14143,2011-07-29 09:48:00,2011-07-29 09:48:00,1,115.8,30,134,0,115.8,3,1,1,311,Need Attention
14144,2010-08-10 15:17:00,2010-08-10 15:17:00,1,30.6,12,486,0,30.6,1,1,1,111,Lost Customers
14145,2010-04-08 09:47:00,2011-10-24 12:10:00,7,7600.05,1655,47,564,1085.72,4,4,5,445,Champions
14146,2010-01-13 16:04:00,2011-12-01 10:18:00,12,9450.3,5780,9,686,787.52,5,5,5,555,Champions
14147,2010-03-09 13:43:00,2011-09-22 18:10:00,9,2590.2,995,78,562,287.8,3,5,4,354,Loyal Customers
14148,2010-10-21 14:08:00,2011-04-20 12:02:00,2,466.29,223,234,180,233.14,2,2,2,222,Hibernating
14149,2011-05-03 09:44:00,2011-05-03 09:44:00,1,446.62,218,221,0,446.62,2,1,2,212,Hibernating
14150,2010-12-15 10:04:00,2011-11-04 10:05:00,2,658.64,496,36,324,329.32,4,2,3,423,Potential Loyalists
14151,2009-12-23 10:54:00,2010-02-04 15:35:00,2,679.45,405,673,43,339.72,1,2,3,123,Lost Customers
14152,2010-02-18 13:57:00,2011-09-25 12:54:00,7,1997.34,1844,75,583,285.33,3,4,4,344,Loyal Customers
14153,2010-08-13 14:35:00,2010-08-13 14:35:00,1,233.4,312,483,0,233.4,1,1,1,111,Lost Customers
14154,2010-01-13 12:47:00,2011-04-14 16:26:00,8,6460.7,3222,239,456,807.59,2,4,5,245,At Risk
14155,2011-03-18 14:13:00,2011-03-18 14:13:00,1,118.75,25,266,0,118.75,2,1,1,211,Hibernating
14156,2009-12-01 12:30:00,2011-11-30 10:54:00,156,313759.82,165873,10,728,2011.28,5,5,5,555,Champions
14157,2010-03-03 16:49:00,2011-11-20 11:32:00,5,978.69,521,20,626,195.74,4,4,3,443,Loyal Customers
14158,2011-10-30 15:08:00,2011-10-30 15:08:00,1,507.66,781,40,0,507.66,4,1,2,412,Need Attention
14159,2009-12-03 12:31:00,2011-11-20 12:36:00,20,7860.8,6520,20,717,393.04,4,5,5,455,Champions
14160,2010-01-10 12:06:00,2010-04-08 14:30:00,7,8421.47,4661,610,88,1203.07,1,4,5,145,At Risk
14161,2009-12-13 11:46:00,2011-05-08 11:41:00,7,3280.08,1608,216,510,468.58,2,4,5,245,At Risk
14162,2011-02-20 12:32:00,2011-06-19 11:36:00,2,289.36,142,174,118,144.68,3,2,1,321,Need Attention
14163,2010-09-03 17:15:00,2011-09-13 15:18:00,5,2594.62,950,87,374,518.92,3,4,4,344,Loyal Customers
14164,2011-09-20 12:18:00,2011-09-30 12:24:00,2,1631.77,1033,71,10,815.88,3,2,4,324,Big Spenders
14165,2011-03-09 12:39:00,2011-03-09 12:39:00,1,120.44,53,276,0,120.44,2,1,1,211,Hibernating
14166,2010-03-23 15:10:00,2010-07-22 19:42:00,2,251.15,82,505,121,125.58,1,2,1,121,Lost Customers
14167,2010-01-27 16:07:00,2011-10-31 14:29:00,8,1274.29,340,39,641,159.29,4,4,4,444,Champions
14168,2010-05-24 12:28:00,2010-10-15 10:49:00,2,370.45,147,421,143,185.22,1,2,2,122,Lost Customers
14169,2010-09-21 13:39:00,2010-10-05 08:45:00,2,621.51,205,431,13,310.76,1,2,3,123,Lost Customers
14170,2010-11-09 14:06:00,2010-11-29 13:10:00,3,570.18,270,375,19,190.06,2,3,2,232,Hibernating
14171,2009-12-09 13:50:00,2011-09-02 16:43:00,2,498.79,211,98,632,249.4,3,2,2,322,Need Attention
14172,2010-03-07 10:58:00,2010-04-13 13:26:00,3,369.02,78,605,37,123.01,1,3,2,132,Hibernating
14173,2009-12-09 12:46:00,2011-11-29 11:54:00,6,586.0,194,11,719,97.67,5,4,2,542,Loyal Customers
14174,2011-11-06 13:17:00,2011-11-06 13:17:00,1,134.46,94,33,0,134.46,4,1,1,411,Need Attention
14175,2010-03-22 10:43:00,2011-10-11 11:55:00,8,7678.88,3009,60,568,959.86,3,4,5,345,Loyal Customers
14176,2010-11-23 13:21:00,2011-02-15 13:12:00,5,916.01,326,297,83,183.2,2,4,3,243,At Risk
14177,2010-02-26 11:59:00,2011-09-14 15:11:00,13,2209.69,1043,86,565,169.98,3,5,4,354,Loyal Customers
14178,2011-06-10 12:51:00,2011-12-01 12:01:00,7,1600.26,1494,9,173,228.61,5,4,4,544,Champions
14179,2011-10-18 14:00:00,2011-10-30 12:07:00,2,701.57,319,41,11,350.78,4,2,3,423,Potential Loyalists
14180,2010-06-09 14:56:00,2011-11-29 10:56:00,33,6319.25,878,11,537,191.49,5,5,5,555,Champions
14181,2010-05-26 12:32:00,2010-10-25 08:27:00,2,308.35,120,411,151,154.18,1,2,2,122,Lost Customers
14182,2010-04-22 15:36:00,2010-09-22 11:45:00,4,678.77,174,444,152,169.69,1,3,3,133,Hibernating
14183,2010-08-15 15:36:00,2010-10-24 14:45:00,2,278.34,60,411,69,139.17,1,2,1,121,Lost Customers
14184,2011-10-04 12:43:00,2011-10-04 12:43:00,1,452.89,127,67,0,452.89,3,1,2,312,Need Attention
14185,2011-01-12 13:52:00,2011-01-12 13:52:00,1,197.65,6,331,0,197.65,2,1,1,211,Hibernating
14186,2010-03-05 11:17:00,2010-10-08 13:30:00,5,1550.63,1550,427,217,310.13,1,4,4,144,At Risk
14187,2010-08-23 12:06:00,2010-08-23 12:06:00,1,123.5,50,474,0,123.5,1,1,1,111,Lost Customers
14188,2011-02-02 13:46:00,2011-11-09 12:45:00,6,2054.36,1162,31,279,342.39,4,4,4,444,Champions
14189,2010-11-16 09:28:00,2011-12-07 15:55:00,16,5814.39,4646,2,386,363.4,5,5,5,555,Champions
14190,2010-02-11 14:27:00,2010-02-11 14:27:00,1,79.9,2,666,0,79.9,1,1,1,111,Lost Customers
14191,2009-12-11 10:48:00,2011-12-08 09:23:00,15,4817.66,3724,2,726,321.18,5,5,5,555,Champions
14192,2010-11-16 17:44:00,2010-11-16 17:44:00,1,293.74,218,388,0,293.74,2,1,2,212,Hibernating
14193,2010-11-08 12:31:00,2011-10-03 09:34:00,3,1210.19,653,68,328,403.4,3,3,3,333,Need Attention
14194,2010-01-06 12:16:00,2011-12-05 10:38:00,36,18670.59,10037,5,697,518.63,5,5,5,555,Champions
14195,2010-03-15 17:12:00,2011-05-22 10:29:00,6,2615.6,2144,202,432,435.93,2,4,4,244,At Risk
14196,2011-08-25 10:25:00,2011-08-25 10:25:00,1,335.52,142,107,0,335.52,3,1,2,312,Need Attention
14197,2010-10-25 10:01:00,2010-10-25 10:01:00,1,390.05,143,411,0,390.05,1,1,2,112,Lost Customers
14198,2010-01-05 10:07:00,2011-11-21 16:35:00,9,1569.73,623,18,685,174.41,5,5,4,554,Champions
14199,2010-06-27 12:13:00,2011-05-05 13:44:00,4,1091.7,254,218,312,272.92,2,3,3,233,Hibernating
14200,2010-04-01 13:01:00,2010-04-01 13:01:00,1,379.2,140,617,0,379.2,1,1,2,112,Lost Customers
14201,2010-04-30 13:00:00,2011-10-10 13:27:00,10,1193.54,806,60,528,119.35,3,5,3,353,Loyal Customers
14202,2010-03-25 10:36:00,2010-11-23 17:13:00,3,847.76,166,381,243,282.59,2,3,3,233,Hibernating
14203,2010-11-07 13:35:00,2010-11-07 13:35:00,1,339.34,80,397,0,339.34,2,1,2,212,Hibernating
14204,2009-12-02 13:26:00,2011-12-07 13:38:00,4,1024.83,469,2,735,256.21,5,3,3,533,Potential Loyalists
14205,2010-03-07 12:20:00,2011-11-23 10:55:00,9,2414.2,1342,17,625,268.24,5,5,4,554,Champions
14206,2010-11-02 11:37:00,2011-04-14 16:38:00,3,1185.01,930,239,163,395.0,2,3,3,233,Hibernating
14207,2010-01-21 09:33:00,2010-01-21 09:33:00,1,157.8,36,688,0,157.8,1,1,1,111,Lost Customers
14208,2010-06-06 13:11:00,2011-09-06 12:48:00,2,567.05,529,95,456,283.52,3,2,2,322,Need Attention
14209,2010-01-22 10:28:00,2011-11-29 10:18:00,15,4993.27,1739,11,675,332.88,5,5,5,555,Champions
14210,2010-01-06 10:17:00,2011-08-26 12:36:00,16,5861.52,2604,106,597,366.34,3,5,5,355,Loyal Customers
14211,2009-12-09 12:48:00,2011-10-17 13:23:00,18,4402.29,2575,53,677,244.57,4,5,5,455,Champions
14212,2010-09-20 11:48:00,2011-09-11 12:45:00,2,2190.14,2046,90,356,1095.07,3,2,4,324,Big Spenders
14213,2010-10-31 10:37:00,2010-10-31 10:37:00,1,1192.2,244,405,0,1192.2,2,1,3,213,Hibernating
14214,2011-03-07 12:26:00,2011-11-09 10:31:00,5,1004.38,751,31,246,200.88,4,4,3,443,Loyal Customers
14215,2009-12-08 09:35:00,2011-11-28 12:19:00,9,3416.33,2285,12,720,379.59,5,5,5,555,Champions
14216,2010-10-21 15:07:00,2011-12-06 14:56:00,5,2150.04,712,3,410,430.01,5,4,4,544,Champions
14217,2010-06-30 12:54:00,2011-12-08 11:53:00,23,3416.89,1256,2,525,148.56,5,5,5,555,Champions
14218,2011-10-28 10:00:00,2011-10-28 10:00:00,1,169.48,160,43,0,169.48,4,1,1,411,Need Attention
14219,2010-08-03 14:42:00,2011-12-05 16:23:00,3,633.83,363,4,489,211.28,5,3,3,533,Potential Loyalists
14220,2010-05-19 13:26:00,2011-04-06 13:23:00,4,1515.0,468,247,321,378.75,2,3,4,234,Hibernating
14221,2010-04-06 14:10:00,2011-10-28 13:42:00,17,6517.49,3808,42,569,383.38,4,5,5,455,Champions
14222,2011-06-15 16:42:00,2011-06-15 16:42:00,1,683.17,607,177,0,683.17,3,1,3,313,Need Attention
14223,2011-03-20 16:02:00,2011-09-08 13:38:00,3,991.13,585,92,171,330.38,3,3,3,333,Need Attention
14224,2010-06-13 13:46:00,2011-08-21 13:24:00,9,1841.71,826,110,433,204.63,3,5,4,354,Loyal Customers
14225,2010-01-12 15:02:00,2010-10-01 10:32:00,4,2031.07,1167,435,261,507.77,1,3,4,134,Hibernating
14226,2010-09-24 14:32:00,2011-11-11 11:34:00,6,2985.13,1714,29,412,497.52,4,4,5,445,Champions
14227,2010-02-08 09:38:00,2011-11-13 15:48:00,15,6368.71,4048,26,643,424.58,4,5,5,455,Champions
14228,2010-06-11 12:29:00,2010-09-28 09:45:00,3,745.5,260,438,108,248.5,1,3,3,133,Hibernating
14229,2010-08-25 11:47:00,2011-10-19 10:04:00,7,2594.04,934,52,419,370.58,4,4,4,444,Champions
14230,2010-06-09 13:56:00,2010-09-30 09:07:00,3,979.8,246,436,112,326.6,1,3,3,133,Hibernating
14231,2010-09-15 09:52:00,2011-06-09 11:05:00,4,1235.62,610,184,267,308.9,3,3,3,333,Need Attention
14232,2011-03-20 12:44:00,2011-10-28 11:09:00,5,2048.07,1941,43,221,409.61,4,4,4,444,Champions
14233,2010-03-05 16:35:00,2011-10-21 15:54:00,7,2904.27,1261,49,594,414.9,4,4,4,444,Champions
14234,2011-10-13 13:58:00,2011-11-17 17:53:00,4,754.12,951,22,35,188.53,4,3,3,433,Potential Loyalists
14235,2010-03-30 13:36:00,2011-09-25 14:37:00,9,4717.99,3014,75,544,524.22,3,5,5,355,Loyal Customers
14236,2010-07-22 14:27:00,2011-09-20 09:13:00,5,1744.64,812,81,424,348.93,3,4,4,344,Loyal Customers
14237,2010-04-28 10:04:00,2010-12-01 13:20:00,2,632.14,276,373,217,316.07,2,2,3,223,Hibernating
14238,2009-12-05 10:58:00,2011-01-17 14:40:00,3,434.23,189,326,408,144.74,2,3,2,232,Hibernating
14239,2009-12-05 12:36:00,2011-10-27 14:40:00,21,4263.17,1729,43,691,203.01,4,5,5,455,Champions
14240,2010-10-12 12:48:00,2011-11-09 13:45:00,3,1247.49,655,30,393,415.83,4,3,4,434,Potential Loyalists
14241,2010-01-12 15:11:00,2011-06-09 11:46:00,2,333.7,242,184,512,166.85,3,2,2,322,Need Attention
14242,2011-01-18 08:53:00,2011-04-19 11:46:00,2,280.55,123,235,91,140.28,2,2,1,221,Hibernating
14243,2010-08-20 13:41:00,2011-12-01 11:12:00,17,7431.05,3687,9,467,437.12,5,5,5,555,Champions
14244,2010-02-17 11:40:00,2010-02-17 11:40:00,1,366.42,814,661,0,366.42,1,1,2,112,Lost Customers
14245,2011-03-21 10:41:00,2011-05-04 08:40:00,2,1693.45,976,220,43,846.72,2,2,4,224,Hibernating
14246,2011-04-08 08:25:00,2011-08-21 11:50:00,3,1474.06,804,111,135,491.35,3,3,4,334,Big Spenders
14247,2010-06-06 15:07:00,2011-03-06 15:21:00,5,753.56,378,278,273,150.71,2,4,3,243,At Risk
14248,2010-07-12 14:27:00,2011-01-25 14:45:00,3,1032.95,692,318,197,344.32,2,3,3,233,Hibernating
14249,2010-01-29 14:21:00,2010-10-25 12:34:00,12,5400.46,2383,411,268,450.04,1,5,5,155,At Risk
14250,2011-09-11 13:44:00,2011-12-02 14:30:00,3,1904.05,1200,7,82,634.68,5,3,4,534,Potential Loyalists
14251,2011-10-13 12:46:00,2011-12-08 08:32:00,5,2879.7,1674,2,55,575.94,5,4,4,544,Champions
14252,2010-11-23 13:36:00,2010-11-23 13:36:00,1,350.99,111,381,0,350.99,2,1,2,212,Hibernating
14253,2010-03-26 15:08:00,2010-08-03 14:55:00,2,363.4,88,493,129,181.7,1,2,2,122,Lost Customers
14254,2010-10-03 11:52:00,2010-10-03 11:52:00,1,601.03,263,433,0,601.03,1,1,2,112,Lost Customers
14255,2010-06-11 15:54:00,2010-06-11 15:54:00,1,1000.63,1,546,0,1000.63,1,1,3,113,Lost Customers
14256,2010-01-14 10:35:00,2011-03-24 13:17:00,5,2460.79,1147,260,434,492.16,2,4,4,244,At Risk
14257,2010-03-01 15:36:00,2011-10-06 16:54:00,9,5954.45,3332,64,584,661.61,3,5,5,355,Loyal Customers
14258,2009-12-04 08:36:00,2011-11-30 15:27:00,25,32051.34,17488,9,726,1282.05,5,5,5,555,Champions
14259,2011-07-21 10:44:00,2011-07-21 10:44:00,1,120.0,68,142,0,120.0,3,1,1,311,Need Attention
14260,2010-06-09 11:23:00,2010-08-25 14:55:00,3,824.28,544,471,77,274.76,1,3,3,133,Hibernating
14261,2011-09-22 10:47:00,2011-10-20 10:04:00,2,1163.45,406,51,27,581.72,4,2,3,423,Potential Loyalists
14262,2011-04-13 12:23:00,2011-12-01 14:17:00,8,2618.23,1645,8,232,327.28,5,4,4,544,Champions
14263,2010-10-12 14:09:00,2010-10-12 14:09:00,1,322.93,171,423,0,322.93,1,1,2,112,Lost Customers
14264,2010-04-07 13:21:00,2011-07-08 10:20:00,6,1517.36,553,155,456,252.89,3,4,4,344,Loyal Customers
14265,2010-04-06 14:39:00,2011-08-22 13:32:00,4,1373.35,715,109,502,343.34,3,3,4,334,Big Spenders
14266,2010-10-07 13:32:00,2010-10-07 13:32:00,1,40.56,24,428,0,40.56,1,1,1,111,Lost Customers
14267,2011-03-24 11:38:00,2011-06-30 10:09:00,3,1516.24,530,163,97,505.41,3,3,4,334,Big Spenders
14268,2010-08-26 10:45:00,2010-08-26 10:45:00,1,354.85,147,471,0,354.85,1,1,2,112,Lost Customers
14269,2010-09-26 12:53:00,2010-09-26 12:53:00,1,295.73,123,439,0,295.73,1,1,2,112,Lost Customers
14270,2011-01-12 09:33:00,2011-01-12 09:33:00,1,492.65,197,332,0,492.65,2,1,2,212,Hibernating
14271,2010-10-26 17:01:00,2011-04-28 12:47:00,2,214.18,148,226,183,107.09,2,2,1,221,Hibernating
14272,2010-05-06 14:01:00,2011-09-27 10:08:00,4,920.81,1097,74,508,230.2,3,3,3,333,Need Attention
14273,2011-04-11 13:24:00,2011-10-19 13:20:00,4,559.97,264,51,190,139.99,4,3,2,432,Potential Loyalists
14274,2010-01-22 12:51:00,2010-01-22 12:51:00,1,256.6,178,686,0,256.6,1,1,1,111,Lost Customers
14275,2010-04-11 12:32:00,2010-11-09 09:06:00,6,1189.38,538,396,211,198.23,2,4,3,243,At Risk
14276,2010-02-17 13:10:00,2011-09-02 09:45:00,7,2102.68,1406,99,561,300.38,3,4,4,344,Loyal Customers
14277,2009-12-13 15:43:00,2011-11-24 15:01:00,9,17197.61,89806,15,710,1910.85,5,5,5,555,Champions
14278,2010-10-26 12:07:00,2010-10-26 12:07:00,1,205.83,131,410,0,205.83,2,1,1,211,Hibernating
14279,2010-01-27 16:34:00,2010-07-07 08:42:00,2,191.86,46,521,160,95.93,1,2,1,121,Lost Customers
14280,2011-05-27 10:37:00,2011-05-27 10:37:00,1,134.04,52,197,0,134.04,2,1,1,211,Hibernating
14281,2010-10-27 14:45:00,2010-10-27 14:45:00,1,245.15,45,408,0,245.15,2,1,1,211,Hibernating
14282,2010-02-15 11:22:00,2011-12-06 17:04:00,25,7821.76,5466,3,659,312.87,5,5,5,555,Champions
14283,2010-05-19 12:22:00,2010-09-02 14:46:00,4,628.44,550,463,106,157.11,1,3,3,133,Hibernating
14284,2010-02-24 12:06:00,2011-11-09 08:11:00,3,1299.65,510,31,622,433.22,4,3,4,434,Potential Loyalists
14285,2009-12-08 14:13:00,2011-11-18 14:50:00,8,3284.42,954,21,710,410.55,4,4,5,445,Champions
14286,2009-12-04 08:40:00,2011-11-16 10:34:00,7,8479.76,8795,24,712,1211.39,4,4,5,445,Champions
14287,2011-05-25 11:41:00,2011-12-01 13:25:00,3,176.63,261,8,190,58.88,5,3,1,531,Potential Loyalists
14288,2011-05-10 13:22:00,2011-05-10 13:22:00,1,426.6,188,213,0,426.6,2,1,2,212,Hibernating
14289,2011-02-23 12:33:00,2011-12-01 11:44:00,6,911.26,292,9,280,151.88,5,4,3,543,Loyal Customers
14290,2009-12-08 11:44:00,2011-11-28 14:02:00,8,4516.56,1600,11,720,564.57,5,4,5,545,Champions
14291,2009-12-09 10:46:00,2011-12-08 10:26:00,23,7904.1,6146,2,728,343.66,5,5,5,555,Champions
14292,2010-03-19 11:10:00,2011-12-02 11:50:00,16,9226.25,3429,8,623,576.64,5,5,5,555,Champions
14293,2009-12-10 10:57:00,2011-12-06 15:17:00,9,3267.93,1730,3,726,363.1,5,5,5,555,Champions
14294,2010-10-28 16:25:00,2010-10-28 16:25:00,1,375.34,190,407,0,375.34,2,1,2,212,Hibernating
14295,2009-12-08 09:49:00,2011-10-30 15:50:00,5,2362.91,1029,40,691,472.58,4,4,4,444,Champions
14296,2010-05-14 14:34:00,2010-10-14 14:14:00,2,456.4,314,421,152,228.2,1,2,2,122,Lost Customers
14297,2011-03-10 08:31:00,2011-11-22 09:06:00,4,1305.33,865,18,257,326.33,5,3,4,534,Potential Loyalists
14298,2009-12-11 13:49:00,2011-12-01 13:12:00,82,91194.49,100272,8,719,1112.13,5,5,5,555,Champions
14299,2009-12-02 10:58:00,2011-12-01 16:05:00,27,14499.49,8228,8,729,537.02,5,5,5,555,Champions
14300,2011-11-21 08:57:00,2011-11-21 08:57:00,1,43.2,32,19,0,43.2,5,1,1,511,New Customers
14301,2010-02-11 13:07:00,2011-08-14 15:33:00,4,1992.18,1686,117,549,498.04,3,3,4,334,Big Spenders
14302,2009-12-02 08:16:00,2010-10-05 08:10:00,3,742.9,298,431,306,247.63,1,3,3,133,Hibernating
14303,2010-10-01 10:31:00,2010-10-28 15:37:00,2,277.94,218,407,27,138.97,2,2,1,221,Hibernating
14304,2010-05-18 10:50:00,2011-05-01 11:50:00,3,1725.01,775,223,348,575.0,2,3,4,234,Hibernating
14305,2011-07-27 14:14:00,2011-09-29 15:29:00,3,1858.96,1089,71,64,619.65,3,3,4,334,Big Spenders
14306,2010-01-31 13:42:00,2011-10-19 13:23:00,6,3151.4,2065,51,625,525.23,4,4,5,445,Champions
14307,2009-12-07 13:06:00,2011-09-12 09:38:00,10,5071.03,3374,89,643,507.1,3,5,5,355,Loyal Customers
14308,2010-06-08 16:39:00,2010-06-08 16:48:00,2,1147.02,2,549,0,573.51,1,2,3,123,Lost Customers
14309,2010-06-07 10:24:00,2011-12-01 13:33:00,11,3780.81,2583,8,542,343.71,5,5,5,555,Champions
14310,2010-10-03 12:34:00,2010-10-03 12:34:00,1,492.1,230,433,0,492.1,1,1,2,112,Lost Customers
14311,2010-05-21 10:28:00,2011-04-11 10:14:00,2,516.45,235,243,324,258.23,2,2,2,222,Hibernating
14312,2010-07-23 15:05:00,2011-10-24 09:46:00,11,3090.29,1904,47,457,280.94,4,5,5,455,Champions
14314,2010-10-05 08:00:00,2011-08-25 10:39:00,2,229.8,332,107,324,114.9,3,2,1,321,Need Attention
14315,2010-03-15 12:49:00,2011-10-26 12:06:00,8,3197.82,1344,45,589,399.73,4,4,5,445,Champions
14316,2010-03-19 15:18:00,2010-10-13 16:31:00,5,1370.34,4494,422,208,274.07,1,4,4,144,At Risk
14317,2011-10-06 10:44:00,2011-10-06 10:44:00,1,508.58,255,65,0,508.58,3,1,2,312,Need Attention
14318,2010-09-05 15:32:00,2010-09-05 15:32:00,1,158.02,152,460,0,158.02,1,1,1,111,Lost Customers
14319,2010-10-11 13:38:00,2010-10-11 13:38:00,1,494.85,329,424,0,494.85,1,1,2,112,Lost Customers
14320,2010-01-21 11:44:00,2011-05-17 09:24:00,5,1346.75,713,207,480,269.35,2,4,4,244,At Risk
14321,2010-08-23 12:56:00,2011-11-29 09:47:00,7,2218.06,3275,11,462,316.87,5,4,4,544,Champions
14322,2010-02-18 08:49:00,2010-10-06 15:17:00,4,474.1,158,429,230,118.52,1,3,2,132,Hibernating
14323,2011-04-15 11:44:00,2011-08-17 11:37:00,2,605.06,350,115,123,302.53,3,2,2,322,Need Attention
14324,2010-01-15 13:31:00,2010-10-26 11:44:00,2,701.61,402,410,283,350.8,2,2,3,223,Hibernating
14325,2010-05-19 09:20:00,2010-05-19 09:20:00,1,245.48,320,570,0,245.48,1,1,1,111,Lost Customers
14326,2010-06-25 12:10:00,2011-04-11 15:04:00,3,940.98,572,242,290,313.66,2,3,3,233,Hibernating
14327,2010-01-08 14:04:00,2011-06-29 13:58:00,6,1894.93,1296,163,536,315.82,3,4,4,344,Loyal Customers
14328,2010-09-27 16:01:00,2010-09-27 16:01:00,1,445.05,1,438,0,445.05,1,1,2,112,Lost Customers
14329,2009-12-16 15:31:00,2011-11-22 15:50:00,15,9887.62,5913,17,706,659.17,5,5,5,555,Champions
14330,2010-03-26 09:10:00,2010-03-26 09:10:00,1,200.63,103,624,0,200.63,1,1,1,111,Lost Customers
14331,2011-07-27 15:14:00,2011-08-07 13:17:00,2,462.66,252,124,10,231.33,3,2,2,322,Need Attention
14332,2010-10-19 13:01:00,2011-11-17 11:54:00,5,1917.41,875,23,393,383.48,4,4,4,444,Champions
14333,2011-10-03 10:38:00,2011-10-03 10:38:00,1,415.2,58,68,0,415.2,3,1,2,312,Need Attention
14334,2010-05-20 10:04:00,2011-11-23 10:01:00,12,4318.48,2986,17,551,359.87,5,5,5,555,Champions
14335,2011-09-04 13:07:00,2011-11-23 13:41:00,2,454.86,375,16,80,227.43,5,2,2,522,Potential Loyalists
14336,2011-03-08 16:48:00,2011-11-23 11:40:00,4,1614.91,1759,17,259,403.73,5,3,4,534,Potential Loyalists
14338,2010-06-21 10:32:00,2011-07-01 14:08:00,3,928.1,622,161,375,309.37,3,3,3,333,Need Attention
14339,2010-10-07 08:50:00,2011-04-11 11:06:00,2,620.27,456,243,186,310.14,2,2,3,223,Hibernating
14340,2011-05-05 09:44:00,2011-05-05 09:44:00,1,134.7,58,219,0,134.7,2,1,1,211,Hibernating
14341,2009-12-01 12:20:00,2011-10-25 15:48:00,18,4452.02,2813,45,693,247.33,4,5,5,455,Champions
14342,2010-08-24 13:03:00,2011-11-18 13:21:00,6,918.44,521,21,451,153.07,4,4,3,443,Loyal Customers
14343,2010-01-18 16:47:00,2010-10-14 13:05:00,4,1079.66,626,421,268,269.92,1,3,3,133,Hibernating
14344,2010-03-23 15:47:00,2011-08-04 13:51:00,20,3333.7,1669,127,498,166.68,3,5,5,355,Loyal Customers
14345,2011-11-01 09:51:00,2011-11-01 09:51:00,1,108.98,50,39,0,108.98,4,1,1,411,Need Attention
14346,2010-07-30 10:44:00,2011-08-11 09:47:00,5,2315.75,1878,121,376,463.15,3,4,4,344,Loyal Customers
14347,2009-12-03 10:49:00,2009-12-03 10:49:00,1,82.6,48,737,0,82.6,1,1,1,111,Lost Customers
14348,2011-03-24 16:23:00,2011-03-24 16:23:00,1,409.57,183,260,0,409.57,2,1,2,212,Hibernating
14349,2011-11-29 15:39:00,2011-11-29 15:39:00,1,133.5,86,10,0,133.5,5,1,1,511,New Customers
14350,2010-10-05 15:52:00,2011-03-10 14:14:00,3,972.03,543,274,155,324.01,2,3,3,233,Hibernating
14351,2011-06-28 11:56:00,2011-06-28 11:56:00,1,51.0,12,165,0,51.0,3,1,1,311,Need Attention
14352,2011-03-11 14:58:00,2011-07-05 15:41:00,4,1078.96,538,157,116,269.74,3,3,3,333,Need Attention
14353,2010-10-04 12:38:00,2011-05-08 16:06:00,3,376.5,344,215,216,125.5,2,3,2,232,Hibernating
14354,2011-11-09 15:36:00,2011-12-04 11:32:00,2,163.62,210,6,24,81.81,5,2,1,521,Potential Loyalists
14355,2010-03-22 15:08:00,2010-12-09 12:16:00,3,1014.45,709,366,261,338.15,2,3,3,233,Hibernating
14356,2011-09-19 14:43:00,2011-09-21 09:18:00,2,701.23,277,80,1,350.62,3,2,3,323,Need Attention
14357,2011-10-27 16:23:00,2011-10-27 16:23:00,1,225.12,147,43,0,225.12,4,1,1,411,Need Attention
14358,2010-10-07 17:26:00,2010-11-15 15:51:00,2,400.06,338,389,38,200.03,2,2,2,222,Hibernating
14359,2011-09-13 09:03:00,2011-11-20 13:17:00,3,912.18,371,19,68,304.06,5,3,3,533,Potential Loyalists
14360,2011-09-06 11:58:00,2011-11-08 09:12:00,4,2118.03,1139,32,62,529.51,4,3,4,434,Potential Loyalists
14361,2010-05-10 12:29:00,2010-05-10 12:29:00,1,214.71,251,579,0,214.71,1,1,1,111,Lost Customers
14362,2011-11-17 15:08:00,2011-11-17 15:08:00,1,151.5,96,22,0,151.5,4,1,1,411,Need Attention
14363,2010-09-14 14:39:00,2010-11-02 17:01:00,2,227.47,105,402,49,113.74,2,2,1,221,Hibernating
14364,2011-05-12 12:56:00,2011-08-23 11:01:00,8,3717.35,1967,109,102,464.67,3,4,5,345,Loyal Customers
14365,2010-01-27 09:44:00,2010-11-10 09:52:00,2,634.68,557,395,287,317.34,2,2,3,223,Hibernating
14366,2010-07-02 17:23:00,2010-07-02 17:23:00,1,136.0,16,525,0,136.0,1,1,1,111,Lost Customers
14367,2011-03-08 14:12:00,2011-12-01 13:19:00,16,9227.82,4426,8,267,576.74,5,5,5,555,Champions
14368,2011-01-24 09:52:00,2011-01-24 09:52:00,1,155.0,36,320,0,155.0,2,1,1,211,Hibernating
14369,2010-02-16 10:28:00,2010-03-07 15:47:00,2,469.13,255,642,19,234.56,1,2,2,122,Lost Customers
14370,2010-02-01 08:35:00,2010-09-15 10:53:00,6,1175.78,266,451,226,195.96,1,4,3,143,At Risk
14371,2011-02-17 16:35:00,2011-02-17 16:35:00,1,100.5,34,295,0,100.5,2,1,1,211,Hibernating
14372,2010-04-19 15:57:00,2010-09-22 16:17:00,2,860.08,378,443,156,430.04,1,2,3,123,Lost Customers
14373,2010-12-16 15:40:00,2010-12-16 15:40:00,1,76.55,17,358,0,76.55,2,1,1,211,Hibernating
14374,2010-06-16 14:25:00,2010-06-16 14:25:00,1,108.0,20,541,0,108.0,1,1,1,111,Lost Customers
14375,2010-06-16 14:34:00,2011-06-07 13:44:00,3,1106.82,647,185,355,368.94,3,3,3,333,Need Attention
14376,2010-01-25 15:36:00,2010-01-25 15:36:00,1,215.46,50,683,0,215.46,1,1,1,111,Lost Customers
14377,2011-03-22 13:38:00,2011-06-01 13:32:00,2,617.05,219,191,70,308.52,2,2,3,223,Hibernating
14378,2010-03-28 12:22:00,2010-03-28 12:22:00,1,131.25,57,622,0,131.25,1,1,1,111,Lost Customers
14379,2010-08-16 15:31:00,2011-10-26 16:43:00,4,1265.16,712,44,436,316.29,4,3,4,434,Potential Loyalists
14380,2010-01-26 17:11:00,2010-01-26 17:11:00,1,48.96,1,682,0,48.96,1,1,1,111,Lost Customers
14381,2010-09-14 16:15:00,2011-10-18 17:10:00,2,625.94,449,52,399,312.97,4,2,3,423,Potential Loyalists
14382,2010-11-14 16:32:00,2011-11-13 16:18:00,2,1193.63,1667,26,363,596.82,4,2,3,423,Potential Loyalists
14383,2011-06-29 10:18:00,2011-11-01 15:53:00,3,1247.69,817,38,125,415.9,4,3,4,434,Potential Loyalists
14384,2010-07-27 09:53:00,2010-07-27 09:53:00,1,58.5,30,501,0,58.5,1,1,1,111,Lost Customers
14385,2011-11-16 11:55:00,2011-11-30 15:36:00,3,202.11,159,9,14,67.37,5,3,1,531,Potential Loyalists
14386,2011-02-16 09:45:00,2011-02-16 09:45:00,1,142.4,54,297,0,142.4,2,1,1,211,Hibernating
14387,2011-08-22 14:13:00,2011-11-07 12:29:00,3,1727.6,795,33,76,575.87,4,3,4,434,Potential Loyalists
14388,2010-01-20 11:54:00,2011-11-29 13:32:00,16,6701.0,4360,10,678,418.81,5,5,5,555,Champions
14389,2010-04-28 14:57:00,2011-10-05 15:17:00,5,1898.01,1388,65,525,379.6,3,4,4,344,Loyal Customers
14390,2010-10-10 14:30:00,2011-11-29 13:49:00,13,6373.73,2904,10,414,490.29,5,5,5,555,Champions
14391,2010-05-12 09:42:00,2010-05-12 09:42:00,1,135.6,168,577,0,135.6,1,1,1,111,Lost Customers
14392,2010-10-03 12:56:00,2010-10-03 12:56:00,1,266.4,114,432,0,266.4,1,1,1,111,Lost Customers
14393,2011-05-05 18:16:00,2011-05-05 18:16:00,1,67.95,13,218,0,67.95,2,1,1,211,Hibernating
14394,2010-05-24 10:43:00,2010-05-24 10:43:00,1,93.8,58,565,0,93.8,1,1,1,111,Lost Customers
14395,2010-04-18 13:12:00,2011-12-07 14:34:00,20,8110.61,4046,2,598,405.53,5,5,5,555,Champions
14396,2009-12-02 14:21:00,2011-10-05 16:09:00,7,2079.73,998,65,672,297.1,3,4,4,344,Loyal Customers
14397,2011-05-10 12:25:00,2011-12-07 09:22:00,19,2612.96,1890,3,210,137.52,5,5,4,554,Champions
14398,2010-06-30 11:57:00,2010-11-03 13:46:00,2,707.79,267,401,126,353.9,2,2,3,223,Hibernating
14399,2010-02-03 13:09:00,2010-11-10 13:23:00,8,2108.21,965,394,280,263.53,2,4,4,244,At Risk
14400,2010-03-18 12:11:00,2011-07-13 15:50:00,3,1732.47,1706,149,482,577.49,3,3,4,334,Big Spenders
14401,2009-12-14 13:22:00,2011-12-05 13:30:00,22,6795.9,6401,4,721,308.9,5,5,5,555,Champions
14402,2010-02-25 13:20:00,2010-02-25 13:20:00,1,285.6,240,652,0,285.6,1,1,1,111,Lost Customers
14403,2010-03-10 14:00:00,2011-08-01 12:57:00,6,1880.51,737,130,508,313.42,3,4,4,344,Loyal Customers
14404,2009-12-20 14:40:00,2011-11-06 12:30:00,13,2853.36,1633,34,685,219.49,4,5,4,454,Champions
14405,2010-11-18 11:40:00,2010-11-18 11:40:00,1,195.0,100,387,0,195.0,2,1,1,211,Hibernating
14406,2011-08-12 16:54:00,2011-08-12 16:54:00,1,156.75,77,119,0,156.75,3,1,1,311,Need Attention
14407,2011-03-08 11:59:00,2011-08-24 14:02:00,6,2157.73,1415,107,169,359.62,3,4,4,344,Loyal Customers
14408,2009-12-07 12:18:00,2011-11-29 11:41:00,11,4102.27,2438,11,721,372.93,5,5,5,555,Champions
14409,2010-05-21 16:45:00,2011-09-29 18:18:00,9,3756.09,2401,71,496,417.34,3,5,5,355,Loyal Customers
14410,2010-09-28 15:46:00,2011-09-08 15:08:00,11,2631.9,1369,92,344,239.26,3,5,4,354,Loyal Customers
14411,2011-02-02 10:56:00,2011-02-02 10:56:00,1,1063.0,196,311,0,1063.0,2,1,3,213,Hibernating
14412,2010-10-11 12:33:00,2011-10-28 10:45:00,3,1426.19,1428,43,381,475.4,4,3,4,434,Potential Loyalists
14413,2010-01-19 14:27:00,2010-12-12 13:37:00,4,764.52,277,362,326,191.13,2,3,3,233,Hibernating
14414,2010-11-30 10:12:00,2011-09-09 12:09:00,8,2399.33,2877,92,283,299.92,3,4,4,344,Loyal Customers
14415,2009-12-16 14:08:00,2011-12-08 14:38:00,23,11980.09,6263,1,722,520.87,5,5,5,555,Champions
14416,2011-10-28 15:10:00,2011-11-17 15:22:00,2,490.22,326,22,20,245.11,4,2,2,422,Potential Loyalists
14417,2010-11-17 10:55:00,2010-11-17 10:55:00,1,524.65,543,388,0,524.65,2,1,2,212,Hibernating
14418,2011-08-23 17:18:00,2011-12-06 11:39:00,3,1937.25,1711,4,104,645.75,5,3,4,534,Potential Loyalists
14419,2010-11-22 11:09:00,2011-11-29 11:22:00,7,1254.64,552,11,372,179.23,5,4,4,544,Champions
14420,2010-01-17 12:41:00,2011-09-01 18:07:00,4,1639.17,1120,99,592,409.79,3,3,4,334,Big Spenders
14421,2010-01-17 11:30:00,2011-10-13 13:24:00,6,2469.37,1342,57,634,411.56,4,4,4,444,Champions
14422,2009-12-17 12:12:00,2011-12-09 11:26:00,19,10271.52,6067,1,721,540.61,5,5,5,555,Champions
14423,2010-01-14 11:49:00,2011-05-05 15:12:00,3,916.61,419,218,476,305.54,2,3,3,233,Hibernating
14424,2011-11-22 11:48:00,2011-11-22 11:48:00,1,322.08,48,18,0,322.08,5,1,2,512,New Customers
14425,2009-12-02 11:31:00,2010-10-01 10:24:00,3,661.39,325,435,302,220.46,1,3,3,133,Hibernating
14426,2010-03-04 14:36:00,2011-11-16 12:25:00,17,11727.94,7023,24,621,689.88,4,5,5,455,Champions
14427,2010-03-18 09:49:00,2011-10-20 14:23:00,4,1263.52,538,50,581,315.88,4,3,4,434,Potential Loyalists
14428,2011-01-18 16:39:00,2011-12-02 13:17:00,5,1224.06,428,7,317,244.81,5,4,3,543,Loyal Customers
14429,2010-11-01 10:08:00,2010-11-01 10:08:00,1,516.28,286,404,0,516.28,2,1,2,212,Hibernating
14430,2010-04-11 15:59:00,2010-07-16 11:35:00,3,1220.9,446,512,95,406.97,1,3,3,133,Hibernating
14431,2010-01-21 10:49:00,2011-02-10 10:40:00,4,2614.2,1202,303,384,653.55,2,3,4,234,Hibernating
14432,2011-09-11 14:09:00,2011-11-30 08:04:00,6,2248.5,2013,10,79,374.75,5,4,4,544,Champions
14433,2010-08-31 12:35:00,2010-08-31 12:35:00,1,280.7,131,466,0,280.7,1,1,1,111,Lost Customers
14434,2011-09-28 15:31:00,2011-11-18 08:56:00,6,1372.8,368,22,50,228.8,4,4,4,444,Champions
14435,2010-07-26 12:33:00,2010-07-26 12:33:00,1,90.42,282,502,0,90.42,1,1,1,111,Lost Customers
14436,2010-06-04 11:32:00,2011-09-02 10:13:00,2,271.7,297,99,454,135.85,3,2,1,321,Need Attention
14437,2010-05-05 12:20:00,2010-12-09 09:27:00,5,936.34,480,366,217,187.27,2,4,3,243,At Risk
14438,2011-02-06 14:56:00,2011-02-06 14:56:00,1,131.9,82,306,0,131.9,2,1,1,211,Hibernating
14439,2010-01-21 14:01:00,2011-01-24 11:39:00,5,9443.04,2244,320,367,1888.61,2,4,5,245,At Risk
14440,2009-12-02 12:13:00,2011-12-01 15:42:00,13,6638.73,1755,8,729,510.67,5,5,5,555,Champions
14441,2010-01-18 10:40:00,2011-12-09 09:07:00,11,4611.69,1260,1,689,419.24,5,5,5,555,Champions
14442,2010-01-18 12:59:00,2011-05-19 11:36:00,7,5367.02,1431,205,485,766.72,2,4,5,245,At Risk
14443,2010-11-25 14:18:00,2011-10-17 10:10:00,5,2386.47,1520,54,325,477.29,4,4,4,444,Champions
14444,2010-09-09 18:56:00,2010-09-09 18:56:00,1,120.44,172,456,0,120.44,1,1,1,111,Lost Customers
14445,2010-09-10 11:09:00,2010-09-10 11:09:00,1,221.65,83,456,0,221.65,1,1,1,111,Lost Customers
14446,2010-11-18 12:08:00,2011-12-09 11:34:00,5,1200.28,1091,1,385,240.06,5,4,3,543,Loyal Customers
14447,2010-11-04 13:32:00,2011-11-21 08:28:00,6,1711.73,913,19,381,285.29,5,4,4,544,Champions
14448,2010-12-10 17:26:00,2011-11-30 13:50:00,2,375.35,104,9,354,187.68,5,2,2,522,Potential Loyalists
14449,2010-09-29 13:15:00,2011-11-21 12:06:00,8,2441.2,1746,19,417,305.15,5,4,4,544,Champions
14450,2010-04-08 12:09:00,2011-06-12 10:46:00,7,1128.44,522,181,429,161.21,3,4,3,343,Loyal Customers
14451,2010-01-17 10:35:00,2011-10-10 13:38:00,12,3258.68,1737,60,631,271.56,3,5,5,355,Loyal Customers
14452,2010-07-06 13:13:00,2011-11-29 12:06:00,4,658.95,285,11,510,164.74,5,3,3,533,Potential Loyalists
14453,2011-06-02 14:15:00,2011-06-02 14:15:00,1,119.93,49,190,0,119.93,2,1,1,211,Hibernating
14454,2009-12-06 12:56:00,2010-11-28 13:26:00,5,977.3,400,376,357,195.46,2,4,3,243,At Risk
14455,2010-08-01 13:26:00,2010-10-03 15:48:00,4,617.72,706,432,63,154.43,1,3,3,133,Hibernating
14456,2011-07-20 13:06:00,2011-12-04 13:59:00,9,3017.28,2885,5,137,335.25,5,5,5,555,Champions
14457,2011-02-02 09:39:00,2011-02-02 09:39:00,1,113.64,88,311,0,113.64,2,1,1,211,Hibernating
14458,2010-11-24 12:43:00,2010-11-24 12:43:00,1,228.07,317,381,0,228.07,2,1,1,211,Hibernating
14459,2010-02-26 13:26:00,2011-07-07 13:35:00,2,5375.74,2303,155,496,2687.87,3,2,5,325,Big Spenders
14460,2009-12-15 19:06:00,2011-08-21 14:19:00,9,1093.5,1879,110,613,121.5,3,5,3,353,Loyal Customers
14461,2010-01-18 12:48:00,2011-07-14 17:11:00,13,6676.91,3005,148,542,513.61,3,5,5,355,Loyal Customers
14462,2010-10-03 14:13:00,2011-10-04 15:55:00,12,2242.81,1063,66,366,186.9,3,5,4,354,Loyal Customers
14463,2010-07-28 11:35:00,2011-09-02 15:20:00,4,786.57,210,98,401,196.64,3,3,3,333,Need Attention
14464,2010-03-22 15:20:00,2010-05-20 18:00:00,2,111.0,62,568,59,55.5,1,2,1,121,Lost Customers
14465,2010-01-07 15:03:00,2011-04-07 12:38:00,11,3925.85,2539,247,454,356.9,2,5,5,255,At Risk
14466,2009-12-13 15:44:00,2011-11-10 14:07:00,13,4646.9,2644,29,696,357.45,4,5,5,455,Champions
14467,2009-12-02 12:44:00,2011-11-22 12:48:00,12,2203.24,1187,18,720,183.6,5,5,4,554,Champions
14468,2009-12-06 12:21:00,2009-12-06 12:21:00,1,204.24,164,734,0,204.24,1,1,1,111,Lost Customers
14469,2010-01-29 11:12:00,2010-10-19 14:30:00,4,2093.46,973,416,263,523.36,1,3,4,134,Hibernating
14470,2010-10-05 12:39:00,2011-11-28 10:31:00,3,712.04,282,12,418,237.35,5,3,3,533,Potential Loyalists
14471,2009-12-07 12:26:00,2010-04-27 17:12:00,2,400.95,187,591,141,200.48,1,2,2,122,Lost Customers
14472,2010-01-19 13:09:00,2011-08-28 11:01:00,9,2118.72,1271,104,585,235.41,3,5,4,354,Loyal Customers
14473,2011-03-02 13:56:00,2011-09-26 15:10:00,2,234.34,88,74,208,117.17,3,2,1,321,Need Attention
14474,2010-05-09 12:12:00,2011-10-24 13:26:00,2,1258.89,448,46,533,629.45,4,2,4,424,Potential Loyalists
14475,2010-10-27 09:20:00,2011-09-29 10:46:00,4,1151.15,541,72,337,287.79,3,3,3,333,Need Attention
14476,2011-03-27 15:39:00,2011-03-27 15:39:00,1,193.0,110,257,0,193.0,2,1,1,211,Hibernating
14477,2010-01-04 15:41:00,2011-11-20 11:11:00,7,1969.6,1120,20,684,281.37,4,4,4,444,Champions
14478,2009-12-01 13:20:00,2010-11-22 15:29:00,4,1276.66,1226,382,356,319.17,2,3,4,234,Hibernating
14479,2009-12-06 13:48:00,2011-03-31 09:07:00,4,1299.11,620,254,479,324.78,2,3,4,234,Hibernating
14480,2009-12-21 16:32:00,2011-11-28 16:35:00,4,1299.52,670,11,707,324.88,5,3,4,534,Potential Loyalists
14481,2010-01-31 12:43:00,2011-06-28 10:38:00,5,2284.69,1568,165,512,456.94,3,4,4,344,Loyal Customers
14482,2010-08-26 14:13:00,2011-11-21 13:14:00,12,4306.72,2869,18,451,358.89,5,5,5,555,Champions
14483,2009-12-03 10:16:00,2011-03-03 10:26:00,2,257.1,193,282,455,128.55,2,2,1,221,Hibernating
14484,2009-12-17 10:57:00,2011-10-20 14:11:00,4,1070.98,744,50,672,267.74,4,3,3,433,Potential Loyalists
14485,2011-11-01 12:25:00,2011-11-01 12:25:00,1,162.8,70,39,0,162.8,4,1,1,411,Need Attention
14486,2010-06-04 10:30:00,2010-07-16 09:42:00,2,175.5,90,512,41,87.75,1,2,1,121,Lost Customers
14487,2010-11-25 13:36:00,2011-11-13 12:17:00,7,1391.37,798,27,352,198.77,4,4,4,444,Champions
14488,2011-10-03 09:30:00,2011-10-03 09:30:00,1,1064.28,799,68,0,1064.28,3,1,3,313,Need Attention
14489,2010-04-06 09:52:00,2011-05-16 14:51:00,4,1574.93,1011,207,405,393.73,2,3,4,234,Hibernating
14490,2010-10-07 11:36:00,2010-10-29 15:04:00,2,1273.47,933,406,22,636.74,2,2,4,224,Hibernating
14491,2010-12-02 12:10:00,2011-06-17 15:22:00,2,468.13,179,175,197,234.06,3,2,2,322,Need Attention
14492,2010-03-30 14:23:00,2010-10-05 13:21:00,7,1921.91,751,430,188,274.56,1,4,4,144,At Risk
14493,2010-03-08 08:33:00,2011-12-02 16:14:00,10,5087.86,3148,7,634,508.79,5,5,5,555,Champions
14494,2009-12-08 13:25:00,2011-11-14 09:21:00,3,401.46,210,26,705,133.82,4,3,2,432,Potential Loyalists
14495,2010-02-18 08:49:00,2011-10-20 12:28:00,3,174.8,68,51,609,58.27,4,3,1,431,Potential Loyalists
14496,2010-03-16 13:15:00,2011-02-01 09:01:00,7,2668.23,991,312,321,381.18,2,4,4,244,At Risk
14497,2010-02-04 09:59:00,2011-02-03 17:01:00,2,697.06,332,309,364,348.53,2,2,3,223,Hibernating
14498,2010-06-07 16:05:00,2011-10-28 12:09:00,10,3900.83,2120,43,507,390.08,4,5,5,455,Champions
14499,2010-08-27 11:57:00,2011-11-13 13:01:00,7,2101.79,1231,26,443,300.26,4,4,4,444,Champions
14500,2011-06-03 10:08:00,2011-09-12 16:45:00,3,356.85,117,88,101,118.95,3,3,2,332,Need Attention
14501,2011-01-24 10:43:00,2011-06-09 12:02:00,2,251.21,161,184,136,125.6,3,2,1,321,Need Attention
14502,2011-01-30 15:52:00,2011-11-20 11:50:00,11,2429.83,1480,20,293,220.89,4,5,4,454,Champions
14503,2011-06-14 10:00:00,2011-12-06 13:30:00,6,3543.26,2004,3,175,590.54,5,4,5,545,Champions
14504,2011-03-06 14:38:00,2011-10-23 16:00:00,4,673.26,308,47,231,168.32,4,3,3,433,Potential Loyalists
14505,2009-12-09 14:48:00,2011-11-22 15:45:00,19,11879.08,5325,17,713,625.21,5,5,5,555,Champions
14506,2010-04-19 08:27:00,2011-11-22 13:02:00,7,3217.25,1042,17,582,459.61,5,4,5,545,Champions
14507,2009-12-10 17:04:00,2011-11-16 12:21:00,11,3216.74,1491,24,705,292.43,4,5,5,455,Champions
14508,2010-06-17 13:02:00,2011-11-17 19:48:00,5,822.92,347,22,518,164.58,4,4,3,443,Loyal Customers
14509,2010-06-23 13:21:00,2010-06-23 13:21:00,1,110.95,38,534,0,110.95,1,1,1,111,Lost Customers
14510,2010-09-29 13:35:00,2010-11-29 12:46:00,3,979.85,793,376,60,326.62,2,3,3,233,Hibernating
14511,2011-07-29 12:13:00,2011-11-28 17:05:00,5,1314.81,784,11,122,262.96,5,4,4,544,Champions
14512,2009-12-07 13:49:00,2011-06-05 12:39:00,7,1215.97,736,188,544,173.71,3,4,3,343,Loyal Customers
14513,2010-05-20 17:57:00,2011-08-31 11:25:00,6,788.01,593,101,467,131.34,3,4,3,343,Loyal Customers
14514,2009-12-13 13:21:00,2011-10-09 16:05:00,9,4380.04,2362,61,665,486.67,3,5,5,355,Loyal Customers
14515,2010-06-07 12:37:00,2011-11-22 11:37:00,12,3724.06,1893,18,532,310.34,5,5,5,555,Champions
14516,2010-07-11 14:07:00,2010-07-11 14:07:00,1,151.17,63,516,0,151.17,1,1,1,111,Lost Customers
14517,2011-07-21 11:42:00,2011-11-06 14:20:00,2,330.45,91,33,108,165.22,4,2,2,422,Potential Loyalists
14518,2011-10-06 14:43:00,2011-10-06 14:43:00,1,174.37,278,64,0,174.37,3,1,1,311,Need Attention
14519,2009-12-11 10:40:00,2010-01-25 11:18:00,2,203.14,81,684,45,101.57,1,2,1,121,Lost Customers
14520,2011-02-22 09:15:00,2011-12-08 09:46:00,2,270.6,146,2,289,135.3,5,2,1,521,Potential Loyalists
14521,2010-08-05 16:35:00,2010-08-05 16:35:00,1,199.45,211,491,0,199.45,1,1,1,111,Lost Customers
14522,2010-01-24 13:55:00,2011-11-15 13:24:00,8,1748.42,956,24,659,218.55,4,4,4,444,Champions
14523,2011-08-23 13:13:00,2011-08-23 13:13:00,1,241.09,251,108,0,241.09,3,1,1,311,Need Attention
14524,2010-10-19 11:44:00,2011-11-08 12:29:00,13,2909.86,1169,32,385,223.84,4,5,4,454,Champions
14525,2009-12-13 14:01:00,2011-11-20 11:37:00,17,8026.54,5106,20,706,472.15,4,5,5,455,Champions
14526,2010-11-15 13:32:00,2010-11-15 13:32:00,1,258.65,178,389,0,258.65,2,1,1,211,Hibernating
14527,2009-12-02 12:06:00,2011-12-07 12:19:00,122,27764.21,6755,3,735,227.58,5,5,5,555,Champions
14528,2011-11-02 17:09:00,2011-11-02 17:09:00,1,364.22,278,37,0,364.22,4,1,2,412,Need Attention
14529,2011-08-21 14:10:00,2011-10-10 15:27:00,3,578.61,325,60,50,192.87,3,3,2,332,Need Attention
14530,2010-01-21 11:25:00,2011-11-14 10:38:00,16,6088.87,2989,26,661,380.55,4,5,5,455,Champions
14531,2010-08-17 10:16:00,2010-08-17 10:16:00,1,376.34,260,480,0,376.34,1,1,2,112,Lost Customers
14532,2010-01-10 11:47:00,2011-04-17 13:05:00,11,3845.78,1111,236,462,349.62,2,5,5,255,At Risk
14533,2010-04-08 12:13:00,2011-11-15 12:05:00,11,3466.37,6038,25,585,315.12,4,5,5,455,Champions
14534,2010-03-15 14:16:00,2011-12-07 12:19:00,26,6187.66,2822,3,631,237.99,5,5,5,555,Champions
14535,2010-02-24 15:03:00,2011-10-10 15:39:00,9,5973.23,3214,60,593,663.69,3,5,5,355,Loyal Customers
14536,2011-03-25 12:21:00,2011-03-25 12:21:00,1,170.95,39,260,0,170.95,2,1,1,211,Hibernating
14537,2010-03-26 13:44:00,2011-10-13 10:54:00,2,641.4,228,58,565,320.7,4,2,3,423,Potential Loyalists
14538,2010-01-25 15:42:00,2011-10-06 10:31:00,5,1370.84,284,65,618,274.17,3,4,4,344,Loyal Customers
14539,2011-10-26 12:03:00,2011-11-24 09:50:00,2,537.48,428,16,28,268.74,5,2,2,522,Potential Loyalists
14540,2009-12-07 13:00:00,2011-11-30 10:15:00,11,3709.64,1595,10,722,337.24,5,5,5,555,Champions
14541,2010-01-07 11:59:00,2011-10-12 10:08:00,14,2491.38,1123,59,642,177.96,4,5,4,454,Champions
14542,2011-06-07 08:19:00,2011-06-07 08:19:00,1,103.25,19,186,0,103.25,3,1,1,311,Need Attention
14543,2009-12-01 13:47:00,2011-11-11 12:45:00,39,14587.87,2639,29,709,374.05,4,5,5,455,Champions
14544,2010-08-26 16:00:00,2011-11-15 15:06:00,3,2938.53,2412,24,445,979.51,4,3,4,434,Potential Loyalists
14545,2010-02-03 15:23:00,2010-02-03 15:23:00,1,349.25,236,674,0,349.25,1,1,2,112,Lost Customers
14546,2009-12-06 13:10:00,2011-12-04 13:00:00,11,5184.84,2688,5,727,471.35,5,5,5,555,Champions
14547,2011-10-16 14:35:00,2011-12-06 11:06:00,8,3974.75,2639,4,50,496.84,5,4,5,545,Champions
14548,2009-12-06 14:00:00,2011-07-12 12:19:00,9,2541.29,986,151,582,282.37,3,5,4,354,Loyal Customers
14549,2009-12-02 14:06:00,2011-02-01 13:47:00,4,913.6,394,311,425,228.4,2,3,3,233,Hibernating
14550,2010-08-13 12:05:00,2011-11-29 12:12:00,4,1345.06,771,11,473,336.26,5,3,4,534,Potential Loyalists
14551,2010-01-27 12:06:00,2011-11-21 13:36:00,7,878.09,486,18,663,125.44,5,4,3,543,Loyal Customers
14552,2010-04-26 13:44:00,2011-07-11 12:49:00,3,507.93,258,152,440,169.31,3,3,2,332,Need Attention
14553,2010-07-18 12:07:00,2011-11-20 13:20:00,9,1818.6,1118,19,490,202.07,5,5,4,554,Champions
14554,2011-10-18 13:04:00,2011-11-29 16:44:00,4,2279.49,1443,10,42,569.87,5,3,4,534,Potential Loyalists
14555,2009-12-18 11:39:00,2011-10-13 16:24:00,6,2304.03,842,57,664,384.01,4,4,4,444,Champions
14556,2010-01-20 11:49:00,2010-04-22 14:57:00,3,815.69,323,596,92,271.9,1,3,3,133,Hibernating
14557,2011-09-15 15:48:00,2011-09-15 15:48:00,1,788.38,510,85,0,788.38,3,1,3,313,Need Attention
14558,2009-12-08 10:41:00,2010-02-23 12:51:00,3,655.5,162,654,77,218.5,1,3,3,133,Hibernating
14559,2010-11-14 16:05:00,2010-11-14 16:05:00,1,75.6,72,390,0,75.6,2,1,1,211,Hibernating
14560,2009-12-02 10:15:00,2011-12-02 15:22:00,44,6114.03,4580,7,730,138.96,5,5,5,555,Champions
14561,2011-06-08 13:26:00,2011-09-25 12:39:00,3,1080.76,1014,76,108,360.25,3,3,3,333,Need Attention
14562,2010-02-07 14:10:00,2011-12-06 11:05:00,26,6638.15,2574,4,666,255.31,5,5,5,555,Champions
14563,2010-04-26 12:51:00,2010-07-18 12:01:00,2,640.54,279,510,82,320.27,1,2,3,123,Lost Customers
14564,2009-12-04 09:27:00,2010-10-01 09:02:00,2,2605.62,1295,435,300,1302.81,1,2,4,124,Lost Customers
14565,2010-08-23 09:48:00,2011-09-05 09:07:00,5,3859.22,1940,96,377,771.84,3,4,5,345,Loyal Customers
14566,2010-06-24 10:34:00,2011-08-21 11:05:00,4,4092.0,2400,111,423,1023.0,3,3,5,335,Big Spenders
14567,2011-08-01 13:48:00,2011-10-14 10:21:00,2,1530.36,412,57,73,765.18,4,2,4,424,Potential Loyalists
14568,2010-09-30 17:15:00,2010-09-30 17:15:00,1,919.7,645,435,0,919.7,1,1,3,113,Lost Customers
14569,2010-04-15 11:49:00,2011-12-08 14:58:00,4,597.33,257,1,602,149.33,5,3,2,532,Potential Loyalists
14570,2010-09-22 13:07:00,2011-03-04 10:58:00,3,613.75,431,281,162,204.58,2,3,2,232,Hibernating
14571,2010-10-10 15:06:00,2010-10-10 15:06:00,1,160.0,56,425,0,160.0,1,1,1,111,Lost Customers
14572,2010-03-28 13:47:00,2011-12-06 14:40:00,11,5526.88,2878,3,618,502.44,5,5,5,555,Champions
14573,2010-01-08 16:34:00,2011-06-13 11:15:00,13,2565.12,809,180,520,197.32,3,5,4,354,Loyal Customers
14574,2009-12-07 12:42:00,2009-12-07 12:42:00,1,143.7,63,733,0,143.7,1,1,1,111,Lost Customers
14575,2010-08-08 14:51:00,2010-08-08 14:51:00,1,420.22,163,488,0,420.22,1,1,2,112,Lost Customers
14576,2010-12-02 17:51:00,2010-12-02 17:51:00,1,70.8,24,372,0,70.8,2,1,1,211,Hibernating
14577,2009-12-11 12:09:00,2011-11-27 12:47:00,7,1364.15,569,13,716,194.88,5,4,4,544,Champions
14578,2011-12-06 17:18:00,2011-12-06 17:18:00,1,168.63,240,3,0,168.63,5,1,1,511,New Customers
14579,2010-10-03 14:36:00,2010-10-03 14:36:00,1,105.56,56,432,0,105.56,1,1,1,111,Lost Customers
14580,2010-07-09 15:20:00,2010-07-09 15:20:00,1,14.85,3,518,0,14.85,1,1,1,111,Lost Customers
14581,2010-06-13 15:48:00,2011-11-23 12:39:00,2,409.65,304,17,527,204.82,5,2,2,522,Potential Loyalists
14582,2011-10-30 11:56:00,2011-10-30 11:56:00,1,114.11,73,41,0,114.11,4,1,1,411,Need Attention
14583,2010-03-28 15:16:00,2011-12-04 12:32:00,8,1660.29,1071,6,615,207.54,5,4,4,544,Champions
14584,2010-02-17 14:01:00,2011-06-23 18:33:00,8,1738.16,960,169,491,217.27,3,4,4,344,Loyal Customers
14585,2010-10-19 12:17:00,2011-10-20 14:33:00,5,1143.27,630,50,366,228.65,4,4,3,443,Loyal Customers
14586,2011-03-08 10:04:00,2011-03-08 10:04:00,1,237.36,444,277,0,237.36,2,1,1,211,Hibernating
14587,2011-01-12 13:16:00,2011-11-21 11:34:00,9,1580.29,749,19,312,175.59,5,5,4,554,Champions
14588,2010-05-10 15:08:00,2010-05-10 15:08:00,1,135.39,62,578,0,135.39,1,1,1,111,Lost Customers
14589,2010-12-03 11:42:00,2010-12-03 11:42:00,1,79.5,10,372,0,79.5,2,1,1,211,Hibernating
14590,2009-12-07 14:10:00,2010-10-11 12:06:00,20,2993.37,901,425,307,149.67,1,5,5,155,At Risk
14591,2011-05-10 14:09:00,2011-11-24 13:57:00,4,1320.21,1228,15,197,330.05,5,3,4,534,Potential Loyalists
14592,2011-10-06 18:08:00,2011-11-04 16:35:00,3,557.94,407,35,28,185.98,4,3,2,432,Potential Loyalists
14593,2009-12-09 12:57:00,2011-11-18 12:48:00,12,3665.53,1848,22,708,305.46,4,5,5,455,Champions
14594,2010-12-01 13:54:00,2011-12-02 13:28:00,2,618.33,329,7,365,309.17,5,2,3,523,Potential Loyalists
14595,2010-01-20 13:59:00,2011-11-20 12:12:00,8,2164.45,1228,20,668,270.56,4,4,4,444,Champions
14596,2010-03-23 12:13:00,2010-03-23 12:13:00,1,222.22,75,627,0,222.22,1,1,1,111,Lost Customers
14597,2010-09-28 13:17:00,2011-11-28 13:13:00,6,2184.63,1436,11,425,364.1,5,4,4,544,Champions
14598,2010-05-19 13:07:00,2011-10-26 13:19:00,2,384.04,354,44,525,192.02,4,2,2,422,Potential Loyalists
14599,2010-07-18 15:54:00,2010-11-14 14:49:00,2,457.89,292,390,118,228.94,2,2,2,222,Hibernating
14600,2010-11-11 15:56:00,2011-02-07 09:48:00,2,865.17,487,306,87,432.58,2,2,3,223,Hibernating
14601,2011-11-29 09:48:00,2011-11-29 09:48:00,1,213.96,168,11,0,213.96,5,1,1,511,New Customers
14602,2010-02-21 15:47:00,2010-02-21 15:47:00,1,205.36,80,656,0,205.36,1,1,1,111,Lost Customers
14603,2011-03-10 10:27:00,2011-03-10 10:27:00,1,660.0,400,275,0,660.0,2,1,3,213,Hibernating
14604,2010-03-16 13:00:00,2010-03-16 13:00:00,1,143.86,88,633,0,143.86,1,1,1,111,Lost Customers
14605,2009-12-08 13:59:00,2010-11-30 14:07:00,4,921.56,416,374,357,230.39,2,3,3,233,Hibernating
14606,2009-12-03 12:40:00,2011-12-08 19:28:00,192,30558.25,15474,1,735,159.16,5,5,5,555,Champions
14607,2009-12-15 11:25:00,2011-11-24 10:35:00,22,23763.13,15335,16,708,1080.14,5,5,5,555,Champions
14608,2009-12-06 12:34:00,2011-12-05 16:52:00,11,3352.94,927,4,729,304.81,5,5,5,555,Champions
14609,2010-02-09 09:48:00,2011-09-28 12:54:00,10,1486.2,12720,72,596,148.62,3,5,4,354,Loyal Customers
14610,2010-07-13 16:06:00,2010-11-09 10:58:00,2,24.35,15,396,118,12.18,2,2,1,221,Hibernating
14611,2010-04-20 10:19:00,2010-09-22 09:19:00,2,604.33,582,444,154,302.17,1,2,2,122,Lost Customers
14612,2010-10-20 16:01:00,2010-10-20 16:01:00,1,877.7,134,415,0,877.7,1,1,3,113,Lost Customers
14613,2010-01-28 13:02:00,2010-01-28 13:02:00,1,76.32,72,680,0,76.32,1,1,1,111,Lost Customers
14614,2010-11-18 13:04:00,2010-11-18 13:04:00,1,295.13,189,386,0,295.13,2,1,2,212,Hibernating
14615,2010-06-09 13:59:00,2010-11-10 13:36:00,5,951.76,495,394,153,190.35,2,4,3,243,At Risk
14616,2010-06-09 09:42:00,2011-04-11 09:54:00,5,527.78,170,243,306,105.56,2,4,2,242,At Risk
14617,2010-10-20 10:40:00,2010-11-02 11:41:00,2,190.47,81,403,13,95.24,2,2,1,221,Hibernating
14618,2010-06-11 10:11:00,2011-11-30 13:45:00,7,1342.32,704,9,537,191.76,5,4,4,544,Champions
14619,2010-06-16 14:41:00,2011-04-08 07:37:00,2,1291.24,594,246,295,645.62,2,2,4,224,Hibernating
14620,2011-03-01 08:30:00,2011-05-18 11:58:00,2,412.78,214,206,78,206.39,2,2,2,222,Hibernating
14621,2010-01-25 09:08:00,2011-12-08 16:22:00,9,3000.57,1706,1,682,333.4,5,5,5,555,Champions
14622,2011-06-08 12:42:00,2011-06-08 12:42:00,1,320.58,146,185,0,320.58,3,1,2,312,Need Attention
14623,2010-04-16 17:12:00,2011-11-07 13:56:00,10,2016.98,1025,32,569,201.7,4,5,4,454,Champions
14624,2010-04-14 10:44:00,2011-10-13 13:44:00,6,814.07,645,57,547,135.68,4,4,3,443,Loyal Customers
14625,2009-12-16 13:23:00,2011-05-27 15:32:00,11,4497.88,2155,196,527,408.9,2,5,5,255,At Risk
14626,2009-12-10 14:57:00,2011-11-16 10:37:00,11,5410.92,3135,24,705,491.9,4,5,5,455,Champions
14627,2010-11-25 16:32:00,2010-11-25 16:32:00,1,462.75,284,379,0,462.75,2,1,2,212,Hibernating
14628,2010-01-25 14:40:00,2011-09-09 14:58:00,5,1998.0,1147,91,592,399.6,3,4,4,344,Loyal Customers
14629,2011-10-23 16:13:00,2011-12-05 16:55:00,2,955.26,378,4,43,477.63,5,2,3,523,Potential Loyalists
14630,2010-08-12 16:38:00,2010-08-12 16:38:00,1,338.65,111,484,0,338.65,1,1,2,112,Lost Customers
14631,2010-08-09 14:45:00,2011-10-20 11:17:00,6,2025.69,1407,51,436,337.62,4,4,4,444,Champions
14632,2011-03-22 08:49:00,2011-03-22 08:49:00,1,114.56,96,263,0,114.56,2,1,1,211,Hibernating
14633,2011-03-18 17:07:00,2011-03-18 17:07:00,1,344.9,96,266,0,344.9,2,1,2,212,Hibernating
14634,2010-06-16 09:48:00,2010-09-28 10:40:00,4,2124.46,1906,438,104,531.12,1,3,4,134,Hibernating
14635,2010-09-12 10:47:00,2010-09-12 10:47:00,1,215.22,118,454,0,215.22,1,1,1,111,Lost Customers
14636,2011-03-16 09:52:00,2011-11-03 16:12:00,2,609.85,241,36,232,304.92,4,2,2,422,Potential Loyalists
14637,2010-01-31 15:52:00,2010-01-31 15:52:00,1,106.68,100,677,0,106.68,1,1,1,111,Lost Customers
14638,2011-10-20 10:10:00,2011-10-20 10:10:00,1,443.6,166,51,0,443.6,4,1,2,412,Need Attention
14639,2010-02-16 12:35:00,2011-10-18 15:06:00,9,4978.96,2410,52,609,553.22,4,5,5,455,Champions
14640,2010-01-22 15:44:00,2011-11-15 13:07:00,10,3649.36,1645,24,661,364.94,4,5,5,455,Champions
14641,2011-11-18 10:42:00,2011-11-18 10:42:00,1,110.46,90,22,0,110.46,4,1,1,411,Need Attention
14642,2011-10-12 11:08:00,2011-10-12 11:08:00,1,96.12,76,59,0,96.12,4,1,1,411,Need Attention
14643,2009-12-11 11:52:00,2011-06-22 14:41:00,5,1679.89,1377,170,558,335.98,3,4,4,344,Loyal Customers
14644,2009-12-03 16:24:00,2011-10-03 08:30:00,7,2247.72,770,68,668,321.1,3,4,4,344,Loyal Customers
14645,2010-03-15 11:33:00,2011-07-06 09:15:00,3,876.89,587,157,477,292.3,3,3,3,333,Need Attention
14646,2009-12-02 16:52:00,2011-12-08 12:12:00,151,528602.52,367193,2,735,3500.68,5,5,5,555,Champions
14647,2010-07-04 13:27:00,2011-05-22 13:40:00,2,506.04,175,201,322,253.02,2,2,2,222,Hibernating
14648,2009-12-10 13:59:00,2010-10-19 13:12:00,15,4466.65,3265,416,312,297.78,1,5,5,155,At Risk
14649,2010-01-20 13:10:00,2011-12-05 12:30:00,9,3651.19,2415,5,683,405.69,5,5,5,555,Champions
14650,2010-04-29 20:27:00,2010-04-29 20:27:00,1,62.5,22,589,0,62.5,1,1,1,111,Lost Customers
14651,2010-03-18 11:39:00,2011-10-03 15:52:00,9,2025.52,880,67,564,225.06,3,5,4,354,Loyal Customers
14652,2011-09-23 14:21:00,2011-09-23 14:21:00,1,114.18,53,77,0,114.18,3,1,1,311,Need Attention
14653,2009-12-02 11:51:00,2011-12-08 13:45:00,12,3593.06,1969,1,736,299.42,5,5,5,555,Champions
14654,2009-12-01 12:57:00,2009-12-01 12:57:00,1,246.86,273,738,0,246.86,1,1,1,111,Lost Customers
14655,2010-04-22 14:29:00,2011-12-01 16:28:00,7,3878.51,2341,8,588,554.07,5,4,5,545,Champions
14656,2010-04-15 12:10:00,2011-06-23 13:51:00,5,790.0,309,169,434,158.0,3,4,3,343,Loyal Customers
14657,2010-09-30 19:57:00,2011-11-22 12:47:00,6,1450.19,879,18,417,241.7,5,4,4,544,Champions
14658,2011-08-14 15:42:00,2011-12-04 15:35:00,2,247.15,47,5,111,123.58,5,2,1,521,Potential Loyalists
14659,2011-01-28 12:43:00,2011-12-01 12:17:00,9,2529.93,1195,9,306,281.1,5,5,4,554,Champions
14660,2011-08-31 10:40:00,2011-09-14 11:34:00,2,285.74,228,87,14,142.87,3,2,1,321,Need Attention
14661,2011-11-13 11:51:00,2011-11-13 11:51:00,1,107.95,35,27,0,107.95,4,1,1,411,Need Attention
14662,2009-12-03 16:47:00,2011-11-11 12:13:00,7,1376.43,907,29,707,196.63,4,4,4,444,Champions
14663,2010-10-05 13:12:00,2010-10-05 13:21:00,2,490.6,397,430,0,245.3,1,2,2,122,Lost Customers
14664,2011-11-06 14:56:00,2011-11-20 10:59:00,2,636.24,465,20,13,318.12,4,2,3,423,Potential Loyalists
14665,2010-04-26 11:17:00,2011-10-10 09:14:00,7,2749.65,1144,61,531,392.81,3,4,4,344,Loyal Customers
14666,2011-11-15 12:57:00,2011-11-15 12:57:00,1,195.25,161,24,0,195.25,4,1,1,411,Need Attention
14667,2009-12-02 12:38:00,2011-11-29 11:30:00,54,21593.05,12705,11,726,399.87,5,5,5,555,Champions
14668,2010-09-20 15:03:00,2010-09-20 15:03:00,1,111.63,49,445,0,111.63,1,1,1,111,Lost Customers
14669,2009-12-02 13:06:00,2011-04-12 11:43:00,7,3216.78,2043,242,495,459.54,2,4,5,245,At Risk
14670,2009-12-07 13:59:00,2011-03-04 14:13:00,3,583.33,423,280,452,194.44,2,3,2,232,Hibernating
14671,2010-05-20 18:21:00,2010-06-08 13:39:00,2,1127.45,571,549,18,563.72,1,2,3,123,Lost Customers
14672,2010-01-28 11:33:00,2011-04-19 10:19:00,4,1113.14,646,235,445,278.29,2,3,3,233,Hibernating
14673,2010-10-26 10:14:00,2011-12-06 14:31:00,7,3410.81,2035,3,406,487.26,5,4,5,545,Champions
14674,2010-07-18 14:25:00,2010-07-18 14:25:00,1,173.66,103,509,0,173.66,1,1,1,111,Lost Customers
14675,2010-11-16 12:22:00,2011-11-23 12:58:00,2,1015.58,660,16,372,507.79,5,2,3,523,Potential Loyalists
14676,2010-03-10 09:30:00,2011-11-08 13:29:00,12,8356.79,8792,31,608,696.4,4,5,5,455,Champions
14677,2010-04-26 09:48:00,2010-04-26 09:48:00,1,184.91,139,593,0,184.91,1,1,1,111,Lost Customers
14678,2010-05-09 14:32:00,2010-05-09 14:32:00,1,403.39,179,579,0,403.39,1,1,2,112,Lost Customers
14679,2009-12-08 17:13:00,2010-11-23 11:51:00,3,1289.44,794,382,349,429.81,2,3,4,234,Hibernating
14680,2009-12-04 12:36:00,2011-11-14 16:59:00,58,57369.38,27358,25,710,989.13,4,5,5,455,Champions
14681,2010-02-24 08:54:00,2011-09-29 15:52:00,6,875.15,172,71,582,145.86,3,4,3,343,Loyal Customers
14682,2010-02-05 14:47:00,2011-06-05 12:12:00,6,1514.81,949,188,484,252.47,3,4,4,344,Loyal Customers
14683,2010-04-30 17:18:00,2010-04-30 17:18:00,1,146.56,386,588,0,146.56,1,1,1,111,Lost Customers
14684,2010-11-14 14:07:00,2011-11-14 11:33:00,6,1430.03,1005,26,364,238.34,4,4,4,444,Champions
14685,2009-12-13 11:32:00,2010-05-12 13:08:00,8,4536.64,1969,576,150,567.08,1,4,5,145,At Risk
14686,2010-02-18 18:29:00,2010-10-21 18:31:00,5,852.53,457,414,245,170.51,1,4,3,143,At Risk
14687,2010-06-06 10:36:00,2011-08-25 11:59:00,3,1402.06,850,107,445,467.35,3,3,4,334,Big Spenders
14688,2010-09-09 12:35:00,2011-12-02 12:26:00,28,7635.4,5495,8,448,272.69,5,5,5,555,Champions
14689,2011-05-15 11:22:00,2011-05-15 11:22:00,1,112.8,76,209,0,112.8,2,1,1,211,Hibernating
14690,2010-10-25 12:20:00,2011-10-26 15:39:00,4,777.68,341,44,366,194.42,4,3,3,433,Potential Loyalists
14691,2011-05-11 09:55:00,2011-11-09 12:30:00,5,2114.33,707,31,182,422.87,4,4,4,444,Champions
14692,2010-04-01 14:04:00,2011-07-25 15:08:00,12,1715.14,890,137,480,142.93,3,5,4,354,Loyal Customers
14693,2010-07-02 08:28:00,2011-03-20 12:50:00,7,1165.36,388,265,261,166.48,2,4,3,243,At Risk
14694,2010-04-01 19:46:00,2010-04-01 19:46:00,1,244.31,193,617,0,244.31,1,1,1,111,Lost Customers
14695,2009-12-07 11:05:00,2010-07-08 14:18:00,3,1534.22,661,519,213,511.41,1,3,4,134,Hibernating
14696,2010-10-14 11:43:00,2011-12-05 13:43:00,8,2767.9,2151,4,417,345.99,5,4,4,544,Champions
14697,2011-05-05 15:29:00,2011-05-05 15:39:00,2,188.61,181,218,0,94.3,2,2,1,221,Hibernating
14698,2011-10-19 12:54:00,2011-12-08 12:26:00,5,1217.27,602,2,49,243.45,5,4,3,543,Loyal Customers
14699,2010-07-02 12:04:00,2011-05-09 14:54:00,4,702.6,484,214,311,175.65,2,3,3,233,Hibernating
14700,2010-08-11 12:19:00,2011-11-07 14:40:00,5,3076.06,1606,32,453,615.21,4,4,5,445,Champions
14701,2010-01-24 12:15:00,2011-11-29 12:38:00,15,4487.11,1744,11,674,299.14,5,5,5,555,Champions
14702,2009-12-10 20:22:00,2011-12-08 19:29:00,29,6679.23,3040,1,727,230.32,5,5,5,555,Champions
14703,2011-11-25 09:23:00,2011-11-25 09:23:00,1,318.17,183,15,0,318.17,5,1,2,512,New Customers
14704,2010-03-25 17:21:00,2011-11-28 12:51:00,11,1752.92,1164,11,612,159.36,5,5,4,554,Champions
14705,2011-05-25 12:39:00,2011-05-25 12:39:00,1,179.0,100,199,0,179.0,2,1,1,211,Hibernating
14706,2010-03-31 11:09:00,2010-03-31 11:09:00,1,367.54,246,619,0,367.54,1,1,2,112,Lost Customers
14707,2010-05-12 11:07:00,2010-09-30 11:37:00,2,139.2,96,436,141,69.6,1,2,1,121,Lost Customers
14708,2010-09-10 10:26:00,2011-12-07 08:21:00,5,2212.28,1509,3,452,442.46,5,4,4,544,Champions
14709,2009-12-05 15:26:00,2011-11-24 15:41:00,25,8886.33,4141,15,719,355.45,5,5,5,555,Champions
14710,2009-12-03 17:12:00,2011-11-25 14:53:00,13,1899.79,1135,14,721,146.14,5,5,4,554,Champions
14711,2011-03-22 13:32:00,2011-11-29 14:58:00,11,2839.62,966,10,252,258.15,5,5,4,554,Champions
14712,2010-10-17 14:49:00,2011-11-10 12:59:00,4,1328.07,411,29,388,332.02,4,3,4,434,Potential Loyalists
14713,2009-12-03 19:22:00,2011-11-30 16:26:00,21,5414.71,3454,9,726,257.84,5,5,5,555,Champions
14714,2010-01-21 11:51:00,2011-11-15 13:07:00,4,906.24,642,24,663,226.56,4,3,3,433,Potential Loyalists
14715,2010-01-19 12:18:00,2011-11-15 12:10:00,8,1825.45,1030,25,664,228.18,4,4,4,444,Champions
14716,2010-09-21 12:07:00,2011-10-27 17:29:00,3,543.28,643,43,401,181.09,4,3,2,432,Potential Loyalists
14717,2009-12-06 13:05:00,2009-12-06 13:05:00,1,81.3,32,733,0,81.3,1,1,1,111,Lost Customers
14718,2010-10-25 13:07:00,2010-10-25 13:07:00,1,226.42,202,410,0,226.42,2,1,1,211,Hibernating
14719,2011-04-04 14:17:00,2011-12-08 12:43:00,5,1581.84,1025,2,247,316.37,5,4,4,544,Champions
14720,2011-08-05 12:06:00,2011-12-04 12:02:00,3,663.81,219,6,120,221.27,5,3,3,533,Potential Loyalists
14721,2010-11-25 13:08:00,2010-11-25 13:08:00,1,109.07,57,379,0,109.07,2,1,1,211,Hibernating
14722,2010-08-10 13:28:00,2011-07-15 14:58:00,3,489.52,214,147,339,163.17,3,3,2,332,Need Attention
14723,2009-12-04 11:22:00,2011-11-29 15:23:00,11,2050.25,1282,10,725,186.39,5,5,4,554,Champions
14724,2010-04-28 13:26:00,2010-04-28 13:26:00,1,341.9,184,590,0,341.9,1,1,2,112,Lost Customers
14725,2010-06-23 11:34:00,2011-11-15 12:42:00,4,1252.74,1335,25,510,313.18,4,3,4,434,Potential Loyalists
14726,2010-02-23 12:35:00,2010-02-23 12:35:00,1,116.5,82,655,0,116.5,1,1,1,111,Lost Customers
14727,2010-06-11 13:23:00,2011-03-10 14:45:00,3,463.73,458,274,272,154.58,2,3,2,232,Hibernating
14728,2010-10-22 15:57:00,2010-10-22 15:57:00,1,190.58,68,413,0,190.58,1,1,1,111,Lost Customers
14729,2010-03-24 13:30:00,2010-12-01 12:43:00,3,899.73,569,374,251,299.91,2,3,3,233,Hibernating
14730,2011-03-08 12:49:00,2011-12-08 14:39:00,8,1897.57,1078,1,275,237.2,5,4,4,544,Champions
14731,2011-05-11 13:06:00,2011-10-23 15:54:00,3,380.02,256,47,165,126.67,4,3,2,432,Potential Loyalists
14732,2009-12-09 10:48:00,2011-12-01 14:34:00,19,5517.07,2273,8,722,290.37,5,5,5,555,Champions
14733,2010-11-02 15:42:00,2011-11-23 15:39:00,15,16165.17,6479,16,385,1077.68,5,5,5,555,Champions
14734,2010-06-06 15:15:00,2010-10-10 12:04:00,4,1056.42,378,426,125,264.1,1,3,3,133,Hibernating
14735,2009-12-04 11:32:00,2011-12-06 12:09:00,56,12240.16,4513,4,732,218.57,5,5,5,555,Champions
14736,2010-08-11 15:13:00,2010-08-11 15:21:00,2,374.05,148,485,0,187.02,1,2,2,122,Lost Customers
14737,2010-11-04 11:29:00,2011-12-06 10:16:00,4,3554.17,1071,4,396,888.54,5,3,5,535,Potential Loyalists
14738,2009-12-07 10:21:00,2011-10-28 08:56:00,9,1821.9,757,43,689,202.43,4,5,4,454,Champions
14739,2009-12-02 13:23:00,2011-12-05 16:54:00,25,12287.5,10172,4,733,491.5,5,5,5,555,Champions
14740,2010-02-25 11:40:00,2011-05-26 18:17:00,11,4161.06,2081,197,455,378.28,2,5,5,255,At Risk
14741,2010-10-18 09:33:00,2011-11-28 08:48:00,7,1897.59,1120,12,405,271.08,5,4,4,544,Champions
14742,2010-09-30 14:07:00,2010-09-30 14:07:00,1,579.85,374,435,0,579.85,1,1,2,112,Lost Customers
14743,2010-04-26 10:26:00,2010-04-26 10:26:00,1,50.48,40,593,0,50.48,1,1,1,111,Lost Customers
14744,2010-05-18 14:06:00,2011-11-23 12:51:00,14,3885.08,2547,16,553,277.51,5,5,5,555,Champions
14745,2010-03-12 10:33:00,2011-08-19 10:05:00,12,2551.41,1969,113,524,212.62,3,5,4,354,Loyal Customers
14746,2010-10-12 11:06:00,2010-10-29 14:44:00,4,593.5,398,406,17,148.38,2,3,2,232,Hibernating
14747,2011-04-04 14:09:00,2011-04-04 14:09:00,1,328.2,84,249,0,328.2,2,1,2,212,Hibernating
14748,2010-03-04 17:08:00,2011-11-10 18:33:00,10,3152.32,2752,29,616,315.23,4,5,5,455,Champions
14749,2010-08-17 12:36:00,2010-08-17 12:36:00,1,310.15,403,480,0,310.15,1,1,2,112,Lost Customers
14750,2009-12-03 17:57:00,2009-12-03 17:57:00,1,112.03,65,736,0,112.03,1,1,1,111,Lost Customers
14751,2009-12-13 14:08:00,2010-01-24 13:37:00,2,126.45,65,684,41,63.22,1,2,1,121,Lost Customers
14752,2011-10-27 11:55:00,2011-10-27 11:55:00,1,389.64,260,44,0,389.64,4,1,2,412,Need Attention
14753,2010-09-05 11:04:00,2011-09-13 14:50:00,2,869.51,412,87,373,434.76,3,2,3,323,Need Attention
14754,2010-01-18 11:04:00,2011-10-26 12:01:00,6,1547.93,1010,45,646,257.99,4,4,4,444,Champions
14755,2009-12-03 16:51:00,2011-11-30 11:24:00,25,9972.55,4401,10,726,398.9,5,5,5,555,Champions
14756,2010-10-11 11:50:00,2011-11-24 18:13:00,3,2653.76,1423,15,409,884.59,5,3,4,534,Potential Loyalists
14757,2011-09-25 14:36:00,2011-09-25 14:36:00,1,420.5,160,75,0,420.5,3,1,2,312,Need Attention
14758,2010-04-08 08:27:00,2011-07-18 08:21:00,7,2864.97,840,145,465,409.28,3,4,4,344,Loyal Customers
14759,2011-04-21 10:55:00,2011-12-05 12:03:00,3,1625.97,569,5,228,541.99,5,3,4,534,Potential Loyalists
14760,2011-02-15 16:27:00,2011-02-15 16:27:00,1,89.2,40,297,0,89.2,2,1,1,211,Hibernating
14761,2010-09-21 14:22:00,2011-10-12 12:10:00,3,447.92,206,59,385,149.31,4,3,2,432,Potential Loyalists
14762,2010-03-23 15:36:00,2011-03-21 08:20:00,2,417.57,428,264,362,208.78,2,2,2,222,Hibernating
14764,2011-10-24 11:54:00,2011-10-24 11:54:00,1,278.3,190,47,0,278.3,4,1,1,411,Need Attention
14765,2011-06-16 19:49:00,2011-11-10 19:53:00,3,254.11,135,29,147,84.7,4,3,1,431,Potential Loyalists
14766,2010-06-06 11:11:00,2011-12-01 16:05:00,11,6556.13,4063,8,543,596.01,5,5,5,555,Champions
14767,2010-08-22 14:54:00,2010-08-22 14:54:00,1,382.81,117,474,0,382.81,1,1,2,112,Lost Customers
14768,2011-08-04 13:25:00,2011-11-22 12:54:00,2,192.6,52,17,109,96.3,5,2,1,521,Potential Loyalists
14769,2009-12-16 09:17:00,2011-12-07 10:24:00,17,15514.11,11058,3,721,912.59,5,5,5,555,Champions
14770,2010-02-25 18:58:00,2011-04-21 14:21:00,8,3637.64,1598,232,419,454.7,2,4,5,245,At Risk
14771,2009-12-03 09:44:00,2010-03-28 12:52:00,2,594.62,622,621,115,297.31,1,2,2,122,Lost Customers
14772,2011-08-19 15:04:00,2011-08-19 15:04:00,1,139.26,82,112,0,139.26,3,1,1,311,Need Attention
14773,2010-04-26 10:29:00,2010-04-26 10:29:00,1,140.55,53,593,0,140.55,1,1,1,111,Lost Customers
14774,2010-06-29 12:26:00,2010-06-29 12:26:00,1,241.45,99,529,0,241.45,1,1,1,111,Lost Customers
14775,2010-12-02 16:38:00,2011-10-12 15:27:00,3,1418.46,1558,58,313,472.82,4,3,4,434,Potential Loyalists
14776,2010-09-19 14:12:00,2011-10-19 15:34:00,15,3708.3,4658,51,395,247.22,4,5,5,455,Champions
14777,2010-11-01 12:50:00,2010-11-01 12:50:00,1,307.56,212,404,0,307.56,2,1,2,212,Hibernating
14778,2011-02-04 11:43:00,2011-08-04 15:23:00,2,730.86,306,127,181,365.43,3,2,3,323,Need Attention
14779,2011-01-20 12:04:00,2011-03-04 12:42:00,3,386.15,84,281,43,128.72,2,3,2,232,Hibernating
14780,2011-09-21 15:15:00,2011-10-16 12:46:00,2,447.68,310,55,24,223.84,4,2,2,422,Potential Loyalists
14782,2011-01-24 11:12:00,2011-01-24 11:12:00,1,200.1,114,320,0,200.1,2,1,1,211,Hibernating
14783,2010-02-18 16:16:00,2010-02-18 16:16:00,1,307.3,262,659,0,307.3,1,1,2,112,Lost Customers
14784,2010-11-15 09:49:00,2011-11-13 13:30:00,3,449.93,363,26,363,149.98,4,3,2,432,Potential Loyalists
14785,2011-11-24 13:40:00,2011-11-29 13:21:00,2,77.4,84,10,4,38.7,5,2,1,521,Potential Loyalists
14786,2010-06-07 13:42:00,2010-06-07 13:42:00,1,90.96,112,550,0,90.96,1,1,1,111,Lost Customers
14787,2010-08-25 14:38:00,2010-08-25 14:38:00,1,110.65,59,471,0,110.65,1,1,1,111,Lost Customers
14788,2010-04-22 18:16:00,2011-12-02 17:06:00,3,1156.32,719,7,588,385.44,5,3,3,533,Potential Loyalists
14789,2011-11-11 08:59:00,2011-11-11 08:59:00,1,197.64,116,29,0,197.64,4,1,1,411,Need Attention
14790,2009-12-11 14:37:00,2011-11-23 09:28:00,10,2526.62,2642,17,711,252.66,5,5,4,554,Champions
14791,2010-04-12 10:24:00,2010-04-12 10:24:00,1,303.63,127,607,0,303.63,1,1,2,112,Lost Customers
14792,2011-10-07 09:19:00,2011-10-07 09:19:00,1,6.2,2,64,0,6.2,3,1,1,311,Need Attention
14793,2010-06-22 16:54:00,2011-11-18 14:50:00,2,625.9,361,21,513,312.95,4,2,3,423,Potential Loyalists
14794,2010-08-09 15:44:00,2011-12-07 10:11:00,10,1953.9,783,3,484,195.39,5,5,4,554,Champions
14795,2011-06-26 13:04:00,2011-06-26 13:04:00,1,131.45,17,166,0,131.45,3,1,1,311,Need Attention
14796,2009-12-14 15:06:00,2011-12-08 15:31:00,27,10840.54,7622,1,724,401.5,5,5,5,555,Champions
14797,2010-07-20 14:07:00,2010-07-20 14:07:00,1,300.31,99,507,0,300.31,1,1,2,112,Lost Customers
14798,2010-03-01 08:38:00,2011-10-18 10:58:00,8,724.31,601,53,596,90.54,4,4,3,443,Loyal Customers
14799,2009-12-02 11:18:00,2011-10-19 16:16:00,2,338.15,495,51,686,169.08,4,2,2,422,Potential Loyalists
14800,2010-09-30 14:38:00,2011-10-23 12:46:00,17,7747.17,6938,48,387,455.72,4,5,5,455,Champions
14801,2011-10-09 15:24:00,2011-10-09 15:24:00,1,189.34,173,61,0,189.34,3,1,1,311,Need Attention
14802,2010-09-27 16:32:00,2010-09-27 16:34:00,2,1502.98,2,438,0,751.49,1,2,4,124,Lost Customers
14803,2011-02-20 13:21:00,2011-06-30 13:58:00,3,845.55,370,162,130,281.85,3,3,3,333,Need Attention
14804,2011-12-01 11:20:00,2011-12-01 11:20:00,1,353.27,121,9,0,353.27,5,1,2,512,New Customers
14805,2010-03-28 12:34:00,2011-11-24 16:20:00,7,1082.55,416,15,606,154.65,5,4,3,543,Loyal Customers
14806,2010-09-26 15:50:00,2011-09-25 15:32:00,2,303.43,423,75,363,151.72,3,2,2,322,Need Attention
14807,2010-02-28 11:33:00,2010-11-14 12:47:00,2,504.14,234,391,259,252.07,2,2,2,222,Hibernating
14808,2011-06-20 12:53:00,2011-10-31 12:21:00,8,2718.6,2120,40,132,339.82,4,4,4,444,Champions
14809,2010-03-28 15:42:00,2010-03-28 15:44:00,2,686.76,232,621,0,343.38,1,2,3,123,Lost Customers
14810,2010-10-06 13:12:00,2011-10-30 11:19:00,13,2531.92,1245,41,388,194.76,4,5,4,454,Champions
14811,2010-11-17 13:09:00,2010-11-17 13:09:00,1,170.5,74,387,0,170.5,2,1,1,211,Hibernating
14812,2010-04-20 12:13:00,2010-04-20 12:13:00,1,178.85,135,599,0,178.85,1,1,1,111,Lost Customers
14813,2010-04-08 11:49:00,2010-12-05 11:57:00,4,1041.79,458,370,241,260.45,2,3,3,233,Hibernating
14814,2010-05-07 14:10:00,2010-05-07 14:10:00,1,154.21,93,581,0,154.21,1,1,1,111,Lost Customers
14815,2011-10-03 11:36:00,2011-11-03 11:36:00,2,778.5,744,37,31,389.25,4,2,3,423,Potential Loyalists
14816,2011-05-26 13:16:00,2011-05-26 13:16:00,1,271.85,5,197,0,271.85,2,1,1,211,Hibernating
14817,2010-03-22 12:10:00,2011-05-23 13:35:00,7,3959.86,2462,200,427,565.69,2,4,5,245,At Risk
14818,2010-03-02 12:48:00,2011-09-27 11:01:00,6,1153.56,543,74,573,192.26,3,4,3,343,Loyal Customers
14819,2009-12-21 15:54:00,2011-10-06 13:41:00,4,456.41,170,64,653,114.1,3,3,2,332,Need Attention
14820,2010-01-31 12:49:00,2011-11-18 15:41:00,9,1274.76,724,21,656,141.64,4,5,4,454,Champions
14821,2010-02-01 13:33:00,2010-12-08 08:43:00,7,1278.95,479,367,309,182.71,2,4,4,244,At Risk
14822,2010-08-11 12:52:00,2010-08-11 12:52:00,1,157.7,94,485,0,157.7,1,1,1,111,Lost Customers
14823,2011-05-29 12:48:00,2011-06-12 13:12:00,3,321.43,88,180,14,107.14,3,3,2,332,Need Attention
14824,2010-03-12 13:07:00,2011-11-29 14:20:00,10,4022.91,1954,10,627,402.29,5,5,5,555,Champions
14825,2010-04-06 14:14:00,2011-12-06 11:38:00,24,4919.18,2846,4,608,204.97,5,5,5,555,Champions
14826,2010-01-13 13:08:00,2010-05-07 09:00:00,2,385.2,152,582,113,192.6,1,2,2,122,Lost Customers
14828,2009-12-07 11:19:00,2011-05-27 10:16:00,13,9839.46,9718,197,535,756.88,2,5,5,255,At Risk
14829,2010-09-29 13:14:00,2011-11-10 16:16:00,7,1692.84,1147,29,407,241.83,4,4,4,444,Champions
14830,2011-10-17 14:29:00,2011-10-17 14:29:00,1,188.88,164,53,0,188.88,4,1,1,411,Need Attention
14831,2009-12-02 09:21:00,2010-01-28 14:31:00,3,1676.57,885,680,57,558.86,1,3,4,134,Hibernating
14832,2010-03-19 15:14:00,2010-03-19 15:14:00,1,322.69,1,630,0,322.69,1,1,2,112,Lost Customers
14833,2010-07-29 10:06:00,2010-07-29 10:06:00,1,94.8,58,499,0,94.8,1,1,1,111,Lost Customers
14834,2010-10-28 17:37:00,2011-11-22 10:30:00,7,2206.16,872,18,389,315.17,5,4,4,544,Champions
14835,2010-04-01 19:34:00,2010-06-29 10:08:00,2,297.0,180,529,88,148.5,1,2,2,122,Lost Customers
14836,2011-11-09 13:26:00,2011-11-29 16:45:00,3,102.45,45,10,20,34.15,5,3,1,531,Potential Loyalists
14837,2010-01-24 10:20:00,2011-09-11 10:58:00,9,3460.32,3030,90,595,384.48,3,5,5,355,Loyal Customers
14838,2009-12-03 09:52:00,2010-10-12 15:46:00,2,769.92,361,423,313,384.96,1,2,3,123,Lost Customers
14839,2010-01-04 16:29:00,2010-10-17 13:01:00,3,915.28,927,418,285,305.09,1,3,3,133,Hibernating
14840,2010-06-18 15:42:00,2011-03-17 12:00:00,2,362.71,179,268,271,181.36,2,2,2,222,Hibernating
14841,2009-12-02 16:49:00,2011-10-17 15:03:00,14,7163.0,4164,53,683,511.64,4,5,5,455,Champions
14842,2011-02-04 15:32:00,2011-10-27 12:37:00,4,2824.69,1166,44,264,706.17,4,3,4,434,Potential Loyalists
14843,2010-09-29 12:39:00,2010-09-29 12:39:00,1,211.8,132,437,0,211.8,1,1,1,111,Lost Customers
14844,2010-04-12 12:50:00,2011-10-07 10:41:00,10,6702.43,4369,64,542,670.24,3,5,5,355,Loyal Customers
14845,2010-04-19 10:19:00,2010-04-19 10:19:00,1,150.0,600,600,0,150.0,1,1,1,111,Lost Customers
14846,2010-10-08 17:07:00,2010-10-08 17:07:00,1,437.4,193,427,0,437.4,1,1,2,112,Lost Customers
14847,2010-05-24 12:29:00,2011-07-14 10:52:00,3,1348.95,533,149,415,449.65,3,3,4,334,Big Spenders
14848,2010-10-31 12:22:00,2010-10-31 12:22:00,1,310.56,260,405,0,310.56,2,1,2,212,Hibernating
14849,2010-01-10 11:40:00,2011-11-18 10:58:00,43,15763.45,12026,22,676,366.59,4,5,5,455,Champions
14850,2010-05-20 13:28:00,2011-02-01 11:21:00,7,1770.96,1393,312,256,252.99,2,4,4,244,At Risk
14851,2010-03-19 11:52:00,2011-11-16 14:20:00,3,829.41,631,23,607,276.47,4,3,3,433,Potential Loyalists
14852,2010-03-05 14:51:00,2011-10-12 13:20:00,18,6132.43,4366,58,585,340.69,4,5,5,455,Champions
14853,2010-04-13 09:26:00,2011-11-15 16:56:00,5,1376.87,345,24,581,275.37,4,4,4,444,Champions
14854,2010-01-22 09:48:00,2011-09-22 17:00:00,11,4303.06,2987,78,608,391.19,3,5,5,355,Loyal Customers
14855,2010-04-08 10:30:00,2011-08-12 14:02:00,7,6520.3,3510,119,491,931.47,3,4,5,345,Loyal Customers
14856,2011-10-14 09:35:00,2011-11-03 14:53:00,3,1290.53,711,36,20,430.18,4,3,4,434,Potential Loyalists
14857,2010-03-15 11:00:00,2011-10-11 09:23:00,7,3651.85,2081,60,574,521.69,3,4,5,345,Loyal Customers
14858,2010-07-22 10:51:00,2010-07-22 10:51:00,1,180.75,105,506,0,180.75,1,1,1,111,Lost Customers
14859,2010-06-03 10:26:00,2011-11-27 11:18:00,5,1705.64,888,13,542,341.13,5,4,4,544,Champions
14860,2011-11-20 14:17:00,2011-11-20 14:17:00,1,170.32,232,19,0,170.32,5,1,1,511,New Customers
14861,2009-12-08 12:12:00,2011-10-18 12:54:00,10,1380.73,1076,52,679,138.07,4,5,4,454,Champions
14862,2011-07-14 11:20:00,2011-11-14 10:01:00,2,841.2,772,26,122,420.6,4,2,3,423,Potential Loyalists
14863,2011-11-10 15:04:00,2011-11-10 15:04:00,1,266.76,132,29,0,266.76,4,1,1,411,Need Attention
14865,2009-12-01 16:05:00,2011-12-02 16:25:00,4,129.72,300,7,731,32.43,5,3,1,531,Potential Loyalists
14866,2010-08-26 11:54:00,2011-11-29 11:45:00,19,20850.22,9233,11,459,1097.38,5,5,5,555,Champions
14867,2009-12-05 15:47:00,2011-06-07 11:39:00,16,2952.06,996,186,548,184.5,3,5,4,354,Loyal Customers
14868,2010-10-15 14:52:00,2011-12-06 14:49:00,12,4184.01,2230,3,416,348.67,5,5,5,555,Champions
14869,2009-12-16 11:43:00,2011-12-01 12:36:00,6,2778.14,2130,9,715,463.02,5,4,4,544,Champions
14870,2010-01-25 09:05:00,2011-03-23 10:51:00,6,1838.95,483,262,422,306.49,2,4,4,244,At Risk
14871,2009-12-01 11:57:00,2011-12-06 13:42:00,9,1228.17,446,3,735,136.46,5,5,3,553,Loyal Customers
14872,2010-03-16 14:41:00,2010-08-13 12:34:00,3,816.6,662,484,149,272.2,1,3,3,133,Hibernating
14873,2010-03-16 10:51:00,2011-05-13 13:52:00,2,854.13,311,210,423,427.06,2,2,3,223,Hibernating
14874,2010-06-22 14:58:00,2010-06-22 14:58:00,1,116.18,148,535,0,116.18,1,1,1,111,Lost Customers
14875,2010-09-24 10:28:00,2011-08-24 12:20:00,3,2862.4,1332,108,334,954.13,3,3,4,334,Big Spenders
14876,2010-05-27 13:49:00,2010-07-06 14:57:00,2,256.7,162,521,40,128.35,1,2,1,121,Lost Customers
14877,2010-03-07 12:25:00,2010-10-17 13:09:00,2,425.85,168,418,224,212.92,1,2,2,122,Lost Customers
14878,2010-02-21 11:14:00,2011-11-27 11:15:00,25,4076.5,2416,13,644,163.06,5,5,5,555,Champions
14879,2010-01-24 11:35:00,2010-01-24 11:35:00,1,185.06,104,685,0,185.06,1,1,1,111,Lost Customers
14880,2011-02-24 12:27:00,2011-09-23 13:42:00,3,690.59,365,77,211,230.2,3,3,3,333,Need Attention
14881,2011-11-20 11:06:00,2011-11-20 11:06:00,1,255.4,316,20,0,255.4,4,1,1,411,Need Attention
14882,2010-03-30 15:02:00,2011-11-13 12:47:00,14,3546.65,1614,27,592,253.33,4,5,5,455,Champions
14883,2011-05-12 09:49:00,2011-11-21 10:23:00,6,761.59,790,19,193,126.93,5,4,3,543,Loyal Customers
14884,2010-02-08 12:56:00,2010-02-08 12:56:00,1,120.6,72,669,0,120.6,1,1,1,111,Lost Customers
14885,2010-08-31 10:11:00,2011-07-31 12:05:00,3,1598.12,1308,132,334,532.71,3,3,4,334,Big Spenders
14886,2011-04-01 08:56:00,2011-04-01 08:56:00,1,364.8,160,253,0,364.8,2,1,2,212,Hibernating
14887,2011-09-21 15:32:00,2011-09-21 15:32:00,1,1862.0,1100,79,0,1862.0,3,1,4,314,Need Attention
14888,2011-05-16 14:58:00,2011-05-16 14:58:00,1,369.2,184,207,0,369.2,2,1,2,212,Hibernating
14889,2011-01-07 15:19:00,2011-01-07 15:19:00,1,135.9,90,336,0,135.9,2,1,1,211,Hibernating
14890,2010-02-18 09:00:00,2011-03-31 11:57:00,3,817.25,636,254,406,272.42,2,3,3,233,Hibernating
14891,2010-09-29 12:41:00,2011-07-14 18:08:00,4,1106.73,788,148,288,276.68,3,3,3,333,Need Attention
14892,2010-01-18 08:58:00,2010-01-18 08:58:00,1,202.35,79,691,0,202.35,1,1,1,111,Lost Customers
14893,2010-04-01 09:03:00,2011-11-30 12:31:00,3,1809.61,1047,10,608,603.2,5,3,4,534,Potential Loyalists
14894,2009-12-02 10:42:00,2011-09-15 13:51:00,3,1492.81,603,85,652,497.6,3,3,4,334,Big Spenders
14895,2009-12-10 14:22:00,2011-12-02 09:23:00,38,25119.54,10714,8,721,661.04,5,5,5,555,Champions
14896,2009-12-06 12:42:00,2011-05-19 10:20:00,8,2083.22,1115,205,528,260.4,2,4,4,244,At Risk
14897,2009-12-15 17:05:00,2011-12-02 10:32:00,8,3140.54,1162,8,716,392.57,5,4,5,545,Champions
14898,2009-12-03 16:40:00,2011-11-16 14:54:00,14,3464.45,2225,23,712,247.46,4,5,5,455,Champions
14899,2010-11-09 15:20:00,2010-11-09 15:20:00,1,1331.38,570,395,0,1331.38,2,1,4,214,Hibernating
14900,2010-07-05 15:09:00,2010-07-05 15:09:00,1,13.92,48,522,0,13.92,1,1,1,111,Lost Customers
14901,2010-07-29 11:11:00,2011-11-28 17:09:00,12,2281.4,1048,11,487,190.12,5,5,4,554,Champions
14902,2010-06-04 12:35:00,2011-11-14 10:34:00,3,1035.62,716,26,527,345.21,4,3,3,433,Potential Loyalists
14903,2011-03-06 11:50:00,2011-11-18 16:07:00,5,2795.33,1531,21,257,559.07,4,4,4,444,Champions
14904,2010-10-08 12:48:00,2011-12-07 12:55:00,4,1630.49,2522,2,425,407.62,5,3,4,534,Potential Loyalists
14905,2009-12-03 14:36:00,2011-07-05 12:41:00,8,1971.39,1009,158,578,246.42,3,4,4,344,Loyal Customers
14906,2010-09-20 16:30:00,2010-09-20 16:30:00,1,68.44,1,445,0,68.44,1,1,1,111,Lost Customers
14907,2010-04-16 13:40:00,2011-12-06 14:14:00,16,6165.79,2817,3,599,385.36,5,5,5,555,Champions
14908,2010-09-02 16:39:00,2011-09-26 12:56:00,2,381.9,182,74,388,190.95,3,2,2,322,Need Attention
14909,2010-02-14 15:47:00,2010-09-28 16:56:00,3,1404.68,888,437,226,468.23,1,3,4,134,Hibernating
14910,2011-10-16 11:06:00,2011-12-07 10:06:00,4,434.35,238,3,51,108.59,5,3,2,532,Potential Loyalists
14911,2009-12-01 11:41:00,2011-12-08 15:54:00,398,295832.39,149949,1,737,743.3,5,5,5,555,Champions
14912,2010-01-26 16:29:00,2011-11-23 09:20:00,6,1889.25,1819,17,665,314.88,5,4,4,544,Champions
14913,2010-08-11 08:40:00,2011-11-04 08:29:00,8,4073.13,3955,36,449,509.14,4,4,5,445,Champions
14915,2009-12-03 10:17:00,2011-09-09 13:34:00,11,1811.25,707,91,645,164.66,3,5,4,354,Loyal Customers
14916,2010-04-01 10:57:00,2011-09-30 09:20:00,8,3042.95,2415,71,546,380.37,3,4,5,345,Loyal Customers
14917,2010-04-22 09:44:00,2010-04-22 11:28:00,2,1123.75,891,597,0,561.88,1,2,3,123,Lost Customers
14918,2010-04-08 11:18:00,2011-08-16 11:50:00,9,5955.81,2551,116,495,661.76,3,5,5,355,Loyal Customers
14919,2010-06-18 13:06:00,2010-06-18 13:06:00,1,359.35,129,539,0,359.35,1,1,2,112,Lost Customers
14920,2010-05-23 15:25:00,2011-05-11 10:32:00,3,1607.17,886,213,352,535.72,2,3,4,234,Hibernating
14921,2011-05-22 12:51:00,2011-11-09 13:17:00,2,1316.07,953,30,171,658.04,4,2,4,424,Potential Loyalists
14922,2010-07-20 09:45:00,2010-11-11 11:14:00,2,843.74,376,394,114,421.87,2,2,3,223,Hibernating
14923,2011-10-20 11:51:00,2011-10-20 11:51:00,1,749.1,418,51,0,749.1,4,1,3,413,Need Attention
14924,2010-03-10 12:51:00,2011-04-08 09:25:00,3,931.01,312,246,393,310.34,2,3,3,233,Hibernating
14926,2010-04-20 09:59:00,2010-11-23 07:13:00,2,359.4,204,382,216,179.7,2,2,2,222,Hibernating
14927,2010-11-08 12:30:00,2010-11-08 12:30:00,1,308.2,196,397,0,308.2,2,1,2,212,Hibernating
14928,2010-03-22 09:14:00,2010-03-22 09:14:00,1,223.91,268,628,0,223.91,1,1,1,111,Lost Customers
14929,2010-10-14 12:22:00,2011-11-07 17:21:00,2,836.69,487,32,389,418.34,4,2,3,423,Potential Loyalists
14930,2010-04-12 11:22:00,2011-08-23 10:31:00,6,5236.73,2193,109,497,872.79,3,4,5,345,Loyal Customers
14931,2011-04-13 09:32:00,2011-12-05 10:19:00,5,1257.68,417,5,236,251.54,5,4,4,544,Champions
14932,2010-11-19 09:16:00,2010-12-09 11:48:00,2,1029.66,337,366,20,514.83,2,2,3,223,Hibernating
14933,2010-09-21 17:29:00,2010-09-22 10:47:00,4,1770.0,600,444,0,442.5,1,3,4,134,Hibernating
14934,2010-09-24 12:08:00,2011-09-19 10:10:00,5,3503.5,2100,82,359,700.7,3,4,5,345,Loyal Customers
14935,2010-03-30 11:48:00,2011-02-15 14:44:00,2,2849.83,1931,297,322,1424.92,2,2,4,224,Hibernating
14936,2010-05-05 12:26:00,2011-11-06 10:30:00,12,12410.81,6274,34,549,1034.23,4,5,5,455,Champions
14937,2011-08-01 14:16:00,2011-10-14 12:29:00,3,1621.88,484,57,73,540.63,4,3,4,434,Potential Loyalists
14938,2010-05-26 13:35:00,2010-05-26 13:38:00,2,2322.43,1369,562,0,1161.21,1,2,4,124,Lost Customers
14940,2009-12-06 15:46:00,2010-10-18 10:47:00,2,531.49,384,418,315,265.74,1,2,2,122,Lost Customers
14941,2010-05-10 11:30:00,2010-05-10 11:30:00,1,182.1,80,579,0,182.1,1,1,1,111,Lost Customers
14942,2009-12-10 10:32:00,2010-11-03 10:51:00,4,746.56,354,402,328,186.64,2,3,3,233,Hibernating
14943,2010-02-14 16:04:00,2010-02-14 16:04:00,1,107.62,46,663,0,107.62,1,1,1,111,Lost Customers
14944,2010-02-17 08:47:00,2011-11-10 09:10:00,19,9784.67,4864,30,631,514.98,4,5,5,455,Champions
14945,2010-10-22 11:26:00,2010-10-22 11:26:00,1,179.4,156,414,0,179.4,1,1,1,111,Lost Customers
14946,2011-11-25 13:33:00,2011-11-25 13:33:00,1,100.9,22,14,0,100.9,5,1,1,511,New Customers
14947,2010-03-25 11:29:00,2011-09-28 15:48:00,6,1049.79,416,72,552,174.96,3,4,3,343,Loyal Customers
14948,2011-05-04 14:52:00,2011-11-16 17:16:00,6,1101.97,673,23,196,183.66,4,4,3,443,Loyal Customers
14949,2009-12-18 15:28:00,2010-08-27 15:38:00,4,515.0,250,469,252,128.75,1,3,2,132,Hibernating
14950,2011-11-20 13:48:00,2011-11-20 13:48:00,1,371.2,136,19,0,371.2,5,1,2,512,New Customers
14951,2011-09-21 15:15:00,2011-09-21 15:15:00,1,311.69,311,79,0,311.69,3,1,2,312,Need Attention
14952,2009-12-03 15:34:00,2011-10-11 10:33:00,32,17629.35,6977,60,676,550.92,3,5,5,355,Loyal Customers
14953,2010-09-30 12:16:00,2011-11-14 14:59:00,4,971.32,1014,25,410,242.83,4,3,3,433,Potential Loyalists
14954,2010-01-05 16:38:00,2011-11-27 14:30:00,2,462.12,209,12,690,231.06,5,2,2,522,Potential Loyalists
14955,2009-12-07 11:35:00,2009-12-07 11:35:00,1,163.77,74,733,0,163.77,1,1,1,111,Lost Customers
14956,2010-10-14 16:40:00,2010-10-14 16:40:00,1,1325.0,2500,421,0,1325.0,1,1,4,114,Lost Customers
14957,2010-03-05 10:50:00,2011-03-31 17:59:00,2,261.69,97,253,391,130.84,2,2,1,221,Hibernating
14958,2009-12-03 16:02:00,2011-07-15 14:20:00,6,941.99,248,147,588,157.0,3,4,3,343,Loyal Customers
14959,2011-02-16 13:00:00,2011-10-06 18:23:00,4,695.42,494,64,232,173.86,3,3,3,333,Need Attention
14960,2011-06-21 13:38:00,2011-12-01 12:54:00,2,221.27,221,8,162,110.64,5,2,1,521,Potential Loyalists
14961,2009-12-04 11:32:00,2011-11-29 09:42:00,22,16410.15,8372,11,724,745.92,5,5,5,555,Champions
14962,2010-05-04 14:57:00,2011-03-14 09:42:00,4,366.91,123,271,313,91.73,2,3,2,232,Hibernating
14963,2010-07-02 12:43:00,2011-11-30 12:16:00,12,3123.57,2287,10,515,260.3,5,5,5,555,Champions
14964,2011-04-06 14:13:00,2011-04-06 14:13:00,1,206.21,143,247,0,206.21,2,1,1,211,Hibernating
14965,2011-09-04 13:15:00,2011-09-04 13:20:00,2,596.09,363,96,0,298.04,3,2,2,322,Need Attention
14966,2009-12-15 13:48:00,2011-11-25 12:20:00,6,1064.26,1060,15,709,177.38,5,4,3,543,Loyal Customers
14967,2009-12-03 14:07:00,2011-10-21 11:06:00,6,1982.61,652,50,686,330.44,4,4,4,444,Champions
14968,2010-09-07 13:28:00,2011-11-09 13:58:00,2,501.24,257,30,428,250.62,4,2,2,422,Potential Loyalists
14969,2010-01-05 12:43:00,2010-01-05 12:43:00,1,906.23,665,704,0,906.23,1,1,3,113,Lost Customers
14970,2010-02-14 13:37:00,2011-10-02 13:44:00,12,4919.35,982,68,595,409.95,3,5,5,355,Loyal Customers
14971,2011-10-27 13:33:00,2011-11-04 17:07:00,3,1097.98,639,35,8,365.99,4,3,3,433,Potential Loyalists
14972,2010-11-23 16:17:00,2011-08-03 14:54:00,2,145.07,40,128,252,72.54,3,2,1,321,Need Attention
14973,2011-04-28 12:22:00,2011-08-24 15:51:00,3,1314.45,369,107,118,438.15,3,3,4,334,Big Spenders
14974,2011-11-02 13:01:00,2011-11-02 13:01:00,1,89.94,37,37,0,89.94,4,1,1,411,Need Attention
14975,2010-10-14 14:11:00,2011-10-13 14:08:00,2,472.39,507,57,363,236.2,4,2,2,422,Potential Loyalists
14976,2011-01-17 11:09:00,2011-10-13 16:37:00,7,790.86,234,57,269,112.98,4,4,3,443,Loyal Customers
14977,2009-12-14 10:37:00,2009-12-14 10:37:00,1,31.93,17,726,0,31.93,1,1,1,111,Lost Customers
14978,2010-04-28 10:50:00,2011-09-28 13:07:00,10,3112.19,736,72,518,311.22,3,5,5,355,Loyal Customers
14979,2009-12-04 12:54:00,2009-12-04 12:54:00,1,429.66,209,735,0,429.66,1,1,2,112,Lost Customers
14980,2009-12-02 14:09:00,2009-12-02 14:09:00,1,150.68,79,737,0,150.68,1,1,1,111,Lost Customers
14981,2010-10-12 11:04:00,2011-04-07 13:45:00,2,372.92,241,246,177,186.46,2,2,2,222,Hibernating
14982,2010-05-16 15:52:00,2010-05-16 15:52:00,1,237.78,125,572,0,237.78,1,1,1,111,Lost Customers
14983,2010-01-19 17:32:00,2010-01-19 17:32:00,1,183.2,90,689,0,183.2,1,1,1,111,Lost Customers
14984,2010-01-11 13:22:00,2011-11-20 14:28:00,6,1260.51,348,19,678,210.08,5,4,4,544,Champions
14985,2010-12-16 19:51:00,2011-05-25 14:29:00,2,292.01,256,198,159,146.0,2,2,2,222,Hibernating
14986,2010-01-24 15:54:00,2010-11-28 15:25:00,2,563.1,338,376,307,281.55,2,2,2,222,Hibernating
14987,2009-12-02 14:56:00,2011-11-24 09:59:00,8,1713.85,671,16,721,214.23,5,4,4,544,Champions
14988,2010-04-16 13:34:00,2011-05-12 12:05:00,7,2038.65,1260,212,390,291.24,2,4,4,244,At Risk
14989,2010-02-16 10:40:00,2010-02-16 10:40:00,1,342.4,200,662,0,342.4,1,1,2,112,Lost Customers
14990,2009-12-09 13:31:00,2010-04-06 13:54:00,2,304.17,129,612,118,152.08,1,2,2,122,Lost Customers
14991,2010-10-05 13:01:00,2010-10-05 13:01:00,1,314.67,191,430,0,314.67,1,1,2,112,Lost Customers
14992,2010-09-23 17:48:00,2010-09-23 17:48:00,1,210.5,145,442,0,210.5,1,1,1,111,Lost Customers
14993,2010-05-25 12:47:00,2010-05-25 12:47:00,1,36.13,21,564,0,36.13,1,1,1,111,Lost Customers
14994,2010-03-26 14:16:00,2010-11-22 12:59:00,5,946.72,568,382,240,189.34,2,4,3,243,At Risk
14995,2011-03-04 13:14:00,2011-11-01 11:39:00,2,231.98,102,39,241,115.99,4,2,1,421,Potential Loyalists
14996,2010-08-15 13:41:00,2010-08-15 13:44:00,2,442.29,404,481,0,221.14,1,2,2,122,Lost Customers
14997,2010-02-22 12:11:00,2011-10-24 13:28:00,4,776.6,1408,46,609,194.15,4,3,3,433,Potential Loyalists
14998,2010-04-13 16:07:00,2011-06-22 17:30:00,4,753.18,352,170,435,188.3,3,3,3,333,Need Attention
14999,2010-04-26 10:47:00,2010-04-26 10:47:00,1,129.48,88,593,0,129.48,1,1,1,111,Lost Customers
15000,2011-10-23 11:42:00,2011-10-23 11:42:00,1,490.52,218,48,0,490.52,4,1,2,412,Need Attention
15001,2010-11-10 13:31:00,2010-11-10 13:51:00,2,199.11,70,394,0,99.56,2,2,1,221,Hibernating
15002,2010-01-12 11:40:00,2011-08-16 10:44:00,9,4769.73,2493,116,580,529.97,3,5,5,355,Loyal Customers
15003,2010-01-26 13:04:00,2010-08-23 15:44:00,6,1027.03,525,473,209,171.17,1,4,3,143,At Risk
15004,2011-07-15 14:05:00,2011-07-15 14:05:00,1,1220.77,623,147,0,1220.77,3,1,3,313,Need Attention
15005,2009-12-01 14:19:00,2011-11-24 12:25:00,56,13977.08,8784,16,722,249.59,5,5,5,555,Champions
15006,2010-09-12 13:03:00,2011-10-19 15:08:00,2,757.78,387,51,402,378.89,4,2,3,423,Potential Loyalists
15007,2011-07-03 16:00:00,2011-07-03 16:00:00,1,156.91,69,159,0,156.91,3,1,1,311,Need Attention
15008,2010-03-12 11:13:00,2010-08-16 13:09:00,2,360.0,1500,480,157,180.0,1,2,2,122,Lost Customers
15009,2011-11-14 17:40:00,2011-11-27 13:35:00,3,1259.43,639,12,12,419.81,5,3,4,534,Potential Loyalists
15010,2011-11-04 12:42:00,2011-11-04 12:42:00,1,308.94,184,36,0,308.94,4,1,2,412,Need Attention
15011,2010-10-19 12:05:00,2010-11-09 11:10:00,2,416.6,289,396,20,208.3,2,2,2,222,Hibernating
15012,2010-05-12 11:49:00,2011-10-17 12:22:00,3,834.82,467,54,523,278.27,4,3,3,433,Potential Loyalists
15013,2010-01-31 12:15:00,2010-08-09 12:05:00,10,1610.82,1715,488,189,161.08,1,5,4,154,At Risk
15014,2011-06-16 19:40:00,2011-10-27 20:07:00,2,257.67,149,43,133,128.84,4,2,1,421,Potential Loyalists
15015,2009-12-14 14:46:00,2010-07-26 13:50:00,13,2354.97,1584,501,223,181.15,1,5,4,154,At Risk
15016,2010-06-14 13:06:00,2011-06-20 12:06:00,5,620.89,243,173,370,124.18,3,4,3,343,Loyal Customers
15017,2011-11-06 10:33:00,2011-11-06 10:33:00,1,125.58,63,34,0,125.58,4,1,1,411,Need Attention
15018,2010-12-07 10:47:00,2011-11-01 12:47:00,3,607.46,210,39,329,202.49,4,3,2,432,Potential Loyalists
15019,2011-03-18 12:35:00,2011-03-18 12:35:00,1,252.81,150,267,0,252.81,2,1,1,211,Hibernating
15020,2010-11-25 13:29:00,2010-11-25 13:29:00,1,198.47,111,379,0,198.47,2,1,1,211,Hibernating
15021,2010-07-29 16:35:00,2011-12-01 11:53:00,12,2698.68,1169,9,489,224.89,5,5,4,554,Champions
15022,2010-01-31 16:02:00,2011-11-28 12:35:00,5,1133.44,640,12,665,226.69,5,4,3,543,Loyal Customers
15023,2010-02-03 15:45:00,2011-12-06 17:23:00,20,12008.05,4984,3,671,600.4,5,5,5,555,Champions
15024,2010-10-11 16:14:00,2011-11-30 12:06:00,16,4050.61,2183,10,414,253.16,5,5,5,555,Champions
15025,2010-05-20 13:28:00,2011-11-06 15:20:00,2,979.79,503,33,535,489.9,4,2,3,423,Potential Loyalists
15026,2010-09-17 13:52:00,2011-09-20 13:52:00,5,1048.89,655,80,368,209.78,3,4,3,343,Loyal Customers
15027,2010-03-25 14:39:00,2011-11-09 10:16:00,10,3195.6,2782,31,593,319.56,4,5,5,455,Champions
15028,2010-11-10 14:32:00,2011-12-01 14:06:00,6,1148.91,792,8,385,191.48,5,4,3,543,Loyal Customers
15029,2010-03-30 12:16:00,2010-03-30 12:16:00,1,365.1,234,620,0,365.1,1,1,2,112,Lost Customers
15030,2010-03-04 17:10:00,2011-09-29 10:50:00,8,1979.91,1225,72,573,247.49,3,4,4,344,Loyal Customers
15031,2009-12-08 13:38:00,2011-12-05 14:19:00,14,3102.94,1576,4,727,221.64,5,5,5,555,Champions
15032,2009-12-10 15:27:00,2011-03-28 15:03:00,8,13780.65,8259,256,472,1722.58,2,4,5,245,At Risk
15033,2011-01-14 13:28:00,2011-12-05 12:40:00,10,2557.18,1672,5,324,255.72,5,5,4,554,Champions
15034,2010-05-11 13:30:00,2011-11-24 12:11:00,14,8231.2,4748,16,561,587.94,5,5,5,555,Champions
15035,2011-09-11 11:08:00,2011-09-11 11:08:00,1,252.73,245,90,0,252.73,3,1,1,311,Need Attention
15036,2011-06-13 12:19:00,2011-09-28 15:42:00,3,429.56,316,72,107,143.19,3,3,2,332,Need Attention
15037,2010-11-28 12:14:00,2010-11-28 13:05:00,2,397.76,298,376,0,198.88,2,2,2,222,Hibernating
15038,2010-10-10 14:35:00,2011-10-12 11:33:00,9,1265.41,424,59,366,140.6,4,5,4,454,Champions
15039,2009-12-10 11:39:00,2011-11-30 11:31:00,93,39726.89,18036,10,719,427.17,5,5,5,555,Champions
15040,2010-06-16 11:40:00,2010-06-16 11:40:00,1,7.49,1,542,0,7.49,1,1,1,111,Lost Customers
15041,2010-09-21 13:16:00,2011-06-22 16:16:00,2,289.4,194,170,274,144.7,3,2,1,321,Need Attention
15042,2010-04-23 14:01:00,2011-05-24 16:25:00,2,315.45,238,199,396,157.72,2,2,2,222,Hibernating
15043,2010-06-24 15:50:00,2011-11-08 14:26:00,6,2870.32,1019,31,501,478.39,4,4,4,444,Champions
15044,2009-12-16 15:13:00,2011-11-20 13:20:00,35,16024.15,5241,19,703,457.83,5,5,5,555,Champions
15045,2011-03-27 11:44:00,2011-07-11 11:33:00,2,735.66,114,152,105,367.83,3,2,3,323,Need Attention
15046,2010-01-14 14:29:00,2011-11-30 15:50:00,25,7623.79,4585,9,685,304.95,5,5,5,555,Champions
15047,2011-03-15 10:49:00,2011-03-15 10:49:00,1,343.62,222,270,0,343.62,2,1,2,212,Hibernating
15048,2010-12-06 12:15:00,2011-10-05 14:55:00,4,479.7,224,65,303,119.92,3,3,2,332,Need Attention
15049,2011-03-11 12:13:00,2011-03-11 12:13:00,1,121.17,63,274,0,121.17,2,1,1,211,Hibernating
15050,2010-08-16 12:00:00,2011-11-14 16:17:00,5,4087.19,2600,25,455,817.44,4,4,5,445,Champions
15051,2009-12-01 13:29:00,2011-11-16 15:38:00,9,3926.91,3052,23,715,436.32,4,5,5,455,Champions
15052,2011-01-24 15:52:00,2011-01-24 15:52:00,1,207.73,79,319,0,207.73,2,1,1,211,Hibernating
15053,2011-03-03 12:06:00,2011-12-05 12:08:00,3,693.95,984,5,277,231.32,5,3,3,533,Potential Loyalists
15054,2011-10-30 14:33:00,2011-11-27 15:02:00,2,302.1,198,12,28,151.05,5,2,2,522,Potential Loyalists
15055,2009-12-16 15:48:00,2010-08-22 11:06:00,3,549.12,225,475,248,183.04,1,3,2,132,Hibernating
15056,2010-07-07 15:58:00,2010-07-07 15:58:00,1,113.65,69,520,0,113.65,1,1,1,111,Lost Customers
15057,2009-12-05 15:27:00,2011-03-09 15:17:00,5,3255.96,1394,275,458,651.19,2,4,5,245,At Risk
15058,2010-02-24 14:07:00,2011-11-14 14:57:00,16,3387.58,1645,25,628,211.72,4,5,5,455,Champions
15059,2009-12-06 12:17:00,2011-10-30 11:35:00,19,3491.2,1599,41,692,183.75,4,5,5,455,Champions
15060,2011-11-30 14:03:00,2011-12-01 13:47:00,4,294.25,257,8,0,73.56,5,3,2,532,Potential Loyalists
15061,2009-12-01 12:18:00,2011-12-06 12:06:00,127,137818.52,80711,4,734,1085.19,5,5,5,555,Champions
15062,2010-04-08 15:41:00,2011-09-29 16:51:00,8,2585.62,1872,71,539,323.2,3,4,4,344,Loyal Customers
15063,2011-05-10 13:25:00,2011-05-10 13:25:00,1,370.8,56,213,0,370.8,2,1,2,212,Hibernating
15064,2009-12-22 16:17:00,2010-10-25 14:32:00,4,1254.41,810,410,306,313.6,2,3,4,234,Hibernating
15065,2010-10-25 09:13:00,2011-11-02 09:45:00,5,3326.86,1446,38,373,665.37,4,4,5,445,Champions
15066,2011-10-17 13:25:00,2011-10-17 13:25:00,1,893.59,317,53,0,893.59,4,1,3,413,Need Attention
15067,2010-04-11 15:54:00,2011-09-22 13:20:00,5,3862.88,2151,78,528,772.58,3,4,5,345,Loyal Customers
15068,2010-03-28 13:18:00,2011-10-24 14:47:00,4,1174.9,832,46,575,293.73,4,3,3,433,Potential Loyalists
15069,2011-06-13 14:16:00,2011-06-13 14:16:00,1,1109.53,520,179,0,1109.53,3,1,3,313,Need Attention
15070,2009-12-15 13:49:00,2010-12-02 11:23:00,3,843.25,375,373,351,281.08,2,3,3,233,Hibernating
15071,2010-05-18 12:45:00,2011-09-07 11:43:00,4,1455.56,416,94,476,363.89,3,3,4,334,Big Spenders
15072,2010-08-17 15:46:00,2010-08-17 15:46:00,1,187.52,164,479,0,187.52,1,1,1,111,Lost Customers
15073,2010-01-27 08:48:00,2011-11-30 10:44:00,8,2788.02,1410,10,672,348.5,5,4,4,544,Champions
15074,2010-08-29 11:47:00,2011-08-26 14:45:00,3,1553.13,1039,105,362,517.71,3,3,4,334,Big Spenders
15075,2011-09-23 12:27:00,2011-09-23 12:27:00,1,773.03,447,78,0,773.03,3,1,3,313,Need Attention
15076,2010-07-05 14:11:00,2011-06-20 08:23:00,3,1447.74,866,173,349,482.58,3,3,4,334,Big Spenders
15077,2009-12-09 17:10:00,2010-08-02 11:13:00,2,2428.08,528,495,235,1214.04,1,2,4,124,Lost Customers
15078,2009-12-04 12:03:00,2011-12-02 15:41:00,53,17761.88,8990,7,728,335.13,5,5,5,555,Champions
15079,2009-12-08 11:22:00,2011-05-11 12:45:00,11,3767.35,1504,213,519,342.49,2,5,5,255,At Risk
15080,2010-07-26 10:03:00,2010-10-08 11:52:00,2,546.25,287,428,74,273.12,1,2,2,122,Lost Customers
15081,2010-06-22 10:25:00,2011-11-17 17:08:00,12,1965.72,806,22,513,163.81,4,5,4,454,Champions
15082,2010-02-09 10:23:00,2010-02-09 10:23:00,1,93.35,43,669,0,93.35,1,1,1,111,Lost Customers
15083,2011-03-28 12:18:00,2011-03-28 12:18:00,1,88.2,38,257,0,88.2,2,1,1,211,Hibernating
15084,2010-03-04 10:45:00,2010-11-25 11:58:00,2,965.2,600,380,266,482.6,2,2,3,223,Hibernating
15085,2009-12-10 11:47:00,2009-12-10 11:47:00,1,347.54,169,730,0,347.54,1,1,2,112,Lost Customers
15086,2010-03-24 13:56:00,2010-05-24 12:27:00,2,218.53,95,565,60,109.26,1,2,1,121,Lost Customers
15087,2011-03-03 10:34:00,2011-03-03 10:34:00,1,306.94,470,282,0,306.94,2,1,2,212,Hibernating
15088,2011-10-03 14:05:00,2011-11-18 13:14:00,2,1160.07,460,21,45,580.04,4,2,3,423,Potential Loyalists
15089,2011-08-03 14:14:00,2011-11-29 16:31:00,6,2420.84,1359,10,118,403.47,5,4,4,544,Champions
15090,2011-02-04 14:03:00,2011-02-04 14:03:00,1,381.32,208,308,0,381.32,2,1,2,212,Hibernating
15091,2010-02-03 11:46:00,2011-10-03 12:47:00,3,1046.61,582,68,607,348.87,3,3,3,333,Need Attention
15092,2010-09-03 12:33:00,2011-05-08 14:10:00,3,776.46,230,215,247,258.82,2,3,3,233,Hibernating
15093,2009-12-08 12:46:00,2011-11-21 13:09:00,23,14326.11,11657,18,713,622.87,5,5,5,555,Champions
15094,2010-03-05 12:56:00,2010-09-02 16:55:00,2,83.0,28,463,181,41.5,1,2,1,121,Lost Customers
15095,2010-01-21 09:37:00,2011-08-28 12:01:00,10,3141.64,2233,104,584,314.16,3,5,5,355,Loyal Customers
15096,2011-10-28 10:27:00,2011-10-28 10:27:00,1,219.39,120,43,0,219.39,4,1,1,411,Need Attention
15097,2010-05-05 14:22:00,2011-12-05 14:03:00,3,908.35,424,4,578,302.78,5,3,3,533,Potential Loyalists
15098,2011-06-10 15:22:00,2011-06-10 15:33:00,3,39916.5,121,182,0,13305.5,3,3,5,335,Big Spenders
15099,2011-09-16 13:13:00,2011-09-16 13:13:00,1,410.48,343,84,0,410.48,3,1,2,312,Need Attention
15100,2010-01-07 14:33:00,2011-01-10 10:35:00,7,2894.7,334,334,367,413.53,2,4,4,244,At Risk
15101,2010-04-28 15:00:00,2011-12-01 10:18:00,6,1477.94,676,9,581,246.32,5,4,4,544,Champions
15102,2010-06-11 10:16:00,2010-06-27 12:16:00,2,554.67,339,531,16,277.33,1,2,2,122,Lost Customers
15103,2011-09-14 13:54:00,2011-11-08 14:53:00,2,703.36,329,31,55,351.68,4,2,3,423,Potential Loyalists
15104,2011-03-02 14:16:00,2011-05-27 12:29:00,2,993.54,635,197,85,496.77,2,2,3,223,Hibernating
15105,2010-03-23 12:18:00,2011-11-21 16:54:00,9,3094.91,1747,18,608,343.88,5,5,5,555,Champions
15106,2011-03-15 12:52:00,2011-11-22 09:16:00,5,1422.52,1181,18,251,284.5,5,4,4,544,Champions
15107,2010-09-14 10:47:00,2011-02-01 14:46:00,9,940.35,356,311,140,104.48,2,5,3,253,At Risk
15108,2011-04-26 10:54:00,2011-07-21 10:24:00,4,1300.25,499,142,85,325.06,3,3,4,334,Big Spenders
15109,2009-12-04 12:33:00,2011-04-08 09:58:00,3,983.1,258,246,489,327.7,2,3,3,233,Hibernating
15110,2010-08-11 15:49:00,2011-11-16 11:16:00,6,1505.85,337,24,461,250.98,4,4,4,444,Champions
15111,2010-04-26 13:12:00,2011-11-10 16:58:00,5,2730.87,1164,29,563,546.17,4,4,4,444,Champions
15112,2010-04-07 14:17:00,2010-04-07 14:17:00,1,209.4,72,611,0,209.4,1,1,1,111,Lost Customers
15113,2011-10-16 15:27:00,2011-11-30 08:23:00,3,3509.43,2344,10,44,1169.81,5,3,5,535,Potential Loyalists
15114,2010-10-14 16:44:00,2011-11-09 15:05:00,12,3400.12,3532,30,390,283.34,4,5,5,455,Champions
15115,2009-12-07 11:20:00,2011-11-21 14:59:00,2,531.85,245,18,714,265.92,5,2,2,522,Potential Loyalists
15116,2011-05-19 08:50:00,2011-11-22 12:25:00,4,1352.75,648,18,187,338.19,5,3,4,534,Potential Loyalists
15117,2010-03-15 13:39:00,2011-11-25 08:12:00,8,2485.97,3093,15,619,310.75,5,4,4,544,Champions
15118,2011-07-28 14:54:00,2011-07-28 14:54:00,1,244.8,1440,134,0,244.8,3,1,1,311,Need Attention
15119,2011-04-08 09:08:00,2011-04-08 09:08:00,1,266.4,88,246,0,266.4,2,1,1,211,Hibernating
15120,2011-07-29 09:48:00,2011-07-29 09:48:00,1,358.82,296,134,0,358.82,3,1,2,312,Need Attention
15121,2011-02-24 12:41:00,2011-10-20 14:51:00,2,457.72,199,50,238,228.86,4,2,2,422,Potential Loyalists
15122,2010-03-30 14:05:00,2011-08-17 16:48:00,11,4487.27,2033,114,505,407.93,3,5,5,355,Loyal Customers
15123,2010-03-16 09:49:00,2011-12-02 13:12:00,5,4656.17,2524,7,626,931.23,5,4,5,545,Champions
15124,2010-02-26 10:49:00,2011-11-17 10:09:00,4,450.82,462,23,628,112.7,4,3,2,432,Potential Loyalists
15125,2010-03-31 13:29:00,2011-11-14 13:57:00,24,17024.87,8433,25,593,709.37,4,5,5,455,Champions
15126,2010-01-21 17:09:00,2010-06-21 12:31:00,2,449.49,273,537,150,224.74,1,2,2,122,Lost Customers
15127,2010-07-08 10:07:00,2011-10-05 10:30:00,2,711.5,464,66,454,355.75,3,2,3,323,Need Attention
15128,2010-10-05 16:46:00,2011-10-10 13:54:00,5,1783.68,1583,60,369,356.74,3,4,4,344,Loyal Customers
15129,2010-04-08 17:15:00,2011-10-20 14:40:00,23,6860.18,4002,50,559,298.27,4,5,5,455,Champions
15130,2011-06-23 10:15:00,2011-06-23 10:15:00,1,330.11,197,170,0,330.11,3,1,2,312,Need Attention
15131,2010-11-10 12:07:00,2010-11-10 12:07:00,1,80.28,88,395,0,80.28,2,1,1,211,Hibernating
15132,2011-03-22 12:02:00,2011-11-21 17:10:00,5,977.93,679,18,244,195.59,5,4,3,543,Loyal Customers
15133,2010-07-07 12:31:00,2011-08-04 10:44:00,5,1806.9,960,128,392,361.38,3,4,4,344,Loyal Customers
15134,2010-10-13 12:44:00,2011-11-25 08:55:00,10,1596.29,1057,15,407,159.63,5,5,4,554,Champions
15135,2010-06-01 13:33:00,2011-04-14 19:16:00,2,305.68,84,239,317,152.84,2,2,2,222,Hibernating
15136,2011-09-04 16:05:00,2011-12-07 12:26:00,4,1286.7,776,3,93,321.68,5,3,4,534,Potential Loyalists
15137,2010-01-28 15:45:00,2010-07-07 09:41:00,2,823.4,596,521,159,411.7,1,2,3,123,Lost Customers
15138,2010-11-11 09:16:00,2010-11-11 09:16:00,1,502.52,300,394,0,502.52,2,1,2,212,Hibernating
15139,2011-01-07 12:44:00,2011-04-14 11:39:00,2,178.96,208,240,96,89.48,2,2,1,221,Hibernating
15140,2010-09-23 13:07:00,2011-10-18 14:07:00,8,3243.69,2010,52,390,405.46,4,4,5,445,Champions
15141,2010-03-28 15:58:00,2010-09-08 11:33:00,7,1388.47,1197,458,163,198.35,1,4,4,144,At Risk
15142,2010-07-27 09:05:00,2011-10-24 12:51:00,6,2619.92,2155,46,454,436.65,4,4,4,444,Champions
15143,2010-10-03 13:58:00,2011-04-28 12:03:00,2,563.63,320,226,206,281.82,2,2,2,222,Hibernating
15144,2009-12-13 11:35:00,2011-12-01 15:12:00,29,12160.31,5251,8,718,419.32,5,5,5,555,Champions
15145,2011-04-05 15:20:00,2011-12-05 17:21:00,4,1194.73,756,4,244,298.68,5,3,3,533,Potential Loyalists
15146,2011-02-21 13:07:00,2011-06-28 12:09:00,2,1327.16,1473,165,126,663.58,3,2,4,324,Big Spenders
15147,2011-04-13 15:57:00,2011-04-13 15:57:00,1,623.5,366,240,0,623.5,2,1,3,213,Hibernating
15148,2011-11-29 08:21:00,2011-11-29 08:21:00,1,301.29,187,11,0,301.29,5,1,2,512,New Customers
15149,2010-02-28 11:13:00,2011-07-29 10:58:00,5,1554.61,380,134,515,310.92,3,4,4,344,Loyal Customers
15150,2010-06-14 12:01:00,2011-11-22 12:52:00,13,8977.94,6167,17,526,690.61,5,5,5,555,Champions
15151,2010-07-18 12:19:00,2010-10-12 16:37:00,2,2085.61,795,423,86,1042.8,1,2,4,124,Lost Customers
15152,2010-01-07 15:15:00,2011-11-30 12:32:00,14,5263.83,2994,10,691,375.99,5,5,5,555,Champions
15153,2011-11-08 17:09:00,2011-11-08 17:09:00,1,329.25,198,31,0,329.25,4,1,2,412,Need Attention
15154,2010-08-18 17:41:00,2011-09-25 16:05:00,3,1343.72,333,75,402,447.91,3,3,4,334,Big Spenders
15155,2010-11-21 12:59:00,2010-11-21 12:59:00,1,383.97,192,383,0,383.97,2,1,2,212,Hibernating
15156,2011-11-06 12:41:00,2011-12-08 18:22:00,3,961.49,597,1,32,320.5,5,3,3,533,Potential Loyalists
15157,2009-12-10 14:44:00,2011-12-06 11:28:00,5,2654.11,3466,4,725,530.82,5,4,4,544,Champions
15158,2010-11-03 13:46:00,2011-10-25 13:53:00,2,606.02,219,45,356,303.01,4,2,2,422,Potential Loyalists
15159,2010-10-04 09:31:00,2011-12-08 12:05:00,34,22116.73,13512,2,430,650.49,5,5,5,555,Champions
15160,2010-10-14 15:26:00,2010-12-17 14:15:00,4,589.27,307,357,63,147.32,2,3,2,232,Hibernating
15161,2010-11-16 16:08:00,2010-11-16 16:08:00,1,119.92,144,388,0,119.92,2,1,1,211,Hibernating
15162,2009-12-08 13:14:00,2009-12-08 13:14:00,1,312.9,74,731,0,312.9,1,1,2,112,Lost Customers
15163,2011-05-31 15:22:00,2011-11-21 13:10:00,2,304.47,186,18,173,152.24,5,2,2,522,Potential Loyalists
15164,2010-01-18 13:34:00,2011-10-02 12:05:00,9,2028.11,912,69,621,225.35,3,5,4,354,Loyal Customers
15165,2010-12-01 14:03:00,2010-12-01 14:03:00,1,975.5,320,373,0,975.5,2,1,3,213,Hibernating
15166,2010-08-29 12:31:00,2010-08-29 12:31:00,1,167.16,140,468,0,167.16,1,1,1,111,Lost Customers
15167,2010-02-04 14:13:00,2011-01-23 12:41:00,5,1627.62,863,321,352,325.52,2,4,4,244,At Risk
15168,2011-11-14 11:26:00,2011-11-14 11:26:00,1,106.56,52,26,0,106.56,4,1,1,411,Need Attention
15169,2009-12-13 11:16:00,2010-11-22 13:04:00,2,569.22,356,382,344,284.61,2,2,2,222,Hibernating
15170,2010-10-29 10:34:00,2010-10-29 10:34:00,1,81.15,33,407,0,81.15,2,1,1,211,Hibernating
15171,2011-01-12 15:36:00,2011-01-12 15:36:00,1,1289.5,290,331,0,1289.5,2,1,4,214,Hibernating
15172,2011-04-17 11:56:00,2011-12-01 11:51:00,5,1624.05,1611,9,227,324.81,5,4,4,544,Champions
15173,2010-04-01 12:26:00,2010-11-24 10:21:00,7,1494.6,840,381,236,213.51,2,4,4,244,At Risk
15174,2010-10-25 09:40:00,2011-01-21 09:06:00,2,481.46,382,323,87,240.73,2,2,2,222,Hibernating
15175,2011-09-29 11:31:00,2011-09-29 11:31:00,1,224.14,454,72,0,224.14,3,1,1,311,Need Attention
15176,2010-02-10 10:36:00,2010-02-10 10:36:00,1,988.04,448,668,0,988.04,1,1,3,113,Lost Customers
15177,2010-10-10 12:48:00,2010-10-10 12:48:00,1,948.93,485,426,0,948.93,1,1,3,113,Lost Customers
15178,2011-03-24 15:12:00,2011-03-24 15:12:00,1,40.5,30,260,0,40.5,2,1,1,211,Hibernating
15179,2009-12-03 12:27:00,2011-11-21 12:53:00,13,7491.92,5416,18,718,576.3,5,5,5,555,Champions
15180,2010-04-29 15:27:00,2010-12-07 14:57:00,3,904.43,690,367,221,301.48,2,3,3,233,Hibernating
15181,2009-12-08 19:02:00,2011-10-04 13:58:00,5,1200.2,688,66,664,240.04,3,4,3,343,Loyal Customers
15182,2010-02-21 12:03:00,2011-07-08 13:37:00,11,2998.95,1186,154,502,272.63,3,5,5,355,Loyal Customers
15183,2010-05-04 11:31:00,2010-06-10 10:43:00,3,639.93,297,548,36,213.31,1,3,3,133,Hibernating
15184,2009-12-16 12:06:00,2011-11-10 13:41:00,4,685.39,462,29,694,171.35,4,3,3,433,Potential Loyalists
15185,2011-09-30 14:06:00,2011-09-30 14:06:00,1,310.62,666,70,0,310.62,3,1,2,312,Need Attention
15186,2010-01-12 10:14:00,2011-11-25 14:58:00,5,1403.2,716,14,682,280.64,5,4,4,544,Champions
15187,2011-05-11 13:49:00,2011-12-08 11:56:00,16,4777.18,1887,2,210,298.57,5,5,5,555,Champions
15188,2009-12-14 13:30:00,2009-12-14 13:30:00,1,310.43,233,725,0,310.43,1,1,2,112,Lost Customers
15189,2010-07-18 13:37:00,2011-12-08 13:22:00,46,17524.38,6902,1,507,380.96,5,5,5,555,Champions
15190,2010-10-01 13:09:00,2010-10-01 13:09:00,1,834.44,790,434,0,834.44,1,1,3,113,Lost Customers
15191,2010-01-20 12:35:00,2010-09-02 15:37:00,3,588.05,287,463,225,196.02,1,3,2,132,Hibernating
15192,2010-01-29 10:13:00,2011-08-12 11:41:00,5,1981.39,1644,120,560,396.28,3,4,4,344,Loyal Customers
15193,2011-10-10 08:23:00,2011-10-10 08:23:00,1,499.32,144,61,0,499.32,3,1,2,312,Need Attention
15194,2009-12-03 10:37:00,2011-12-06 15:10:00,28,12427.69,9169,3,733,443.85,5,5,5,555,Champions
15195,2011-12-07 12:20:00,2011-12-07 12:20:00,1,3861.0,1404,3,0,3861.0,5,1,5,515,New Customers
15196,2009-12-13 11:14:00,2010-10-03 10:50:00,2,313.7,130,433,293,156.85,1,2,2,122,Lost Customers
15197,2009-12-11 12:56:00,2011-11-29 10:00:00,6,1877.51,1058,11,717,312.92,5,4,4,544,Champions
15198,2010-01-19 10:01:00,2011-09-08 14:42:00,5,571.35,327,92,597,114.27,3,4,2,342,Loyal Customers
15199,2010-05-13 10:14:00,2011-10-11 15:12:00,10,3122.4,894,59,516,312.24,4,5,5,455,Champions
15200,2010-08-02 09:38:00,2010-08-02 09:38:00,1,549.05,195,495,0,549.05,1,1,2,112,Lost Customers
15201,2010-04-07 14:50:00,2011-09-13 14:53:00,7,1842.95,1660,87,524,263.28,3,4,4,344,Loyal Customers
15202,2010-10-15 12:39:00,2010-10-15 13:05:00,3,6001.49,3,420,0,2000.5,1,3,5,135,Hibernating
15203,2009-12-08 18:06:00,2011-11-14 08:16:00,15,4400.18,4182,26,705,293.35,4,5,5,455,Champions
15204,2010-12-17 13:49:00,2010-12-17 13:49:00,1,316.58,258,357,0,316.58,2,1,2,212,Hibernating
15205,2011-08-04 16:07:00,2011-09-15 19:36:00,2,653.24,378,85,42,326.62,3,2,3,323,Need Attention
15206,2011-03-09 08:59:00,2011-11-29 13:41:00,4,420.3,162,10,265,105.08,5,3,2,532,Potential Loyalists
15207,2010-06-10 17:29:00,2010-10-19 13:29:00,3,683.92,428,416,130,227.97,1,3,3,133,Hibernating
15208,2010-10-12 12:17:00,2011-12-08 17:24:00,6,970.52,356,1,422,161.75,5,4,3,543,Loyal Customers
15209,2009-12-09 17:26:00,2009-12-09 17:26:00,1,178.98,94,730,0,178.98,1,1,1,111,Lost Customers
15210,2010-05-13 14:42:00,2011-04-28 16:11:00,3,1176.19,841,225,350,392.06,2,3,3,233,Hibernating
15211,2010-12-09 16:08:00,2011-10-10 13:31:00,2,1277.48,357,60,304,638.74,3,2,4,324,Big Spenders
15212,2010-11-28 10:45:00,2011-04-12 13:45:00,2,208.28,84,241,135,104.14,2,2,1,221,Hibernating
15213,2011-01-14 11:05:00,2011-01-25 12:21:00,2,328.35,272,319,11,164.18,2,2,2,222,Hibernating
15214,2011-04-11 09:46:00,2011-12-08 12:07:00,8,1661.44,1254,2,241,207.68,5,4,4,544,Champions
15215,2010-04-06 11:21:00,2011-10-24 11:41:00,7,2422.43,776,47,566,346.06,4,4,4,444,Champions
15216,2010-03-31 09:52:00,2011-09-13 11:41:00,2,486.09,217,88,531,243.04,3,2,2,322,Need Attention
15217,2010-05-25 13:51:00,2010-05-25 13:51:00,1,426.24,190,563,0,426.24,1,1,2,112,Lost Customers
15218,2010-01-26 11:33:00,2011-11-29 11:48:00,22,11468.83,6530,11,672,521.31,5,5,5,555,Champions
15219,2010-03-01 11:33:00,2011-06-16 16:57:00,2,685.45,271,176,472,342.72,3,2,3,323,Need Attention
15220,2011-03-04 10:24:00,2011-10-19 12:39:00,6,1778.96,1393,52,229,296.49,4,4,4,444,Champions
15221,2010-03-12 10:40:00,2010-12-08 13:08:00,4,2465.45,287,366,271,616.36,2,3,4,234,Hibernating
15222,2009-12-16 13:49:00,2011-01-25 08:03:00,11,3550.91,4458,319,404,322.81,2,5,5,255,At Risk
15223,2009-12-05 11:19:00,2011-04-28 11:31:00,5,1417.95,385,226,509,283.59,2,4,4,244,At Risk
15224,2010-01-15 16:14:00,2010-12-16 15:02:00,5,871.36,443,358,334,174.27,2,4,3,243,At Risk
15225,2011-04-19 14:51:00,2011-04-19 14:51:00,1,409.4,226,234,0,409.4,2,1,2,212,Hibernating
15226,2011-02-02 11:41:00,2011-02-02 11:41:00,1,154.41,71,311,0,154.41,2,1,1,211,Hibernating
15227,2010-03-16 08:23:00,2011-11-03 11:59:00,9,2488.49,1217,37,597,276.5,4,5,4,454,Champions
15228,2010-07-28 10:21:00,2011-10-04 13:56:00,6,5580.27,3375,66,433,930.04,3,4,5,345,Loyal Customers
15229,2010-05-02 13:50:00,2010-05-02 13:50:00,1,160.5,114,586,0,160.5,1,1,1,111,Lost Customers
15230,2011-04-13 11:04:00,2011-04-14 14:39:00,2,429.6,351,239,1,214.8,2,2,2,222,Hibernating
15231,2010-03-28 15:12:00,2010-03-28 15:12:00,1,250.26,190,621,0,250.26,1,1,1,111,Lost Customers
15232,2011-07-22 12:21:00,2011-08-18 16:27:00,2,612.06,686,113,27,306.03,3,2,2,322,Need Attention
15233,2010-11-03 13:36:00,2010-11-03 13:36:00,1,59.4,12,401,0,59.4,2,1,1,211,Hibernating
15234,2011-03-08 08:53:00,2011-03-08 08:53:00,1,197.0,196,277,0,197.0,2,1,1,211,Hibernating
15235,2010-11-16 12:48:00,2011-05-06 09:44:00,16,2937.81,1735,218,170,183.61,2,5,4,254,At Risk
15236,2011-02-14 10:52:00,2011-02-14 10:52:00,1,321.05,269,299,0,321.05,2,1,2,212,Hibernating
15237,2011-04-26 15:04:00,2011-12-08 09:46:00,4,1412.32,1071,2,225,353.08,5,3,4,534,Potential Loyalists
15238,2011-06-08 16:00:00,2011-11-10 14:28:00,3,1071.99,692,29,154,357.33,4,3,3,433,Potential Loyalists
15239,2011-09-22 09:53:00,2011-11-29 14:14:00,2,780.59,594,10,68,390.3,5,2,3,523,Potential Loyalists
15240,2009-12-05 14:57:00,2011-10-26 09:50:00,12,4459.98,3214,45,689,371.66,4,5,5,455,Champions
15241,2010-02-23 13:59:00,2011-10-04 09:05:00,11,3050.16,3328,67,587,277.29,3,5,5,355,Loyal Customers
15242,2010-10-13 15:33:00,2010-10-13 15:33:00,1,302.04,196,422,0,302.04,1,1,2,112,Lost Customers
15243,2010-09-30 17:28:00,2011-09-26 14:12:00,2,927.28,543,74,360,463.64,3,2,3,323,Need Attention
15244,2010-02-11 14:48:00,2011-10-05 13:19:00,3,912.08,472,65,600,304.03,3,3,3,333,Need Attention
15245,2010-04-23 14:23:00,2011-07-28 18:56:00,8,4610.84,3021,134,461,576.36,3,4,5,345,Loyal Customers
15246,2010-06-02 11:28:00,2011-04-15 14:45:00,3,780.4,359,238,317,260.13,2,3,3,233,Hibernating
15247,2010-06-20 14:08:00,2011-08-09 12:52:00,3,976.06,514,122,414,325.35,3,3,3,333,Need Attention
15248,2010-06-23 14:34:00,2010-10-24 13:09:00,3,1893.93,1065,411,122,631.31,1,3,4,134,Hibernating
15249,2010-03-26 14:51:00,2011-11-08 11:45:00,18,9266.0,4980,32,591,514.78,4,5,5,455,Champions
15250,2010-03-09 07:35:00,2010-03-09 07:35:00,1,60.0,48,641,0,60.0,1,1,1,111,Lost Customers
15251,2010-01-29 12:42:00,2011-11-30 15:02:00,21,20324.54,12108,9,670,967.84,5,5,5,555,Champions
15252,2010-04-07 10:24:00,2011-11-03 13:30:00,5,2103.41,1430,36,575,420.68,4,4,4,444,Champions
15253,2010-05-02 11:17:00,2011-11-23 16:22:00,8,2055.09,1588,16,570,256.89,5,4,4,544,Champions
15254,2010-05-28 10:08:00,2011-08-04 15:04:00,3,1088.35,711,127,433,362.78,3,3,3,333,Need Attention
15255,2009-12-03 09:10:00,2011-10-04 12:43:00,9,3706.02,2214,67,670,411.78,3,5,5,355,Loyal Customers
15256,2010-05-27 11:41:00,2011-07-14 11:47:00,2,170.4,92,149,413,85.2,3,2,1,321,Need Attention
15257,2010-10-21 14:03:00,2011-03-01 12:58:00,2,685.9,71,283,130,342.95,2,2,3,223,Hibernating
15258,2011-05-06 14:16:00,2011-06-24 12:30:00,2,623.16,142,169,48,311.58,3,2,3,323,Need Attention
15259,2010-01-26 09:41:00,2010-07-15 08:47:00,4,1182.38,631,513,169,295.6,1,3,3,133,Hibernating
15260,2009-12-06 11:45:00,2011-08-31 13:55:00,25,9188.23,4722,100,633,367.53,3,5,5,355,Loyal Customers
15261,2010-10-01 11:59:00,2011-07-27 15:20:00,4,1508.0,806,135,299,377.0,3,3,4,334,Big Spenders
15262,2010-08-08 15:55:00,2011-01-20 12:16:00,3,418.82,218,324,164,139.61,2,3,2,232,Hibernating
15263,2011-08-25 10:26:00,2011-08-25 10:26:00,1,156.51,89,107,0,156.51,3,1,1,311,Need Attention
15264,2010-06-27 13:29:00,2011-10-06 13:49:00,2,848.4,443,64,466,424.2,3,2,3,323,Need Attention
15265,2009-12-01 17:08:00,2011-07-11 14:46:00,4,3345.64,1570,151,586,836.41,3,3,5,335,Big Spenders
15266,2010-01-07 12:19:00,2011-01-05 13:40:00,5,852.21,236,338,363,170.44,2,4,3,243,At Risk
15267,2011-06-10 10:24:00,2011-11-17 15:59:00,5,1717.36,944,22,160,343.47,4,4,4,444,Champions
15268,2010-04-13 11:27:00,2010-08-18 10:33:00,3,961.9,428,479,126,320.63,1,3,3,133,Hibernating
15269,2010-11-14 12:58:00,2011-11-16 09:32:00,3,1225.36,372,24,366,408.45,4,3,3,433,Potential Loyalists
15270,2009-12-17 15:02:00,2011-11-24 09:24:00,21,8524.86,4010,16,706,405.95,5,5,5,555,Champions
15271,2010-08-05 14:57:00,2011-12-02 14:11:00,24,4640.29,2490,7,483,193.35,5,5,5,555,Champions
15272,2010-02-14 13:39:00,2011-10-13 12:59:00,6,2030.95,665,57,605,338.49,4,4,4,444,Champions
15273,2010-04-19 11:31:00,2010-04-19 11:31:00,1,228.96,216,600,0,228.96,1,1,1,111,Lost Customers
15274,2011-11-21 14:17:00,2011-12-05 16:57:00,2,716.57,619,4,14,358.28,5,2,3,523,Potential Loyalists
15275,2011-11-02 11:20:00,2011-11-02 11:20:00,1,615.14,498,38,0,615.14,4,1,2,412,Need Attention
15276,2010-10-01 12:24:00,2011-10-04 16:39:00,4,619.8,317,66,368,154.95,3,3,3,333,Need Attention
15277,2010-10-10 16:02:00,2011-10-24 10:08:00,2,476.34,373,47,378,238.17,4,2,2,422,Potential Loyalists
15278,2010-02-12 14:53:00,2010-05-27 10:03:00,4,496.16,458,562,103,124.04,1,3,2,132,Hibernating
15279,2010-02-02 10:15:00,2010-12-20 10:48:00,5,1580.54,802,355,321,316.11,2,4,4,244,At Risk
15280,2010-05-17 14:17:00,2011-06-20 17:14:00,3,397.52,507,172,399,132.51,3,3,2,332,Need Attention
15281,2010-10-08 12:14:00,2011-10-12 09:10:00,16,8543.57,5233,59,368,533.97,4,5,5,455,Champions
15282,2010-05-18 16:27:00,2010-05-18 16:27:00,1,348.59,395,570,0,348.59,1,1,2,112,Lost Customers
15283,2010-07-09 15:46:00,2010-11-14 14:54:00,3,148.33,27,390,127,49.44,2,3,1,231,Hibernating
15284,2010-07-27 13:25:00,2010-07-27 13:25:00,1,24.75,5,500,0,24.75,1,1,1,111,Lost Customers
15285,2010-10-28 09:46:00,2010-10-28 09:46:00,1,94.92,120,408,0,94.92,2,1,1,211,Hibernating
15286,2011-10-21 11:08:00,2011-10-21 11:08:00,1,240.55,55,50,0,240.55,4,1,1,411,Need Attention
15287,2009-12-02 12:13:00,2011-11-17 15:34:00,5,856.03,1010,22,715,171.21,4,4,3,443,Loyal Customers
15288,2010-02-12 15:27:00,2011-10-27 16:58:00,10,3881.03,1402,43,622,388.1,4,5,5,455,Champions
15289,2010-03-28 11:45:00,2011-11-10 13:49:00,5,1593.09,1627,29,592,318.62,4,4,4,444,Champions
15290,2010-02-24 10:15:00,2011-12-05 11:39:00,26,10496.28,6567,5,649,403.7,5,5,5,555,Champions
15291,2009-12-03 11:09:00,2011-11-14 11:02:00,40,13846.56,5017,26,710,346.16,4,5,5,455,Champions
15292,2011-05-22 15:00:00,2011-05-22 15:00:00,1,178.39,55,201,0,178.39,2,1,1,211,Hibernating
15293,2010-02-12 11:54:00,2010-02-12 11:54:00,1,247.5,178,666,0,247.5,1,1,1,111,Lost Customers
15294,2010-10-25 11:45:00,2010-10-25 11:45:00,1,233.35,97,411,0,233.35,1,1,1,111,Lost Customers
15295,2010-02-23 13:03:00,2010-02-23 13:03:00,1,207.04,139,654,0,207.04,1,1,1,111,Lost Customers
15296,2010-01-21 13:48:00,2011-10-20 11:47:00,12,10323.03,5452,51,636,860.25,4,5,5,455,Champions
15297,2011-10-07 09:42:00,2011-11-29 16:32:00,3,641.94,292,10,53,213.98,5,3,3,533,Potential Loyalists
15298,2009-12-08 17:04:00,2011-12-07 17:17:00,23,9459.37,6286,2,729,411.28,5,5,5,555,Champions
15299,2010-01-12 11:34:00,2011-10-03 14:19:00,10,7991.54,5453,67,629,799.15,3,5,5,355,Loyal Customers
15300,2011-10-06 17:08:00,2011-10-06 17:08:00,1,496.44,292,64,0,496.44,3,1,2,312,Need Attention
15301,2010-09-15 15:41:00,2011-10-20 09:57:00,17,7583.04,4266,51,399,446.06,4,5,5,455,Champions
15302,2009-12-09 13:11:00,2009-12-09 13:11:00,1,308.0,102,730,0,308.0,1,1,2,112,Lost Customers
15303,2010-01-25 09:42:00,2011-02-22 13:59:00,3,1224.18,514,290,393,408.06,2,3,3,233,Hibernating
15304,2010-10-14 10:24:00,2011-10-10 10:23:00,9,919.55,133,61,360,102.17,3,5,3,353,Loyal Customers
15305,2010-06-02 13:50:00,2010-06-02 13:50:00,1,93.6,40,555,0,93.6,1,1,1,111,Lost Customers
15306,2010-02-18 17:12:00,2011-10-06 12:56:00,9,3484.73,3074,64,594,387.19,3,5,5,355,Loyal Customers
15307,2011-09-05 11:38:00,2011-09-05 11:38:00,1,205.3,37,96,0,205.3,3,1,1,311,Need Attention
15308,2011-03-10 13:08:00,2011-03-10 13:08:00,1,310.47,175,274,0,310.47,2,1,2,212,Hibernating
15309,2009-12-04 13:01:00,2010-04-08 11:11:00,4,797.96,440,611,124,199.49,1,3,3,133,Hibernating
15310,2010-08-18 11:38:00,2010-08-18 11:38:00,1,1634.64,1476,479,0,1634.64,1,1,4,114,Lost Customers
15311,2009-12-01 11:21:00,2011-12-09 12:00:00,208,116575.49,70931,1,738,560.46,5,5,5,555,Champions
15312,2009-12-16 09:23:00,2011-09-25 13:10:00,12,2930.19,1693,75,648,244.18,3,5,4,354,Loyal Customers
15313,2011-08-21 16:02:00,2011-08-21 16:02:00,1,52.0,25,110,0,52.0,3,1,1,311,Need Attention
15314,2010-10-07 15:41:00,2011-05-24 14:39:00,3,820.45,750,199,228,273.48,2,3,3,233,Hibernating
15315,2011-08-15 15:17:00,2011-10-06 12:51:00,2,570.5,862,64,51,285.25,3,2,2,322,Need Attention
15316,2011-01-17 11:34:00,2011-01-17 11:34:00,1,165.0,100,327,0,165.0,2,1,1,211,Hibernating
15317,2010-01-31 15:55:00,2010-01-31 15:55:00,1,129.75,45,677,0,129.75,1,1,1,111,Lost Customers
15318,2011-12-06 11:30:00,2011-12-06 11:30:00,1,312.62,642,4,0,312.62,5,1,2,512,New Customers
15319,2011-03-01 12:48:00,2011-03-01 12:48:00,1,204.5,175,284,0,204.5,2,1,1,211,Hibernating
15320,2011-10-26 13:27:00,2011-10-26 13:27:00,1,267.13,326,44,0,267.13,4,1,1,411,Need Attention
15321,2010-02-03 09:47:00,2011-09-30 09:40:00,12,6709.73,3653,71,603,559.14,3,5,5,355,Loyal Customers
15322,2010-08-20 13:10:00,2011-09-15 09:34:00,2,1390.86,971,86,390,695.43,3,2,4,324,Big Spenders
15323,2010-02-16 09:21:00,2010-05-26 10:01:00,3,434.6,188,563,99,144.87,1,3,2,132,Hibernating
15324,2010-01-07 14:37:00,2010-01-07 14:37:00,1,140.22,74,701,0,140.22,1,1,1,111,Lost Customers
15325,2010-02-16 13:30:00,2011-08-28 11:55:00,8,1601.46,1382,104,557,200.18,3,4,4,344,Loyal Customers
15326,2009-12-01 13:19:00,2011-01-10 11:38:00,5,1700.52,1351,334,404,340.1,2,4,4,244,At Risk
15327,2011-10-18 11:55:00,2011-10-18 11:55:00,1,208.75,116,53,0,208.75,4,1,1,411,Need Attention
15328,2010-10-28 09:05:00,2010-10-28 09:05:00,1,107.24,88,408,0,107.24,2,1,1,211,Hibernating
15329,2009-12-14 12:18:00,2011-10-31 15:36:00,11,2958.83,1217,39,686,268.98,4,5,5,455,Champions
15330,2011-10-10 12:30:00,2011-11-07 17:50:00,2,714.96,1312,32,28,357.48,4,2,3,423,Potential Loyalists
15331,2010-04-09 14:26:00,2010-07-28 09:42:00,3,767.91,701,500,109,255.97,1,3,3,133,Hibernating
15332,2010-07-14 13:01:00,2010-12-08 14:43:00,6,6553.74,2958,366,147,1092.29,2,4,5,245,At Risk
15333,2011-05-15 13:27:00,2011-05-15 13:27:00,1,1028.56,344,208,0,1028.56,2,1,3,213,Hibernating
15334,2011-06-19 13:51:00,2011-07-06 11:22:00,3,350.82,273,157,16,116.94,3,3,2,332,Need Attention
15335,2011-10-17 12:50:00,2011-10-17 12:50:00,1,170.22,79,54,0,170.22,4,1,1,411,Need Attention
15336,2010-11-03 12:39:00,2010-11-03 12:39:00,1,240.5,84,402,0,240.5,2,1,1,211,Hibernating
15337,2010-10-24 15:29:00,2010-10-24 15:29:00,1,373.02,200,411,0,373.02,1,1,2,112,Lost Customers
15338,2010-01-31 14:25:00,2010-01-31 14:25:00,1,277.93,148,677,0,277.93,1,1,1,111,Lost Customers
15339,2010-02-08 13:38:00,2011-10-04 12:51:00,7,1821.02,1138,66,602,260.15,3,4,4,344,Loyal Customers
15340,2010-05-27 10:27:00,2010-05-27 10:27:00,1,105.5,76,562,0,105.5,1,1,1,111,Lost Customers
15341,2010-09-16 16:41:00,2011-09-20 09:40:00,2,2402.72,1008,81,368,1201.36,3,2,4,324,Big Spenders
15342,2011-08-02 10:19:00,2011-08-02 10:19:00,1,406.09,283,130,0,406.09,3,1,2,312,Need Attention
15343,2011-09-13 13:55:00,2011-09-13 13:55:00,1,364.5,84,87,0,364.5,3,1,2,312,Need Attention
15344,2011-09-26 14:48:00,2011-12-09 10:45:00,3,563.94,116,1,73,187.98,5,3,2,532,Potential Loyalists
15345,2011-10-25 11:28:00,2011-10-25 11:28:00,1,393.54,81,46,0,393.54,4,1,2,412,Need Attention
15346,2010-10-04 15:11:00,2011-01-11 11:18:00,3,596.12,260,333,98,198.71,2,3,2,232,Hibernating
15347,2010-09-28 12:50:00,2010-12-08 15:25:00,4,1363.6,672,366,71,340.9,2,3,4,234,Hibernating
15348,2011-09-28 13:17:00,2011-09-28 13:17:00,1,158.04,84,72,0,158.04,3,1,1,311,Need Attention
15349,2011-06-05 15:46:00,2011-07-04 16:06:00,2,463.91,321,158,29,231.96,3,2,2,322,Need Attention
15350,2010-11-21 15:14:00,2010-12-01 13:33:00,2,663.25,323,373,9,331.62,2,2,3,223,Hibernating
15351,2010-10-03 12:18:00,2011-11-27 12:52:00,10,3704.89,1479,12,420,370.49,5,5,5,555,Champions
15352,2010-06-09 11:28:00,2010-06-09 11:28:00,1,111.15,40,549,0,111.15,1,1,1,111,Lost Customers
15353,2009-12-02 11:33:00,2011-03-30 12:15:00,7,3106.12,1522,255,483,443.73,2,4,5,245,At Risk
15354,2010-04-15 16:17:00,2010-04-15 16:24:00,3,284.4,3,603,0,94.8,1,3,1,131,Hibernating
15355,2011-10-17 15:22:00,2011-11-10 13:44:00,2,277.05,45,29,23,138.52,4,2,1,421,Potential Loyalists
15356,2010-10-13 13:12:00,2011-11-08 13:11:00,13,3382.69,1967,31,390,260.21,4,5,5,455,Champions
15358,2009-12-07 12:19:00,2011-12-05 09:04:00,42,17050.41,15378,5,727,405.96,5,5,5,555,Champions
15359,2010-01-15 11:30:00,2010-02-15 10:47:00,8,181.35,145,663,30,22.67,1,4,1,141,At Risk
15360,2011-10-31 09:35:00,2011-10-31 09:35:00,1,427.93,223,40,0,427.93,4,1,2,412,Need Attention
15361,2010-06-14 13:27:00,2010-12-13 09:52:00,4,689.07,373,362,181,172.27,2,3,3,233,Hibernating
15362,2009-12-01 09:08:00,2010-09-17 10:37:00,2,613.08,368,449,290,306.54,1,2,2,122,Lost Customers
15363,2010-08-04 08:41:00,2010-12-02 12:28:00,2,1004.11,527,373,120,502.06,2,2,3,223,Hibernating
15364,2011-03-30 13:39:00,2011-09-05 09:46:00,2,913.19,493,96,158,456.6,3,2,3,323,Need Attention
15365,2010-02-04 16:43:00,2011-11-14 08:29:00,13,4557.13,2131,26,647,350.55,4,5,5,455,Champions
15366,2010-02-26 10:10:00,2011-09-25 15:01:00,7,2389.08,2447,75,576,341.3,3,4,4,344,Loyal Customers
15367,2009-12-10 14:20:00,2011-10-13 14:13:00,11,5081.33,2944,57,671,461.94,4,5,5,455,Champions
15368,2010-11-10 15:52:00,2011-11-18 14:42:00,2,722.74,406,21,372,361.37,4,2,3,423,Potential Loyalists
15369,2009-12-08 07:43:00,2010-08-04 13:54:00,11,6251.26,3288,492,239,568.3,1,5,5,155,At Risk
15370,2010-10-25 12:08:00,2011-10-30 10:58:00,8,3739.01,1397,41,369,467.38,4,4,5,445,Champions
15371,2010-02-15 13:14:00,2010-02-15 13:14:00,1,59.4,12,662,0,59.4,1,1,1,111,Lost Customers
15372,2010-02-14 11:24:00,2011-07-25 16:39:00,8,6017.06,6410,137,526,752.13,3,4,5,345,Loyal Customers
15373,2010-05-02 11:57:00,2011-12-01 15:05:00,17,3418.84,768,8,578,201.11,5,5,5,555,Champions
15374,2010-03-25 12:03:00,2011-08-03 09:59:00,2,307.32,290,129,495,153.66,3,2,2,322,Need Attention
15375,2010-01-18 15:38:00,2010-01-18 15:38:00,1,60.96,84,690,0,60.96,1,1,1,111,Lost Customers
15376,2011-05-01 13:45:00,2011-10-30 15:04:00,3,1221.56,615,40,182,407.19,4,3,3,433,Potential Loyalists
15377,2010-10-20 11:42:00,2010-11-22 08:55:00,4,1211.75,253,383,32,302.94,2,3,3,233,Hibernating
15378,2010-07-26 08:47:00,2010-09-03 11:30:00,2,246.5,130,463,39,123.25,1,2,1,121,Lost Customers
15379,2010-11-04 11:59:00,2011-06-23 13:13:00,8,4877.84,3000,169,231,609.73,3,4,5,345,Loyal Customers
15380,2009-12-01 13:50:00,2011-12-01 12:13:00,11,3479.06,1032,9,729,316.28,5,5,5,555,Champions
15381,2010-05-05 14:35:00,2011-05-10 11:55:00,5,1890.57,802,214,369,378.11,2,4,4,244,At Risk
15382,2009-12-04 14:13:00,2011-11-25 10:58:00,12,13733.55,9178,15,720,1144.46,5,5,5,555,Champions
15384,2010-04-26 12:38:00,2011-06-23 10:57:00,4,2027.79,1767,170,422,506.95,3,3,4,334,Big Spenders
15385,2010-01-31 13:02:00,2011-10-30 15:11:00,3,942.08,428,40,637,314.03,4,3,3,433,Potential Loyalists
15386,2011-06-06 13:47:00,2011-06-06 13:47:00,1,394.14,446,186,0,394.14,3,1,2,312,Need Attention
15387,2010-08-04 16:05:00,2010-08-04 16:05:00,1,468.65,335,492,0,468.65,1,1,2,112,Lost Customers
15388,2011-03-14 13:53:00,2011-03-14 13:53:00,1,140.54,88,270,0,140.54,2,1,1,211,Hibernating
15389,2010-01-27 12:44:00,2011-06-20 16:18:00,5,2733.8,3940,172,509,546.76,3,4,4,344,Loyal Customers
15390,2010-10-26 17:23:00,2010-11-08 15:19:00,2,1216.66,894,396,12,608.33,2,2,3,223,Hibernating
15391,2010-05-04 15:04:00,2010-05-04 15:04:00,1,289.87,109,584,0,289.87,1,1,2,112,Lost Customers
15392,2010-10-04 12:50:00,2011-12-05 11:01:00,7,2911.62,2144,5,426,415.95,5,4,4,544,Champions
15393,2009-12-15 17:56:00,2011-11-23 16:48:00,5,891.34,378,16,707,178.27,5,4,3,543,Loyal Customers
15394,2009-12-15 19:05:00,2011-11-30 11:49:00,11,5286.8,2372,10,714,480.62,5,5,5,555,Champions
15395,2011-01-18 12:40:00,2011-01-18 12:40:00,1,107.45,17,326,0,107.45,2,1,1,211,Hibernating
15396,2010-05-05 09:04:00,2011-08-19 10:56:00,2,796.38,278,113,471,398.19,3,2,3,323,Need Attention
15397,2011-02-23 09:25:00,2011-02-23 09:25:00,1,94.0,20,290,0,94.0,2,1,1,211,Hibernating
15398,2011-09-22 14:56:00,2011-11-23 16:47:00,2,1345.53,769,16,62,672.76,5,2,4,524,Potential Loyalists
15399,2011-09-21 15:57:00,2011-12-08 13:04:00,3,815.77,611,1,77,271.92,5,3,3,533,Potential Loyalists
15400,2010-05-28 08:33:00,2011-09-08 13:57:00,8,1302.3,662,92,468,162.79,3,4,4,344,Loyal Customers
15401,2010-05-20 10:56:00,2010-09-13 13:42:00,2,216.95,93,452,116,108.48,1,2,1,121,Lost Customers
15402,2010-04-27 12:12:00,2011-07-14 12:17:00,6,1830.54,2034,149,443,305.09,3,4,4,344,Loyal Customers
15403,2009-12-09 12:45:00,2010-08-05 12:21:00,2,170.88,492,492,238,85.44,1,2,1,121,Lost Customers
15404,2010-11-29 11:03:00,2010-11-29 11:03:00,1,257.06,334,376,0,257.06,2,1,1,211,Hibernating
15405,2010-05-12 15:56:00,2011-06-03 14:44:00,2,659.84,348,189,386,329.92,2,2,3,223,Hibernating
15406,2010-09-12 13:06:00,2011-11-08 13:22:00,4,975.87,547,31,422,243.97,4,3,3,433,Potential Loyalists
15407,2011-02-07 13:18:00,2011-11-06 11:55:00,4,1046.74,552,34,271,261.68,4,3,3,433,Potential Loyalists
15408,2011-03-20 15:02:00,2011-03-20 15:02:00,1,267.18,106,264,0,267.18,2,1,1,211,Hibernating
15409,2009-12-18 15:35:00,2009-12-18 15:35:00,1,131.25,59,721,0,131.25,1,1,1,111,Lost Customers
15410,2010-04-19 08:57:00,2011-09-16 14:47:00,10,4685.72,1902,84,515,468.57,3,5,5,355,Loyal Customers
15411,2011-06-10 12:30:00,2011-11-13 15:19:00,4,1348.93,529,26,156,337.23,4,3,4,434,Potential Loyalists
15412,2011-06-21 15:24:00,2011-06-21 15:24:00,1,190.53,108,171,0,190.53,3,1,1,311,Need Attention
15413,2009-12-01 10:18:00,2010-01-17 11:33:00,5,6798.72,2694,692,47,1359.74,1,4,5,145,At Risk
15414,2011-04-11 13:45:00,2011-11-30 09:50:00,3,774.9,443,10,232,258.3,5,3,3,533,Potential Loyalists
15415,2011-01-30 14:13:00,2011-01-30 14:13:00,1,559.61,551,313,0,559.61,2,1,2,212,Hibernating
15416,2010-02-01 11:55:00,2011-10-06 09:38:00,7,4572.82,2420,65,611,653.26,3,4,5,345,Loyal Customers
15417,2011-09-15 15:26:00,2011-09-15 15:26:00,1,508.8,284,85,0,508.8,3,1,2,312,Need Attention
15418,2010-05-02 11:31:00,2010-10-10 13:38:00,2,449.42,264,425,161,224.71,1,2,2,122,Lost Customers
15419,2011-11-15 09:23:00,2011-11-15 09:23:00,1,135.86,230,25,0,135.86,4,1,1,411,Need Attention
15420,2009-12-05 13:29:00,2010-10-01 15:46:00,6,743.0,844,434,300,123.83,1,4,3,143,At Risk
15421,2009-12-07 15:10:00,2011-10-12 09:20:00,10,3805.34,1927,59,673,380.53,3,5,5,355,Loyal Customers
15422,2010-02-07 11:52:00,2011-01-20 16:17:00,7,1619.97,710,323,347,231.42,2,4,4,244,At Risk
15423,2010-03-28 13:42:00,2011-11-01 14:01:00,3,266.89,198,38,583,88.96,4,3,1,431,Potential Loyalists
15424,2010-09-02 17:17:00,2011-03-30 13:02:00,3,597.78,873,254,208,199.26,2,3,2,232,Hibernating
15425,2010-02-14 12:36:00,2010-11-04 18:13:00,4,1941.12,1041,400,263,485.28,2,3,4,234,Hibernating
15426,2010-05-02 15:10:00,2011-11-20 15:36:00,9,2538.92,1190,19,567,282.1,5,5,4,554,Champions
15427,2011-10-23 14:47:00,2011-11-06 14:29:00,3,1430.54,967,33,13,476.85,4,3,4,434,Potential Loyalists
15428,2009-12-17 17:46:00,2011-11-24 16:54:00,4,762.75,347,15,706,190.69,5,3,3,533,Potential Loyalists
15429,2011-09-25 13:42:00,2011-11-13 12:28:00,2,397.35,380,27,48,198.68,4,2,2,422,Potential Loyalists
15430,2010-06-29 15:04:00,2010-08-29 10:42:00,2,954.75,309,468,60,477.38,1,2,3,123,Lost Customers
15431,2010-07-25 12:44:00,2010-07-25 12:44:00,1,153.24,84,503,0,153.24,1,1,1,111,Lost Customers
15432,2010-06-16 14:34:00,2011-11-16 16:30:00,2,320.76,92,23,518,160.38,4,2,2,422,Potential Loyalists
15433,2011-03-17 14:12:00,2011-05-10 10:45:00,2,533.3,534,214,53,266.65,2,2,2,222,Hibernating
15434,2010-01-24 15:35:00,2011-12-01 13:33:00,11,2567.06,1423,8,675,233.37,5,5,4,554,Champions
15435,2011-11-17 16:39:00,2011-11-17 16:39:00,1,149.29,54,22,0,149.29,4,1,1,411,Need Attention
15436,2011-04-19 16:52:00,2011-11-27 16:05:00,3,1067.75,574,12,221,355.92,5,3,3,533,Potential Loyalists
15437,2010-03-09 10:45:00,2011-03-22 13:11:00,2,393.45,177,262,378,196.72,2,2,2,222,Hibernating
15438,2011-07-31 14:19:00,2011-07-31 14:19:00,1,156.58,59,131,0,156.58,3,1,1,311,Need Attention
15439,2010-02-24 12:05:00,2010-10-31 10:38:00,4,1269.05,572,405,248,317.26,2,3,4,234,Hibernating
15440,2011-05-15 11:30:00,2011-10-16 12:16:00,3,383.68,197,55,154,127.89,4,3,2,432,Potential Loyalists
15441,2009-12-09 14:55:00,2010-11-08 15:50:00,3,1254.21,587,396,334,418.07,2,3,4,234,Hibernating
15442,2011-04-05 12:24:00,2011-04-05 12:24:00,1,594.0,120,249,0,594.0,2,1,2,212,Hibernating
15443,2010-03-07 12:10:00,2011-12-08 10:40:00,14,5114.23,2699,2,640,365.3,5,5,5,555,Champions
15444,2011-10-30 16:12:00,2011-11-30 17:37:00,2,1411.21,759,9,31,705.6,5,2,4,524,Potential Loyalists
15445,2010-04-28 15:00:00,2011-03-20 15:06:00,2,284.5,118,264,326,142.25,2,2,1,221,Hibernating
15446,2009-12-13 13:53:00,2010-11-28 11:59:00,3,399.75,265,377,349,133.25,2,3,2,232,Hibernating
15447,2010-03-24 14:40:00,2011-01-13 11:26:00,5,492.88,228,331,294,98.58,2,4,2,242,At Risk
15448,2010-02-03 13:29:00,2011-01-31 10:42:00,2,788.81,487,313,361,394.4,2,2,3,223,Hibernating
15449,2011-03-23 10:43:00,2011-11-13 15:02:00,3,974.52,812,26,235,324.84,4,3,3,433,Potential Loyalists
15450,2011-11-09 17:11:00,2011-11-09 17:11:00,1,429.84,376,30,0,429.84,4,1,2,412,Need Attention
15451,2010-04-19 14:08:00,2010-10-01 13:40:00,2,226.86,76,434,164,113.43,1,2,1,121,Lost Customers
15452,2010-07-16 14:23:00,2011-11-10 12:13:00,6,1785.11,1087,30,481,297.52,4,4,4,444,Champions
15453,2011-06-05 12:37:00,2011-12-08 10:59:00,7,1371.77,837,2,185,195.97,5,4,4,544,Champions
15454,2010-03-31 13:15:00,2010-12-12 14:21:00,2,305.99,146,362,256,153.0,2,2,2,222,Hibernating
15455,2010-04-21 12:43:00,2010-04-21 12:43:00,1,38.25,3,598,0,38.25,1,1,1,111,Lost Customers
15456,2009-12-08 12:54:00,2011-03-01 13:51:00,10,2091.52,2727,283,448,209.15,2,5,4,254,At Risk
15457,2011-03-22 15:31:00,2011-03-22 15:31:00,1,237.07,132,262,0,237.07,2,1,1,211,Hibernating
15458,2010-11-02 19:50:00,2011-11-14 13:08:00,2,370.44,300,25,376,185.22,4,2,2,422,Potential Loyalists
15459,2010-07-30 14:31:00,2010-10-18 15:25:00,2,202.83,121,417,80,101.42,1,2,1,121,Lost Customers
15460,2010-12-20 16:08:00,2010-12-20 16:08:00,1,214.26,107,354,0,214.26,2,1,1,211,Hibernating
15461,2010-03-18 12:40:00,2010-09-05 12:31:00,2,429.7,230,461,170,214.85,1,2,2,122,Lost Customers
15462,2010-09-20 10:23:00,2011-09-06 13:11:00,4,737.05,495,94,351,184.26,3,3,3,333,Need Attention
15463,2011-11-10 12:57:00,2011-11-10 12:57:00,1,126.14,106,29,0,126.14,4,1,1,411,Need Attention
15464,2011-01-05 15:56:00,2011-01-05 15:56:00,1,1044.65,348,338,0,1044.65,2,1,3,213,Hibernating
15465,2009-12-10 09:42:00,2011-11-20 10:11:00,32,12636.15,2763,20,710,394.88,4,5,5,455,Champions
15466,2009-12-03 12:28:00,2011-09-15 14:08:00,4,1560.46,941,85,651,390.12,3,3,4,334,Big Spenders
15467,2011-07-10 14:42:00,2011-11-30 14:17:00,3,524.88,310,9,142,174.96,5,3,2,532,Potential Loyalists
15468,2010-11-12 09:39:00,2011-10-19 13:49:00,3,1430.48,1400,51,341,476.83,4,3,4,434,Potential Loyalists
15469,2010-09-27 10:09:00,2011-10-20 16:21:00,3,874.25,287,50,388,291.42,4,3,3,433,Potential Loyalists
15470,2010-05-13 09:35:00,2010-05-13 09:35:00,1,63.42,232,576,0,63.42,1,1,1,111,Lost Customers
15471,2010-06-07 12:17:00,2011-12-07 14:12:00,3,1292.01,670,2,548,430.67,5,3,4,534,Potential Loyalists
15472,2011-08-18 15:17:00,2011-08-18 15:17:00,1,371.56,251,113,0,371.56,3,1,2,312,Need Attention
15473,2010-09-21 09:14:00,2011-11-25 15:15:00,8,2046.0,776,14,430,255.75,5,4,4,544,Champions
15474,2010-04-23 11:14:00,2010-04-23 11:14:00,1,150.35,55,596,0,150.35,1,1,1,111,Lost Customers
15475,2011-09-23 15:20:00,2011-09-23 15:20:00,1,454.11,319,77,0,454.11,3,1,2,312,Need Attention
15476,2010-09-23 14:00:00,2010-11-24 15:17:00,4,2209.98,1174,380,62,552.5,2,3,4,234,Hibernating
15477,2010-02-28 10:37:00,2010-02-28 10:37:00,1,368.4,216,650,0,368.4,1,1,2,112,Lost Customers
15478,2010-05-13 18:49:00,2011-10-30 14:19:00,3,1983.48,894,40,534,661.16,4,3,4,434,Potential Loyalists
15479,2009-12-06 15:08:00,2009-12-06 15:08:00,1,147.4,38,733,0,147.4,1,1,1,111,Lost Customers
15480,2010-02-01 14:52:00,2011-08-15 14:32:00,5,6279.0,1852,116,559,1255.8,3,4,5,345,Loyal Customers
15481,2010-11-03 14:52:00,2010-11-03 14:52:00,1,1993.34,1450,401,0,1993.34,2,1,4,214,Hibernating
15482,2009-12-02 16:59:00,2011-11-24 10:46:00,19,14417.36,6516,16,721,758.81,5,5,5,555,Champions
15483,2010-01-24 15:42:00,2011-07-01 13:07:00,10,817.82,905,161,522,81.78,3,5,3,353,Loyal Customers
15484,2009-12-05 15:18:00,2011-12-08 15:03:00,6,4652.1,4074,1,732,775.35,5,4,5,545,Champions
15485,2009-12-01 17:31:00,2011-11-09 14:31:00,7,5750.51,2544,30,707,821.5,4,4,5,445,Champions
15486,2010-06-30 13:15:00,2010-06-30 13:15:00,1,102.0,40,527,0,102.0,1,1,1,111,Lost Customers
15487,2010-01-29 12:07:00,2010-01-29 12:07:00,1,231.32,144,680,0,231.32,1,1,1,111,Lost Customers
15488,2010-05-05 13:03:00,2011-09-08 10:11:00,5,431.92,251,93,490,86.38,3,4,2,342,Loyal Customers
15489,2010-01-15 16:58:00,2011-11-17 08:53:00,8,2419.61,1264,23,670,302.45,4,4,4,444,Champions
15490,2010-10-05 13:11:00,2010-10-05 13:11:00,1,210.85,82,430,0,210.85,1,1,1,111,Lost Customers
15491,2011-04-18 10:04:00,2011-09-05 15:56:00,6,3100.09,1646,95,140,516.68,3,4,5,345,Loyal Customers
15492,2011-09-26 14:02:00,2011-11-11 14:53:00,2,659.46,483,28,46,329.73,4,2,3,423,Potential Loyalists
15493,2010-02-23 11:14:00,2011-11-07 12:04:00,9,4121.68,1206,33,622,457.96,4,5,5,455,Champions
15494,2009-12-10 20:16:00,2011-11-18 14:51:00,5,3702.6,3052,21,707,740.52,4,4,5,445,Champions
15495,2010-11-25 13:46:00,2010-11-25 13:46:00,1,246.5,194,379,0,246.5,2,1,1,211,Hibernating
15496,2010-03-18 13:16:00,2010-03-18 13:16:00,1,146.14,98,631,0,146.14,1,1,1,111,Lost Customers
15497,2009-12-18 15:08:00,2011-11-22 11:51:00,9,8657.39,2937,18,703,961.93,5,5,5,555,Champions
15498,2009-12-16 17:27:00,2011-12-07 12:48:00,44,25949.58,12598,3,720,589.76,5,5,5,555,Champions
15499,2009-12-16 12:17:00,2009-12-16 12:17:00,1,158.65,59,724,0,158.65,1,1,1,111,Lost Customers
15500,2011-09-19 13:47:00,2011-12-01 13:47:00,4,1131.56,572,8,73,282.89,5,3,3,533,Potential Loyalists
15501,2010-10-20 12:47:00,2010-10-31 11:15:00,2,399.95,205,405,10,199.98,2,2,2,222,Hibernating
15502,2010-06-03 11:12:00,2011-11-24 12:48:00,14,13933.27,5849,16,539,995.23,5,5,5,555,Champions
15503,2009-12-13 11:34:00,2010-12-12 10:57:00,2,257.3,130,363,363,128.65,2,2,1,221,Hibernating
15504,2010-02-12 12:34:00,2011-09-19 13:45:00,4,402.7,141,81,584,100.68,3,3,2,332,Need Attention
15505,2011-07-07 13:33:00,2011-10-18 07:56:00,5,3610.96,2390,53,102,722.19,4,4,5,445,Champions
15506,2010-08-19 12:38:00,2011-11-17 12:11:00,6,2030.33,1637,23,454,338.39,4,4,4,444,Champions
15507,2011-06-21 11:19:00,2011-06-21 11:19:00,1,475.86,160,172,0,475.86,3,1,2,312,Need Attention
15508,2011-04-18 15:31:00,2011-06-03 15:43:00,6,1000.27,440,189,46,166.71,2,4,3,243,At Risk
15509,2010-11-24 14:48:00,2010-11-24 14:48:00,1,152.41,58,380,0,152.41,2,1,1,211,Hibernating
15510,2011-01-13 12:10:00,2011-01-13 12:10:00,1,250.0,2,331,0,250.0,2,1,1,211,Hibernating
15511,2011-09-15 15:05:00,2011-11-28 09:43:00,5,900.53,269,12,73,180.11,5,4,3,543,Loyal Customers
15512,2010-02-01 13:23:00,2011-07-07 10:20:00,4,331.58,235,156,520,82.9,3,3,2,332,Need Attention
15513,2010-01-13 14:59:00,2011-11-06 14:36:00,35,27750.55,10831,33,661,792.87,4,5,5,455,Champions
15514,2009-12-04 16:37:00,2011-11-27 14:40:00,18,6392.06,4087,12,722,355.11,5,5,5,555,Champions
15515,2010-11-17 13:39:00,2010-11-17 13:39:00,1,171.81,131,387,0,171.81,2,1,1,211,Hibernating
15516,2011-10-24 11:33:00,2011-10-26 10:51:00,3,62.43,27,45,1,20.81,4,3,1,431,Potential Loyalists
15517,2011-04-20 14:02:00,2011-04-20 14:02:00,1,267.03,293,233,0,267.03,2,1,1,211,Hibernating
15518,2009-12-20 12:21:00,2011-10-06 13:05:00,15,4189.99,2810,64,655,279.33,3,5,5,355,Loyal Customers
15519,2010-09-19 13:57:00,2010-11-21 14:35:00,2,344.61,116,383,63,172.3,2,2,2,222,Hibernating
15520,2011-12-08 10:58:00,2011-12-08 10:58:00,1,343.5,314,2,0,343.5,5,1,2,512,New Customers
15521,2010-01-05 10:19:00,2011-10-30 13:42:00,16,7098.24,4507,40,663,443.64,4,5,5,455,Champions
15522,2011-09-13 12:26:00,2011-11-07 11:26:00,2,397.99,572,33,54,199.0,4,2,2,422,Potential Loyalists
15523,2009-12-02 15:16:00,2011-09-16 16:29:00,16,17259.19,15633,84,653,1078.7,3,5,5,355,Loyal Customers
15524,2010-04-12 09:19:00,2011-11-15 12:09:00,2,591.4,28,25,582,295.7,4,2,2,422,Potential Loyalists
15525,2010-11-22 12:10:00,2011-12-07 14:43:00,4,1165.15,640,2,380,291.29,5,3,3,533,Potential Loyalists
15526,2011-11-06 15:01:00,2011-11-06 15:04:00,2,148.44,24,33,0,74.22,4,2,1,421,Potential Loyalists
15527,2009-12-15 17:31:00,2011-11-21 12:17:00,23,5554.89,2211,19,705,241.52,5,5,5,555,Champions
15528,2011-03-30 16:14:00,2011-03-30 16:14:00,1,229.33,123,254,0,229.33,2,1,1,211,Hibernating
15529,2010-11-10 14:26:00,2011-11-17 11:29:00,12,5079.32,4447,23,371,423.28,4,5,5,455,Champions
15530,2010-07-15 11:10:00,2011-11-18 12:25:00,5,1808.68,1328,22,491,361.74,4,4,4,444,Champions
15531,2011-11-09 17:47:00,2011-12-01 18:43:00,2,1972.39,1085,8,22,986.2,5,2,4,524,Potential Loyalists
15532,2010-06-08 14:52:00,2011-11-14 14:51:00,10,3738.85,1337,25,523,373.88,4,5,5,455,Champions
15533,2011-09-11 15:41:00,2011-11-20 15:35:00,3,807.57,289,19,69,269.19,5,3,3,533,Potential Loyalists
15534,2009-12-14 12:48:00,2009-12-14 12:48:00,1,162.25,63,726,0,162.25,1,1,1,111,Lost Customers
15535,2010-09-16 20:04:00,2011-06-19 16:02:00,6,1044.37,314,173,275,174.06,3,4,3,343,Loyal Customers
15536,2010-10-26 16:31:00,2010-10-26 16:31:00,1,259.09,242,409,0,259.09,2,1,1,211,Hibernating
15537,2011-06-29 13:10:00,2011-06-29 13:10:00,1,110.92,29,163,0,110.92,3,1,1,311,Need Attention
15538,2010-02-14 12:38:00,2010-06-20 10:49:00,6,3358.4,1016,538,125,559.73,1,4,5,145,At Risk
15539,2011-12-02 13:36:00,2011-12-02 13:36:00,1,538.46,410,7,0,538.46,5,1,2,512,New Customers
15540,2010-11-29 11:10:00,2011-11-28 13:51:00,2,460.68,444,11,364,230.34,5,2,2,522,Potential Loyalists
15541,2011-08-17 14:58:00,2011-08-17 14:58:00,1,85.13,49,114,0,85.13,3,1,1,311,Need Attention
15542,2009-12-02 11:53:00,2010-07-15 13:32:00,3,855.71,418,512,225,285.24,1,3,3,133,Hibernating
15543,2010-09-06 11:28:00,2011-02-24 15:26:00,2,242.26,167,288,171,121.13,2,2,1,221,Hibernating
15544,2010-01-28 14:39:00,2011-11-30 16:43:00,20,8162.43,7019,9,671,408.12,5,5,5,555,Champions
15545,2010-12-03 17:28:00,2011-10-16 13:24:00,2,424.3,237,54,316,212.15,4,2,2,422,Potential Loyalists
15546,2010-04-12 11:45:00,2010-04-12 11:51:00,2,1079.1,198,607,0,539.55,1,2,3,123,Lost Customers
15547,2009-12-06 13:40:00,2011-12-02 12:52:00,26,10057.05,7278,7,725,386.81,5,5,5,555,Champions
15548,2010-04-23 12:20:00,2010-04-23 12:20:00,1,158.09,64,596,0,158.09,1,1,1,111,Lost Customers
15549,2010-01-11 13:16:00,2011-09-23 16:22:00,8,2334.16,936,77,620,291.77,3,4,4,344,Loyal Customers
15550,2009-12-03 15:15:00,2011-12-05 15:38:00,12,2211.05,1139,4,732,184.25,5,5,4,554,Champions
15551,2010-06-07 15:05:00,2011-11-03 12:37:00,7,1679.81,796,37,513,239.97,4,4,4,444,Champions
15552,2010-03-26 16:17:00,2011-05-06 14:47:00,2,252.52,166,217,405,126.26,2,2,1,221,Hibernating
15553,2011-10-10 14:02:00,2011-10-10 14:02:00,1,428.93,449,60,0,428.93,3,1,2,312,Need Attention
15554,2011-03-07 09:00:00,2011-03-07 09:00:00,1,217.2,74,278,0,217.2,2,1,1,211,Hibernating
15555,2009-12-06 11:58:00,2011-11-27 16:19:00,36,12062.69,9006,12,721,335.07,5,5,5,555,Champions
15556,2011-11-15 16:08:00,2011-11-15 16:08:00,1,279.77,236,24,0,279.77,4,1,1,411,Need Attention
15557,2011-11-11 12:46:00,2011-11-11 12:46:00,1,468.91,213,29,0,468.91,4,1,2,412,Need Attention
15558,2010-03-10 15:25:00,2010-03-10 15:25:00,1,202.68,73,639,0,202.68,1,1,1,111,Lost Customers
15559,2010-05-20 14:06:00,2010-05-20 14:06:00,1,1109.4,526,568,0,1109.4,1,1,3,113,Lost Customers
15560,2010-11-07 10:14:00,2010-11-07 10:15:00,2,153.52,72,398,0,76.76,2,2,1,221,Hibernating
15561,2010-02-14 12:22:00,2011-11-28 11:07:00,8,1934.39,1334,12,651,241.8,5,4,4,544,Champions
15562,2009-12-13 15:17:00,2010-12-23 09:55:00,3,671.43,560,352,374,223.81,2,3,3,233,Hibernating
15563,2010-01-28 11:36:00,2011-11-17 14:50:00,7,2859.46,3005,22,658,408.49,4,4,4,444,Champions
15564,2010-02-01 15:58:00,2010-09-02 15:52:00,2,70.74,42,463,212,35.37,1,2,1,121,Lost Customers
15565,2011-09-30 10:44:00,2011-10-20 14:33:00,2,173.16,60,50,20,86.58,4,2,1,421,Potential Loyalists
15566,2009-12-15 14:53:00,2010-11-12 12:11:00,2,227.87,153,393,331,113.94,2,2,1,221,Hibernating
15567,2011-11-21 10:48:00,2011-11-21 10:48:00,1,186.01,223,19,0,186.01,5,1,1,511,New Customers
15568,2011-09-27 14:37:00,2011-12-07 11:27:00,3,758.29,461,3,70,252.76,5,3,3,533,Potential Loyalists
15569,2010-02-28 10:55:00,2011-08-28 10:15:00,10,3583.45,1734,104,545,358.34,3,5,5,355,Loyal Customers
15570,2010-03-28 14:04:00,2011-12-02 14:47:00,25,9254.14,4244,7,614,370.17,5,5,5,555,Champions
15571,2009-12-06 12:10:00,2011-11-28 10:02:00,14,3892.35,2411,12,721,278.02,5,5,5,555,Champions
15572,2010-04-14 14:38:00,2011-12-05 10:09:00,10,3965.2,2089,5,599,396.52,5,5,5,555,Champions
15573,2009-12-10 14:19:00,2011-11-08 11:38:00,5,1188.42,770,32,697,237.68,4,4,3,443,Loyal Customers
15574,2010-09-01 14:37:00,2011-06-15 12:01:00,6,1450.48,909,178,286,241.75,3,4,4,344,Loyal Customers
15575,2010-03-30 12:50:00,2010-03-30 12:50:00,1,30.1,6,620,0,30.1,1,1,1,111,Lost Customers
15576,2011-11-02 12:03:00,2011-11-02 12:03:00,1,921.37,394,38,0,921.37,4,1,3,413,Need Attention
15577,2009-12-13 16:17:00,2011-07-11 17:03:00,5,396.03,120,151,575,79.21,3,4,2,342,Loyal Customers
15578,2011-06-30 13:03:00,2011-06-30 13:03:00,1,127.1,52,162,0,127.1,3,1,1,311,Need Attention
15579,2010-10-03 14:37:00,2011-10-02 12:45:00,5,1250.63,713,69,363,250.13,3,4,4,344,Loyal Customers
15580,2010-02-07 11:21:00,2010-11-28 11:00:00,8,1375.39,955,377,293,171.92,2,4,4,244,At Risk
15581,2009-12-02 12:19:00,2011-08-11 09:38:00,38,7752.74,3132,121,616,204.02,3,5,5,355,Loyal Customers
15582,2011-05-03 13:36:00,2011-11-15 09:55:00,3,682.91,453,25,195,227.64,4,3,3,433,Potential Loyalists
15583,2010-11-28 15:04:00,2010-11-28 15:04:00,1,95.96,56,376,0,95.96,2,1,1,211,Hibernating
15584,2010-02-07 12:16:00,2011-11-16 10:55:00,6,1268.2,483,24,646,211.37,4,4,4,444,Champions
15585,2011-06-16 08:38:00,2011-06-16 08:38:00,1,455.3,320,177,0,455.3,3,1,2,312,Need Attention
15586,2010-01-08 10:02:00,2010-04-26 11:00:00,3,1139.1,1338,593,108,379.7,1,3,3,133,Hibernating
15587,2010-08-05 08:44:00,2011-10-20 13:37:00,7,1522.08,528,50,441,217.44,4,4,4,444,Champions
15588,2010-01-31 12:19:00,2010-01-31 12:19:00,1,579.6,96,678,0,579.6,1,1,2,112,Lost Customers
15589,2011-02-02 10:46:00,2011-03-29 09:54:00,3,478.53,243,256,54,159.51,2,3,2,232,Hibernating
15590,2010-04-12 10:09:00,2010-11-22 14:49:00,5,1496.6,832,382,224,299.32,2,4,4,244,At Risk
15591,2010-02-04 09:20:00,2010-05-06 09:23:00,3,217.9,58,583,91,72.63,1,3,1,131,Hibernating
15592,2011-10-24 08:59:00,2011-10-24 08:59:00,1,388.58,354,47,0,388.58,4,1,2,412,Need Attention
15593,2011-09-30 11:46:00,2011-09-30 11:46:00,1,199.8,60,71,0,199.8,3,1,1,311,Need Attention
15594,2011-04-19 10:08:00,2011-11-24 08:53:00,5,1771.78,983,16,218,354.36,5,4,4,544,Champions
15595,2010-08-09 12:27:00,2010-08-09 12:27:00,1,357.6,144,488,0,357.6,1,1,2,112,Lost Customers
15596,2010-07-28 11:46:00,2011-08-31 10:55:00,9,3130.04,1376,101,398,347.78,3,5,5,355,Loyal Customers
15597,2010-05-13 13:10:00,2011-11-04 13:26:00,2,563.37,393,35,540,281.68,4,2,2,422,Potential Loyalists
15598,2010-10-08 09:20:00,2011-10-17 16:04:00,2,548.02,404,53,374,274.01,4,2,2,422,Potential Loyalists
15599,2010-09-20 10:15:00,2011-11-13 11:44:00,3,1250.06,1098,27,419,416.69,4,3,4,434,Potential Loyalists
15600,2010-04-25 11:50:00,2010-10-07 14:30:00,4,1199.31,657,428,165,299.83,1,3,3,133,Hibernating
15601,2009-12-01 14:53:00,2011-11-28 15:15:00,30,14960.12,11061,11,727,498.67,5,5,5,555,Champions
15602,2009-12-02 09:35:00,2011-12-01 14:14:00,16,3230.51,2349,8,729,201.91,5,5,5,555,Champions
15603,2010-03-01 16:02:00,2011-09-22 10:04:00,2,88.48,128,79,569,44.24,3,2,1,321,Need Attention
15604,2011-10-18 14:47:00,2011-10-18 14:47:00,1,216.39,159,52,0,216.39,4,1,1,411,Need Attention
15605,2010-01-14 14:03:00,2011-11-03 14:17:00,9,1936.8,712,36,658,215.2,4,5,4,454,Champions
15606,2010-03-02 14:48:00,2011-10-09 15:47:00,17,5230.99,1615,61,586,307.71,3,5,5,355,Loyal Customers
15607,2010-01-08 12:16:00,2011-01-07 12:44:00,9,1708.97,1470,337,364,189.89,2,5,4,254,At Risk
15608,2010-10-20 10:10:00,2011-11-11 13:20:00,5,1785.98,1262,28,387,357.2,4,4,4,444,Champions
15609,2011-06-08 13:00:00,2011-06-08 13:00:00,1,298.48,148,184,0,298.48,3,1,2,312,Need Attention
15610,2011-10-19 10:36:00,2011-10-19 10:36:00,1,112.46,66,52,0,112.46,4,1,1,411,Need Attention
15611,2010-01-25 14:50:00,2011-11-30 12:36:00,26,2997.28,747,10,673,115.28,5,5,5,555,Champions
15612,2011-10-09 12:49:00,2011-11-03 14:52:00,2,195.15,52,36,25,97.58,4,2,1,421,Potential Loyalists
15613,2010-04-08 12:51:00,2010-04-08 12:51:00,1,433.72,700,610,0,433.72,1,1,2,112,Lost Customers
15614,2010-03-23 11:13:00,2010-09-28 10:46:00,4,3147.36,1632,438,188,786.84,1,3,5,135,Hibernating
15615,2009-12-02 15:28:00,2011-11-29 14:42:00,47,21373.97,12090,10,726,454.77,5,5,5,555,Champions
15616,2010-09-27 13:10:00,2010-09-27 13:10:00,1,317.11,137,438,0,317.11,1,1,2,112,Lost Customers
15617,2010-07-20 13:16:00,2010-11-08 16:07:00,3,828.55,485,396,111,276.18,2,3,3,233,Hibernating
15618,2011-07-26 10:13:00,2011-11-07 08:34:00,4,776.85,454,33,103,194.21,4,3,3,433,Potential Loyalists
15619,2011-11-29 08:14:00,2011-11-29 08:14:00,1,336.4,136,11,0,336.4,5,1,2,512,New Customers
15620,2010-10-26 11:32:00,2011-10-14 12:41:00,4,1942.36,1249,57,353,485.59,4,3,4,434,Potential Loyalists
15621,2011-11-18 11:49:00,2011-12-05 14:01:00,4,1293.03,501,4,17,323.26,5,3,4,534,Potential Loyalists
15622,2010-03-04 10:29:00,2011-10-27 16:44:00,17,7852.61,4091,43,602,461.92,4,5,5,455,Champions
15623,2009-12-10 14:46:00,2011-07-21 17:26:00,8,2437.05,1087,141,588,304.63,3,4,4,344,Loyal Customers
15624,2011-03-28 13:32:00,2011-08-15 11:38:00,4,588.13,357,117,139,147.03,3,3,2,332,Need Attention
15625,2010-06-15 15:23:00,2011-08-28 10:21:00,9,3236.4,3020,104,438,359.6,3,5,5,355,Loyal Customers
15626,2010-10-14 17:16:00,2011-09-26 10:03:00,3,1067.52,1138,75,346,355.84,3,3,3,333,Need Attention
15627,2010-07-05 11:56:00,2010-09-08 14:14:00,2,566.9,344,457,65,283.45,1,2,2,122,Lost Customers
15628,2009-12-13 13:39:00,2011-12-05 10:24:00,17,5652.26,3819,5,721,332.49,5,5,5,555,Champions
15629,2010-06-25 11:39:00,2010-09-15 13:46:00,4,2240.9,1518,450,82,560.22,1,3,4,134,Hibernating
15630,2010-03-05 14:30:00,2011-10-25 15:36:00,3,1481.4,987,45,599,493.8,4,3,4,434,Potential Loyalists
15631,2010-03-07 14:52:00,2010-03-07 14:52:00,1,596.67,525,642,0,596.67,1,1,2,112,Lost Customers
15632,2011-03-10 08:29:00,2011-11-24 09:51:00,8,3285.31,2109,16,259,410.66,5,4,5,545,Champions
15633,2009-12-08 17:51:00,2010-07-18 13:54:00,13,4335.96,2048,509,221,333.54,1,5,5,155,At Risk
15634,2010-11-21 15:30:00,2011-11-22 16:28:00,2,554.65,227,17,366,277.32,5,2,2,522,Potential Loyalists
15635,2010-11-09 08:58:00,2010-11-09 08:58:00,1,100.35,5,396,0,100.35,2,1,1,211,Hibernating
15636,2010-05-19 11:37:00,2011-09-11 11:17:00,4,1444.58,560,90,479,361.14,3,3,4,334,Big Spenders
15637,2009-12-15 17:54:00,2011-10-18 08:28:00,5,797.59,651,53,671,159.52,4,4,3,443,Loyal Customers
15638,2010-04-08 14:37:00,2010-11-26 11:52:00,6,2265.2,1134,379,231,377.53,2,4,4,244,At Risk
15639,2010-04-13 13:11:00,2011-07-28 14:30:00,3,1065.08,849,134,471,355.03,3,3,3,333,Need Attention
15640,2009-12-14 16:36:00,2011-12-05 14:35:00,29,23828.03,12320,4,720,821.66,5,5,5,555,Champions
15641,2009-12-06 15:31:00,2011-08-26 14:04:00,12,5345.55,4422,105,627,445.46,3,5,5,355,Loyal Customers
15642,2009-12-10 11:51:00,2009-12-10 11:51:00,1,105.78,270,730,0,105.78,1,1,1,111,Lost Customers
15643,2011-03-02 14:34:00,2011-06-01 07:38:00,3,664.0,246,192,90,221.33,2,3,3,233,Hibernating
15644,2011-03-23 15:37:00,2011-06-26 14:54:00,4,803.54,550,166,94,200.88,3,3,3,333,Need Attention
15645,2010-10-10 12:51:00,2011-11-21 11:55:00,3,1055.17,396,19,406,351.72,5,3,3,533,Potential Loyalists
15646,2010-10-25 13:06:00,2011-07-05 09:53:00,5,974.61,1051,158,252,194.92,3,4,3,343,Loyal Customers
15647,2010-10-20 15:09:00,2010-10-20 15:09:00,1,169.0,124,415,0,169.0,1,1,1,111,Lost Customers
15648,2011-03-17 18:59:00,2011-05-19 15:53:00,2,639.5,218,204,62,319.75,2,2,3,223,Hibernating
15649,2010-11-17 16:22:00,2011-01-07 13:34:00,4,2170.35,485,336,50,542.59,2,3,4,234,Hibernating
15650,2010-03-21 11:46:00,2010-07-06 10:41:00,2,553.88,210,522,106,276.94,1,2,2,122,Lost Customers
15651,2010-04-22 13:26:00,2011-11-03 08:41:00,5,1259.06,871,37,559,251.81,4,4,4,444,Champions
15652,2010-08-11 16:58:00,2011-09-09 14:22:00,5,1405.94,657,91,393,281.19,3,4,4,344,Loyal Customers
15653,2011-08-16 09:50:00,2011-09-08 10:49:00,2,877.44,1200,93,23,438.72,3,2,3,323,Need Attention
15654,2011-11-13 15:15:00,2011-11-30 13:08:00,2,922.53,475,9,16,461.26,5,2,3,523,Potential Loyalists
15655,2011-04-10 15:25:00,2011-04-10 15:25:00,1,560.67,324,243,0,560.67,2,1,2,212,Hibernating
15656,2011-02-28 15:32:00,2011-10-25 14:56:00,4,748.5,343,45,238,187.12,4,3,3,433,Potential Loyalists
15657,2011-11-17 12:19:00,2011-11-17 12:19:00,1,30.0,24,23,0,30.0,4,1,1,411,Need Attention
15658,2009-12-03 11:19:00,2011-06-02 15:22:00,8,2423.47,691,190,546,302.93,2,4,4,244,At Risk
15659,2010-02-24 13:32:00,2011-10-27 09:23:00,3,532.49,161,44,609,177.5,4,3,2,432,Potential Loyalists
15660,2010-02-05 16:01:00,2011-11-14 16:58:00,15,2812.99,1893,25,647,187.53,4,5,4,454,Champions
15661,2010-05-10 07:59:00,2011-01-26 13:56:00,8,1215.95,779,317,261,151.99,2,4,3,243,At Risk
15662,2009-12-01 13:49:00,2010-02-16 16:47:00,2,283.73,145,661,77,141.86,1,2,1,121,Lost Customers
15663,2011-08-25 15:50:00,2011-08-25 15:50:00,1,138.14,106,106,0,138.14,3,1,1,311,Need Attention
15664,2010-02-28 12:50:00,2011-10-20 10:57:00,4,1254.03,530,51,598,313.51,4,3,4,434,Potential Loyalists
15665,2010-03-14 15:07:00,2011-06-24 14:57:00,5,3987.07,2777,168,466,797.41,3,4,5,345,Loyal Customers
15666,2010-08-01 15:41:00,2010-08-24 16:14:00,2,632.94,469,472,23,316.47,1,2,3,123,Lost Customers
15667,2011-10-31 10:56:00,2011-10-31 10:56:00,1,301.32,240,40,0,301.32,4,1,2,412,Need Attention
15668,2011-05-06 10:39:00,2011-05-06 10:39:00,1,76.32,72,218,0,76.32,2,1,1,211,Hibernating
15669,2011-03-21 09:13:00,2011-10-30 16:03:00,4,684.34,342,40,223,171.08,4,3,3,433,Potential Loyalists
15670,2010-06-01 15:34:00,2011-02-16 10:50:00,2,325.2,132,297,259,162.6,2,2,2,222,Hibernating
15671,2011-03-14 09:37:00,2011-11-21 12:43:00,7,2657.13,1699,19,252,379.59,5,4,4,544,Champions
15672,2009-12-14 16:52:00,2009-12-14 16:52:00,1,45.3,10,725,0,45.3,1,1,1,111,Lost Customers
15673,2010-02-22 14:28:00,2011-09-12 16:12:00,9,6204.32,3274,88,567,689.37,3,5,5,355,Loyal Customers
15674,2009-12-08 17:08:00,2011-09-27 15:17:00,13,6948.23,3648,73,657,534.48,3,5,5,355,Loyal Customers
15675,2010-10-31 14:14:00,2011-09-19 13:48:00,4,542.04,624,81,322,135.51,3,3,2,332,Need Attention
15676,2011-03-01 10:19:00,2011-11-21 12:40:00,3,3435.76,2252,19,265,1145.25,5,3,5,535,Potential Loyalists
15677,2010-09-02 12:08:00,2011-10-21 15:36:00,3,1305.63,675,49,414,435.21,4,3,4,434,Potential Loyalists
15678,2010-07-05 12:49:00,2011-10-18 09:25:00,3,1825.94,1022,53,469,608.65,4,3,4,434,Potential Loyalists
15679,2011-06-10 08:24:00,2011-11-15 16:19:00,4,781.28,1170,24,158,195.32,4,3,3,433,Potential Loyalists
15680,2009-12-02 12:15:00,2011-11-30 13:46:00,10,4507.58,3074,9,728,450.76,5,5,5,555,Champions
15681,2010-05-24 14:18:00,2011-11-14 16:30:00,14,2989.7,1392,25,539,213.55,4,5,5,455,Champions
15682,2010-01-21 14:37:00,2010-04-19 15:30:00,2,318.24,222,599,88,159.12,1,2,2,122,Lost Customers
15683,2010-08-23 12:01:00,2011-08-14 12:56:00,2,524.54,332,117,356,262.27,3,2,2,322,Need Attention
15684,2009-12-04 16:13:00,2010-06-10 18:51:00,3,173.95,77,547,188,57.98,1,3,1,131,Hibernating
15685,2010-09-15 13:43:00,2010-09-15 13:43:00,1,55.98,36,450,0,55.98,1,1,1,111,Lost Customers
15686,2010-10-15 13:50:00,2010-10-15 13:50:00,1,90.0,72,420,0,90.0,1,1,1,111,Lost Customers
15687,2011-01-13 15:13:00,2011-12-01 08:33:00,9,2993.1,1310,9,321,332.57,5,5,5,555,Champions
15688,2010-10-17 12:06:00,2010-10-17 12:06:00,1,190.57,95,419,0,190.57,1,1,1,111,Lost Customers
15689,2010-04-01 09:53:00,2011-08-12 09:37:00,3,521.03,207,120,497,173.68,3,3,2,332,Need Attention
15690,2011-08-31 11:40:00,2011-12-05 15:59:00,2,239.76,408,4,96,119.88,5,2,1,521,Potential Loyalists
15691,2009-12-06 16:01:00,2011-04-01 15:13:00,4,571.3,212,252,480,142.82,2,3,2,232,Hibernating
15692,2011-11-11 14:12:00,2011-11-11 14:12:00,1,191.04,138,28,0,191.04,4,1,1,411,Need Attention
15693,2010-02-18 14:37:00,2010-02-18 14:37:00,1,37.5,30,659,0,37.5,1,1,1,111,Lost Customers
15694,2009-12-07 15:43:00,2011-12-09 09:44:00,24,10810.81,2658,1,731,450.45,5,5,5,555,Champions
15695,2010-01-27 10:56:00,2011-03-18 08:32:00,4,1131.04,484,267,414,282.76,2,3,3,233,Hibernating
15696,2010-01-24 14:36:00,2011-11-06 14:02:00,13,3881.22,1386,33,650,298.56,4,5,5,455,Champions
15697,2010-01-19 09:10:00,2010-01-19 09:10:00,1,246.75,127,690,0,246.75,1,1,1,111,Lost Customers
15698,2010-03-25 17:38:00,2010-03-25 17:38:00,1,46.2,60,624,0,46.2,1,1,1,111,Lost Customers
15699,2011-11-22 08:26:00,2011-11-22 08:26:00,1,309.65,113,18,0,309.65,5,1,2,512,New Customers
15700,2011-06-19 15:36:00,2011-06-20 16:53:00,2,696.68,357,172,1,348.34,3,2,3,323,Need Attention
15701,2011-08-21 12:36:00,2011-12-07 14:39:00,4,1529.0,912,2,108,382.25,5,3,4,534,Potential Loyalists
15702,2010-01-26 17:23:00,2010-08-20 14:50:00,2,140.39,103,476,205,70.19,1,2,1,121,Lost Customers
15703,2011-03-20 10:51:00,2011-03-20 10:51:00,1,211.5,66,265,0,211.5,2,1,1,211,Hibernating
15704,2010-05-05 14:51:00,2011-07-22 13:35:00,6,3734.66,1709,140,442,622.44,3,4,5,345,Loyal Customers
15705,2011-05-22 15:37:00,2011-05-22 15:37:00,1,143.1,62,201,0,143.1,2,1,1,211,Hibernating
15706,2011-08-15 14:32:00,2011-10-07 10:09:00,4,1060.56,321,64,52,265.14,3,3,3,333,Need Attention
15707,2011-09-14 14:19:00,2011-11-04 14:35:00,4,916.98,594,35,51,229.24,4,3,3,433,Potential Loyalists
15708,2010-10-10 11:33:00,2011-10-30 10:54:00,9,4204.44,1586,41,384,467.16,4,5,5,455,Champions
15709,2010-04-29 18:31:00,2011-03-01 10:38:00,2,327.85,169,284,305,163.92,2,2,2,222,Hibernating
15710,2010-10-18 17:05:00,2010-10-18 17:05:00,1,898.87,641,417,0,898.87,1,1,3,113,Lost Customers
15711,2010-01-24 12:13:00,2010-06-01 12:14:00,2,420.25,199,557,128,210.12,1,2,2,122,Lost Customers
15712,2009-12-01 11:17:00,2011-11-30 14:09:00,12,3472.41,1277,9,729,289.37,5,5,5,555,Champions
15713,2009-12-16 09:41:00,2011-07-19 13:34:00,4,1010.79,510,143,580,252.7,3,3,3,333,Need Attention
15714,2010-06-02 12:08:00,2011-11-28 11:26:00,5,783.96,361,12,543,156.79,5,4,3,543,Loyal Customers
15715,2010-03-30 12:17:00,2010-06-02 09:56:00,5,658.02,246,556,63,131.6,1,4,3,143,At Risk
15716,2009-12-07 12:42:00,2011-07-17 11:59:00,11,3014.66,1808,146,586,274.06,3,5,5,355,Loyal Customers
15717,2010-04-26 10:41:00,2011-04-19 13:21:00,5,607.0,224,234,358,121.4,2,4,2,242,At Risk
15718,2010-06-17 16:20:00,2010-06-17 16:20:00,1,293.79,95,540,0,293.79,1,1,2,112,Lost Customers
15719,2009-12-01 12:47:00,2011-11-07 12:29:00,31,10195.97,5356,33,705,328.9,4,5,5,455,Champions
15720,2010-06-07 15:40:00,2011-11-15 14:48:00,2,739.22,327,24,525,369.61,4,2,3,423,Potential Loyalists
15721,2011-11-28 12:14:00,2011-11-28 12:14:00,1,471.4,388,12,0,471.4,5,1,2,512,New Customers
15722,2010-03-09 15:05:00,2011-11-04 11:43:00,11,5234.0,2279,36,604,475.82,4,5,5,455,Champions
15723,2010-05-14 12:55:00,2010-12-10 11:12:00,4,930.7,427,365,209,232.68,2,3,3,233,Hibernating
15724,2010-11-04 10:22:00,2011-05-22 14:40:00,3,310.85,117,201,199,103.62,2,3,2,232,Hibernating
15725,2011-11-24 14:51:00,2011-11-24 14:51:00,1,415.25,221,15,0,415.25,5,1,2,512,New Customers
15726,2010-11-14 16:12:00,2010-11-14 16:12:00,1,321.91,123,390,0,321.91,2,1,2,212,Hibernating
15727,2010-01-24 12:12:00,2011-11-23 12:36:00,15,9371.71,5908,17,668,624.78,5,5,5,555,Champions
15728,2010-09-21 14:46:00,2010-11-25 10:39:00,2,544.6,132,380,64,272.3,2,2,2,222,Hibernating
15729,2010-11-01 13:44:00,2011-05-11 12:36:00,3,192.55,47,213,190,64.18,2,3,1,231,Hibernating
15730,2010-10-04 14:15:00,2011-10-05 12:31:00,5,1726.58,1061,66,365,345.32,3,4,4,344,Loyal Customers
15731,2010-06-04 10:10:00,2010-06-04 10:10:00,1,125.3,122,554,0,125.3,1,1,1,111,Lost Customers
15732,2010-02-04 10:10:00,2011-05-11 14:24:00,10,1682.07,1361,212,461,168.21,2,5,4,254,At Risk
15733,2011-03-02 09:05:00,2011-03-02 09:05:00,1,162.3,62,283,0,162.3,2,1,1,211,Hibernating
15734,2010-06-10 14:25:00,2011-08-17 10:50:00,4,2263.3,516,115,432,565.83,3,3,4,334,Big Spenders
15735,2010-10-14 13:38:00,2010-10-14 13:38:00,1,327.68,206,421,0,327.68,1,1,2,112,Lost Customers
15736,2010-09-30 14:19:00,2010-09-30 14:20:00,2,1767.12,1208,435,0,883.56,1,2,4,124,Lost Customers
15737,2011-04-11 10:01:00,2011-11-25 11:21:00,8,1188.12,597,15,228,148.51,5,4,3,543,Loyal Customers
15738,2009-12-10 15:52:00,2011-11-21 08:26:00,41,13372.97,9285,19,710,326.17,5,5,5,555,Champions
15739,2011-10-04 13:42:00,2011-10-04 13:42:00,1,449.12,472,66,0,449.12,3,1,2,312,Need Attention
15740,2011-10-21 14:29:00,2011-10-21 14:29:00,1,154.88,152,49,0,154.88,4,1,1,411,Need Attention
15741,2010-03-31 11:55:00,2010-09-07 16:21:00,2,208.62,70,458,160,104.31,1,2,1,121,Lost Customers
15742,2010-03-30 15:25:00,2010-03-30 15:25:00,1,156.87,51,619,0,156.87,1,1,1,111,Lost Customers
15743,2011-06-08 10:14:00,2011-11-23 17:19:00,4,775.96,214,16,168,193.99,5,3,3,533,Potential Loyalists
15744,2011-09-23 09:52:00,2011-09-23 09:52:00,1,34.8,120,78,0,34.8,3,1,1,311,Need Attention
15745,2011-04-17 13:04:00,2011-11-20 13:45:00,4,1094.59,421,19,217,273.65,5,3,3,533,Potential Loyalists
15746,2011-07-28 15:21:00,2011-07-28 15:21:00,1,196.88,178,134,0,196.88,3,1,1,311,Need Attention
15747,2010-01-18 11:21:00,2011-11-27 12:26:00,9,2499.81,1344,13,678,277.76,5,5,4,554,Champions
15748,2010-09-16 16:52:00,2011-10-30 12:51:00,3,609.81,261,40,408,203.27,4,3,2,432,Potential Loyalists
15749,2011-01-11 12:55:00,2011-04-18 13:20:00,3,44534.3,18028,235,97,14844.77,2,3,5,235,Hibernating
15750,2009-12-01 17:19:00,2011-12-07 12:34:00,18,6793.51,4589,3,735,377.42,5,5,5,555,Champions
15751,2009-12-06 13:08:00,2010-09-05 12:44:00,11,1380.44,443,461,272,125.49,1,5,4,154,At Risk
15752,2010-09-08 11:56:00,2011-10-31 11:37:00,9,4184.56,2945,40,417,464.95,4,5,5,455,Champions
15753,2011-02-08 12:41:00,2011-02-08 12:41:00,1,79.2,144,305,0,79.2,2,1,1,211,Hibernating
15754,2010-02-22 13:31:00,2011-10-19 14:40:00,9,3037.61,1762,51,604,337.51,4,5,5,455,Champions
15755,2009-12-04 08:24:00,2011-11-29 14:57:00,17,5993.12,4034,10,725,352.54,5,5,5,555,Champions
15756,2011-04-04 14:00:00,2011-10-09 13:30:00,4,528.01,241,61,187,132.0,3,3,2,332,Need Attention
15757,2010-06-10 13:47:00,2011-10-05 12:14:00,6,2940.36,1757,66,481,490.06,3,4,4,344,Loyal Customers
15758,2011-11-15 10:48:00,2011-11-15 10:48:00,1,205.25,47,25,0,205.25,4,1,1,411,Need Attention
15759,2009-12-02 10:08:00,2011-05-05 15:13:00,7,830.93,523,218,519,118.7,2,4,3,243,At Risk
15760,2010-03-19 11:35:00,2010-03-19 11:45:00,2,13916.34,2,631,0,6958.17,1,2,5,125,Lost Customers
15761,2010-09-23 09:33:00,2010-09-23 09:33:00,1,143.05,31,443,0,143.05,1,1,1,111,Lost Customers
15762,2011-09-23 15:17:00,2011-10-05 16:15:00,2,583.75,251,65,12,291.88,3,2,2,322,Need Attention
15763,2011-09-23 12:10:00,2011-11-08 09:44:00,2,1086.92,271,32,45,543.46,4,2,3,423,Potential Loyalists
15764,2010-08-18 13:58:00,2011-09-12 17:58:00,8,4503.08,2945,88,390,562.88,3,4,5,345,Loyal Customers
15765,2010-02-11 10:25:00,2010-02-11 10:25:00,1,370.63,335,667,0,370.63,1,1,2,112,Lost Customers
15766,2010-01-26 15:55:00,2011-10-06 17:03:00,3,831.06,334,64,618,277.02,3,3,3,333,Need Attention
15768,2009-12-03 12:10:00,2011-08-16 10:48:00,34,15308.89,4215,116,620,450.26,3,5,5,355,Loyal Customers
15769,2009-12-11 09:58:00,2011-12-02 13:52:00,46,88704.32,49104,7,721,1928.35,5,5,5,555,Champions
15770,2010-04-06 11:47:00,2010-04-06 11:47:00,1,321.45,67,613,0,321.45,1,1,2,112,Lost Customers
15771,2010-01-15 12:14:00,2010-04-14 13:56:00,3,1006.54,512,604,89,335.51,1,3,3,133,Hibernating
15772,2010-10-17 13:33:00,2010-10-17 13:33:00,1,280.88,110,418,0,280.88,1,1,1,111,Lost Customers
15773,2010-10-26 15:27:00,2011-12-04 12:48:00,2,774.52,410,6,403,387.26,5,2,3,523,Potential Loyalists
15774,2010-02-21 12:57:00,2011-10-02 12:04:00,6,1288.34,465,69,587,214.72,3,4,4,344,Loyal Customers
15775,2010-03-18 07:32:00,2011-04-08 12:56:00,2,150.5,260,245,386,75.25,2,2,1,221,Hibernating
15776,2011-07-29 13:46:00,2011-07-29 13:46:00,1,241.62,138,133,0,241.62,3,1,1,311,Need Attention
15777,2010-05-20 10:37:00,2011-04-12 16:43:00,7,1762.61,599,241,327,251.8,2,4,4,244,At Risk
15778,2010-10-04 15:10:00,2010-10-04 15:10:00,1,307.95,101,431,0,307.95,1,1,2,112,Lost Customers
15779,2010-06-25 15:55:00,2010-09-02 16:40:00,2,124.08,20,463,69,62.04,1,2,1,121,Lost Customers
15780,2010-12-17 11:43:00,2011-06-09 12:01:00,3,475.28,220,184,174,158.43,3,3,2,332,Need Attention
15781,2011-02-07 09:15:00,2011-11-14 14:57:00,3,345.46,180,25,280,115.15,4,3,2,432,Potential Loyalists
15782,2010-10-05 15:43:00,2011-11-30 10:49:00,4,4014.1,1844,10,420,1003.52,5,3,5,535,Potential Loyalists
15783,2011-11-29 09:50:00,2011-11-29 09:50:00,1,246.3,212,11,0,246.3,5,1,1,511,New Customers
15784,2010-02-05 14:42:00,2010-08-29 10:38:00,2,848.33,381,468,204,424.16,1,2,3,123,Lost Customers
15785,2009-12-15 16:28:00,2011-11-07 11:33:00,16,5969.93,4479,33,691,373.12,4,5,5,455,Champions
15786,2010-06-21 10:13:00,2011-10-24 14:13:00,5,8501.62,5957,46,490,1700.32,4,4,5,445,Champions
15787,2011-10-09 13:11:00,2011-11-13 14:55:00,3,933.26,534,26,35,311.09,4,3,3,433,Potential Loyalists
15788,2010-07-19 12:48:00,2010-07-19 12:48:00,1,221.83,115,509,0,221.83,1,1,1,111,Lost Customers
15789,2010-03-26 11:21:00,2010-12-16 14:35:00,6,1962.01,2499,358,265,327.0,2,4,4,244,At Risk
15790,2011-11-29 14:53:00,2011-11-29 14:53:00,1,218.75,113,10,0,218.75,5,1,1,511,New Customers
15791,2010-03-08 09:41:00,2011-10-27 10:14:00,5,3608.34,1970,44,598,721.67,4,4,5,445,Champions
15792,2010-03-31 09:42:00,2010-11-05 08:21:00,2,933.84,606,400,218,466.92,2,2,3,223,Hibernating
15793,2009-12-01 12:54:00,2011-11-25 09:31:00,8,2399.57,1685,15,723,299.95,5,4,4,544,Champions
15794,2009-12-02 15:10:00,2009-12-03 13:04:00,2,777.0,288,736,0,388.5,1,2,3,123,Lost Customers
15795,2010-01-18 11:31:00,2011-07-13 10:43:00,8,1979.87,1411,150,540,247.48,3,4,4,344,Loyal Customers
15796,2010-03-31 13:10:00,2011-12-08 19:55:00,17,5171.63,1733,1,617,304.21,5,5,5,555,Champions
15797,2010-01-27 13:12:00,2011-08-18 17:04:00,6,2821.08,1281,113,568,470.18,3,4,4,344,Loyal Customers
15798,2010-01-27 11:55:00,2010-08-04 09:13:00,3,1535.37,915,493,188,511.79,1,3,4,134,Hibernating
15799,2010-10-17 14:26:00,2011-09-25 12:46:00,4,1421.34,1341,76,342,355.34,3,3,4,334,Big Spenders
15800,2010-03-31 13:17:00,2011-08-24 14:23:00,7,1227.07,575,107,511,175.3,3,4,3,343,Loyal Customers
15801,2011-08-22 09:53:00,2011-10-24 13:52:00,3,1063.95,570,46,63,354.65,4,3,3,433,Potential Loyalists
15802,2011-07-20 11:38:00,2011-07-20 11:38:00,1,451.42,1,143,0,451.42,3,1,2,312,Need Attention
15803,2010-02-01 16:29:00,2011-10-19 14:56:00,4,1929.66,1030,51,624,482.42,4,3,4,434,Potential Loyalists
15804,2011-05-25 10:12:00,2011-12-09 12:31:00,13,4206.39,2565,1,198,323.57,5,5,5,555,Champions
15805,2009-12-10 12:57:00,2011-11-16 16:32:00,30,10148.93,6205,23,706,338.3,4,5,5,455,Champions
15806,2011-03-08 09:24:00,2011-10-24 14:35:00,3,784.58,602,46,230,261.53,4,3,3,433,Potential Loyalists
15807,2010-02-11 15:32:00,2011-10-20 14:10:00,5,1817.52,1532,50,615,363.5,4,4,4,444,Champions
15808,2009-12-01 16:30:00,2011-02-06 14:33:00,21,18133.3,7080,306,431,863.49,2,5,5,255,At Risk
15809,2010-06-22 14:23:00,2011-11-03 16:40:00,7,1274.44,700,36,499,182.06,4,4,4,444,Champions
15810,2010-02-04 18:18:00,2011-09-22 09:38:00,8,2999.04,1653,79,594,374.88,3,4,5,345,Loyal Customers
15811,2010-11-16 16:46:00,2011-11-17 15:31:00,7,3776.0,1876,22,365,539.43,4,4,5,445,Champions
15812,2009-12-15 13:40:00,2011-08-24 14:19:00,12,5201.47,3450,107,617,433.46,3,5,5,355,Loyal Customers
15813,2011-04-14 09:09:00,2011-05-16 08:13:00,2,1303.91,603,208,31,651.96,2,2,4,224,Hibernating
15814,2010-04-15 14:31:00,2011-11-23 08:17:00,6,2634.44,1728,17,586,439.07,5,4,4,544,Champions
15815,2011-03-25 08:43:00,2011-10-07 12:42:00,5,2100.6,1856,64,196,420.12,3,4,4,344,Loyal Customers
15816,2010-06-15 12:54:00,2010-06-15 13:36:00,2,144.15,54,542,0,72.08,1,2,1,121,Lost Customers
15817,2010-06-14 13:31:00,2010-10-15 11:07:00,3,2766.4,1596,421,122,922.13,1,3,4,134,Hibernating
15818,2010-04-30 12:58:00,2010-04-30 12:58:00,1,340.5,284,588,0,340.5,1,1,2,112,Lost Customers
15819,2010-03-18 11:08:00,2011-10-21 14:50:00,10,3934.79,2928,49,582,393.48,4,5,5,455,Champions
15820,2011-01-24 12:00:00,2011-01-24 12:00:00,1,206.98,128,320,0,206.98,2,1,1,211,Hibernating
15821,2011-10-09 13:28:00,2011-10-26 15:48:00,2,570.96,202,44,17,285.48,4,2,2,422,Potential Loyalists
15822,2009-12-06 15:12:00,2011-12-06 14:50:00,6,1840.06,950,3,729,306.68,5,4,4,544,Champions
15823,2009-12-08 15:12:00,2010-12-02 15:08:00,3,3897.17,1775,372,358,1299.06,2,3,5,235,Hibernating
15824,2010-06-25 15:10:00,2010-09-12 13:20:00,2,890.94,478,453,78,445.47,1,2,3,123,Lost Customers
15825,2011-06-20 13:27:00,2011-06-20 13:27:00,1,532.94,220,172,0,532.94,3,1,2,312,Need Attention
15826,2010-05-20 17:00:00,2011-10-14 16:05:00,4,2598.28,1824,56,511,649.57,4,3,4,434,Potential Loyalists
15827,2010-01-08 11:25:00,2011-09-27 15:35:00,28,3794.07,1824,73,627,135.5,3,5,5,355,Loyal Customers
15828,2010-11-29 16:41:00,2010-11-29 16:41:00,1,1108.82,367,375,0,1108.82,2,1,3,213,Hibernating
15829,2011-07-22 10:23:00,2011-09-01 16:45:00,2,636.14,996,99,41,318.07,3,2,3,323,Need Attention
15830,2011-11-02 10:40:00,2011-11-02 10:40:00,1,576.0,415,38,0,576.0,4,1,2,412,Need Attention
15831,2011-01-19 14:52:00,2011-10-12 13:14:00,3,794.64,1092,58,265,264.88,4,3,3,433,Potential Loyalists
15832,2011-03-30 15:29:00,2011-03-30 15:29:00,1,836.79,465,254,0,836.79,2,1,3,213,Hibernating
15833,2009-12-02 11:59:00,2009-12-02 11:59:00,1,80.4,24,738,0,80.4,1,1,1,111,Lost Customers
15834,2010-10-11 14:05:00,2011-09-30 14:41:00,7,3764.39,1815,70,354,537.77,3,4,5,345,Loyal Customers
15835,2011-01-13 10:35:00,2011-10-26 15:47:00,4,954.09,439,44,286,238.52,4,3,3,433,Potential Loyalists
15836,2011-10-20 17:13:00,2011-10-20 17:13:00,1,137.37,26,50,0,137.37,4,1,1,411,Need Attention
15837,2010-08-11 10:16:00,2011-10-06 09:01:00,2,777.01,405,65,420,388.5,3,2,3,323,Need Attention
15838,2009-12-15 09:51:00,2011-11-28 14:00:00,34,74163.0,64664,11,713,2181.26,5,5,5,555,Champions
15839,2011-07-14 16:35:00,2011-11-06 13:54:00,3,1048.49,675,33,114,349.5,4,3,3,433,Potential Loyalists
15840,2011-06-20 11:42:00,2011-10-12 09:08:00,2,355.56,396,59,113,177.78,3,2,2,322,Need Attention
15841,2009-12-10 08:29:00,2011-09-28 12:15:00,9,2742.41,2391,73,657,304.71,3,5,4,354,Loyal Customers
15842,2010-06-30 09:06:00,2010-11-11 14:08:00,2,548.8,296,393,134,274.4,2,2,2,222,Hibernating
15843,2011-02-09 10:19:00,2011-02-09 10:19:00,1,118.95,27,304,0,118.95,2,1,1,211,Hibernating
15844,2011-10-24 15:19:00,2011-10-24 15:19:00,1,130.74,134,46,0,130.74,4,1,1,411,Need Attention
15845,2010-01-26 14:44:00,2011-11-22 09:42:00,11,4426.28,2128,18,664,402.39,5,5,5,555,Champions
15846,2010-11-19 14:40:00,2010-11-19 14:40:00,1,107.01,79,385,0,107.01,2,1,1,211,Hibernating
15847,2010-03-08 08:47:00,2011-11-01 14:41:00,5,822.57,643,38,603,164.51,4,4,3,443,Loyal Customers
15848,2010-03-28 10:54:00,2010-03-28 10:54:00,1,137.99,45,622,0,137.99,1,1,1,111,Lost Customers
15850,2009-12-13 13:27:00,2011-11-20 14:14:00,6,1006.75,1334,19,707,167.79,5,4,3,543,Loyal Customers
15851,2010-07-01 12:34:00,2010-07-01 12:34:00,1,109.73,67,527,0,109.73,1,1,1,111,Lost Customers
15852,2010-07-01 10:16:00,2011-06-06 11:22:00,3,257.26,60,187,340,85.75,3,3,1,331,Need Attention
15853,2011-10-19 10:38:00,2011-10-19 10:38:00,1,110.8,135,52,0,110.8,4,1,1,411,Need Attention
15854,2009-12-10 12:08:00,2011-12-05 13:39:00,21,5578.28,1691,4,725,265.63,5,5,5,555,Champions
15855,2010-08-20 17:15:00,2011-07-26 10:20:00,6,1052.72,712,137,339,175.45,3,4,3,343,Loyal Customers
15856,2009-12-03 14:02:00,2011-12-05 17:09:00,52,33847.27,20225,4,732,650.91,5,5,5,555,Champions
15857,2010-10-05 16:43:00,2011-11-21 12:18:00,2,570.48,584,19,411,285.24,5,2,2,522,Potential Loyalists
15858,2009-12-10 11:42:00,2011-11-24 12:48:00,13,3936.34,2914,16,714,302.8,5,5,5,555,Champions
15859,2010-10-03 12:52:00,2010-10-03 12:52:00,1,438.46,174,432,0,438.46,1,1,2,112,Lost Customers
15860,2009-12-06 12:31:00,2011-10-30 11:25:00,17,2463.96,1331,41,692,144.94,4,5,4,454,Champions
15861,2010-01-28 19:41:00,2011-11-27 15:59:00,12,4369.2,3837,12,667,364.1,5,5,5,555,Champions
15862,2009-12-17 11:33:00,2011-12-01 13:28:00,13,2866.52,1644,8,714,220.5,5,5,4,554,Champions
15863,2009-12-17 10:20:00,2011-11-14 12:49:00,5,355.1,162,26,697,71.02,4,4,2,442,Loyal Customers
15864,2010-11-23 15:02:00,2011-11-17 13:32:00,7,2180.76,1486,22,358,311.54,4,4,4,444,Champions
15865,2010-01-05 13:58:00,2011-10-30 12:43:00,5,2241.42,1141,41,662,448.28,4,4,4,444,Champions
15866,2011-08-30 14:09:00,2011-08-30 14:09:00,1,211.89,124,101,0,211.89,3,1,1,311,Need Attention
15867,2009-12-14 15:16:00,2011-12-04 13:32:00,31,9034.95,5113,5,719,291.45,5,5,5,555,Champions
15868,2010-05-05 14:11:00,2010-05-05 14:11:00,1,94.53,57,583,0,94.53,1,1,1,111,Lost Customers
15869,2010-03-23 16:50:00,2011-03-07 17:23:00,3,321.11,273,277,349,107.04,2,3,2,232,Hibernating
15870,2010-09-19 16:22:00,2011-11-07 10:58:00,4,857.46,504,33,413,214.36,4,3,3,433,Potential Loyalists
15871,2010-09-28 14:16:00,2010-09-28 14:16:00,1,33.1,5,437,0,33.1,1,1,1,111,Lost Customers
15872,2010-06-07 14:53:00,2011-11-25 11:55:00,4,729.25,467,15,535,182.31,5,3,3,533,Potential Loyalists
15873,2010-07-27 11:58:00,2010-07-28 12:41:00,4,313.92,1152,500,1,78.48,1,3,2,132,Hibernating
15874,2010-01-07 13:56:00,2011-10-07 12:31:00,21,11284.76,5102,64,637,537.37,3,5,5,355,Loyal Customers
15875,2010-03-03 16:51:00,2010-03-03 16:51:00,1,108.52,74,646,0,108.52,1,1,1,111,Lost Customers
15876,2010-09-17 15:26:00,2010-10-26 18:58:00,2,1449.14,886,409,39,724.57,2,2,4,224,Hibernating
15877,2011-11-22 11:18:00,2011-12-08 11:53:00,2,490.33,368,2,16,245.16,5,2,2,522,Potential Loyalists
15878,2009-12-06 12:28:00,2010-05-27 12:17:00,2,330.77,243,562,171,165.38,1,2,2,122,Lost Customers
15879,2009-12-17 19:54:00,2010-10-31 16:21:00,4,1137.8,639,404,317,284.45,2,3,3,233,Hibernating
15880,2010-12-05 13:00:00,2010-12-05 13:00:00,1,658.06,404,369,0,658.06,2,1,3,213,Hibernating
15881,2010-12-10 13:32:00,2011-01-31 16:59:00,5,501.39,260,312,52,100.28,2,4,2,242,At Risk
15882,2009-12-10 15:33:00,2011-05-25 11:35:00,8,1495.98,814,199,530,187.0,2,4,4,244,At Risk
15883,2011-11-06 14:50:00,2011-12-07 17:05:00,2,396.48,223,2,31,198.24,5,2,2,522,Potential Loyalists
15884,2009-12-03 18:23:00,2010-10-03 15:55:00,2,244.6,152,432,303,122.3,1,2,1,121,Lost Customers
15885,2010-01-21 12:47:00,2011-09-08 10:43:00,15,1951.82,622,93,594,130.12,3,5,4,354,Loyal Customers
15886,2010-04-20 15:03:00,2011-10-10 14:25:00,4,1052.87,667,60,537,263.22,3,3,3,333,Need Attention
15887,2010-06-02 11:53:00,2010-10-29 08:36:00,3,1027.15,605,407,148,342.38,2,3,3,233,Hibernating
15888,2010-07-01 11:51:00,2011-09-20 12:30:00,3,429.16,139,81,446,143.05,3,3,2,332,Need Attention
15889,2009-12-10 12:21:00,2011-07-06 11:10:00,8,1699.67,941,157,572,212.46,3,4,4,344,Loyal Customers
15890,2010-04-14 08:43:00,2010-11-10 12:46:00,5,535.65,119,395,210,107.13,2,4,2,242,At Risk
15891,2011-04-27 12:35:00,2011-04-27 12:35:00,1,511.68,418,227,0,511.68,2,1,2,212,Hibernating
15892,2010-02-08 16:23:00,2010-02-08 16:23:00,1,128.2,46,669,0,128.2,1,1,1,111,Lost Customers
15893,2010-08-15 11:12:00,2010-08-15 11:12:00,1,305.28,288,482,0,305.28,1,1,2,112,Lost Customers
15894,2010-12-05 14:06:00,2011-03-31 13:50:00,2,409.69,275,253,115,204.84,2,2,2,222,Hibernating
15895,2011-07-13 10:27:00,2011-07-13 10:27:00,1,179.17,94,150,0,179.17,3,1,1,311,Need Attention
15897,2011-05-29 13:32:00,2011-05-29 13:50:00,2,208.59,223,194,0,104.3,2,2,1,221,Hibernating
15898,2009-12-11 16:11:00,2011-12-08 15:23:00,25,5513.09,2387,1,726,220.52,5,5,5,555,Champions
15899,2010-12-06 10:36:00,2010-12-06 10:36:00,1,112.5,78,369,0,112.5,2,1,1,211,Hibernating
15900,2010-05-26 11:27:00,2011-11-16 12:19:00,4,886.57,656,24,539,221.64,4,3,3,433,Potential Loyalists
15901,2010-06-14 12:39:00,2011-11-23 12:43:00,7,687.72,695,17,527,98.25,5,4,3,543,Loyal Customers
15902,2010-11-24 16:57:00,2010-11-24 16:57:00,1,145.01,124,380,0,145.01,2,1,1,211,Hibernating
15903,2010-01-14 10:57:00,2011-11-30 08:08:00,12,8939.84,3926,10,684,744.99,5,5,5,555,Champions
15904,2011-12-01 14:50:00,2011-12-01 14:50:00,1,164.68,84,8,0,164.68,5,1,1,511,New Customers
15905,2010-06-14 16:00:00,2010-06-14 16:00:00,1,114.69,82,543,0,114.69,1,1,1,111,Lost Customers
15906,2010-09-15 12:17:00,2011-11-20 12:24:00,10,2530.19,749,20,431,253.02,4,5,4,454,Champions
15907,2011-05-13 13:01:00,2011-12-06 12:21:00,3,882.72,478,4,206,294.24,5,3,3,533,Potential Loyalists
15908,2010-07-15 19:21:00,2010-08-06 11:56:00,2,758.62,173,491,21,379.31,1,2,3,123,Lost Customers
15909,2011-06-19 10:38:00,2011-06-19 10:38:00,1,191.94,98,174,0,191.94,3,1,1,311,Need Attention
15910,2010-01-21 11:51:00,2011-12-09 10:51:00,15,2661.17,2158,1,686,177.41,5,5,4,554,Champions
15911,2009-12-09 13:26:00,2010-03-26 12:06:00,8,1700.24,810,624,106,212.53,1,4,4,144,At Risk
15912,2009-12-10 12:58:00,2011-06-14 14:29:00,9,1074.7,759,178,551,119.41,3,5,3,353,Loyal Customers
15913,2010-06-23 16:31:00,2010-06-23 16:31:00,1,6.3,3,534,0,6.3,1,1,1,111,Lost Customers
15914,2010-11-26 16:09:00,2010-11-26 16:10:00,2,205.99,149,378,0,103.0,2,2,1,221,Hibernating
15915,2010-11-03 11:13:00,2010-11-03 11:13:00,1,364.45,414,402,0,364.45,2,1,2,212,Hibernating
15916,2009-12-10 16:21:00,2011-11-23 13:46:00,13,3377.69,1683,16,712,259.82,5,5,5,555,Champions
15917,2009-12-02 14:55:00,2011-04-06 10:40:00,5,530.17,248,248,489,106.03,2,4,2,242,At Risk
15918,2010-03-18 11:40:00,2011-06-02 11:42:00,3,582.88,240,191,441,194.29,2,3,2,232,Hibernating
15919,2010-12-06 11:26:00,2011-11-20 11:28:00,2,739.77,560,20,349,369.88,4,2,3,423,Potential Loyalists
15920,2009-12-14 13:09:00,2011-07-08 15:31:00,9,569.14,238,154,571,63.24,3,5,2,352,Loyal Customers
15921,2010-03-09 11:03:00,2011-06-20 11:03:00,4,775.26,335,173,468,193.82,3,3,3,333,Need Attention
15922,2010-12-01 13:51:00,2010-12-01 13:51:00,1,739.0,276,373,0,739.0,2,1,3,213,Hibernating
15923,2010-12-02 12:16:00,2010-12-02 12:16:00,1,254.16,244,373,0,254.16,2,1,1,211,Hibernating
15924,2009-12-08 15:00:00,2009-12-08 15:00:00,1,102.82,103,731,0,102.82,1,1,1,111,Lost Customers
15925,2011-05-29 15:35:00,2011-05-29 15:35:00,1,207.15,93,194,0,207.15,2,1,1,211,Hibernating
15926,2010-06-15 15:23:00,2010-06-15 15:23:00,1,134.44,155,542,0,134.44,1,1,1,111,Lost Customers
15927,2010-03-02 13:25:00,2010-03-02 13:25:00,1,106.54,66,647,0,106.54,1,1,1,111,Lost Customers
15928,2010-02-21 15:16:00,2010-02-21 15:16:00,1,293.53,164,656,0,293.53,1,1,2,112,Lost Customers
15929,2010-03-05 14:56:00,2010-03-05 14:56:00,1,594.0,120,644,0,594.0,1,1,2,112,Lost Customers
15930,2011-10-03 14:52:00,2011-10-03 14:52:00,1,426.63,139,67,0,426.63,3,1,2,312,Need Attention
15931,2010-10-07 16:46:00,2010-10-07 16:46:00,1,239.9,118,428,0,239.9,1,1,1,111,Lost Customers
15932,2011-02-23 14:50:00,2011-12-05 17:13:00,8,2495.87,2325,4,285,311.98,5,4,4,544,Champions
15933,2011-09-14 12:05:00,2011-11-18 13:14:00,3,1107.46,885,21,65,369.15,4,3,3,433,Potential Loyalists
15934,2010-10-06 12:08:00,2010-10-18 10:13:00,2,2190.66,2166,418,11,1095.33,1,2,4,124,Lost Customers
15935,2011-04-12 09:35:00,2011-04-14 13:27:00,2,416.86,115,239,2,208.43,2,2,2,222,Hibernating
15936,2010-08-29 11:42:00,2010-11-25 16:39:00,2,282.79,211,379,88,141.4,2,2,1,221,Hibernating
15937,2011-10-06 15:48:00,2011-10-06 15:48:00,1,145.35,73,64,0,145.35,3,1,1,311,Need Attention
15938,2010-06-01 09:42:00,2011-08-19 12:56:00,9,734.81,449,112,444,81.65,3,5,3,353,Loyal Customers
15939,2010-11-30 12:07:00,2011-09-11 11:30:00,16,9060.39,6260,90,284,566.27,3,5,5,355,Loyal Customers
15940,2011-02-01 16:18:00,2011-02-01 16:18:00,1,35.8,4,311,0,35.8,2,1,1,211,Hibernating
15941,2010-03-12 14:45:00,2010-03-12 14:45:00,1,405.0,60,637,0,405.0,1,1,2,112,Lost Customers
15942,2011-07-29 09:01:00,2011-07-29 09:01:00,1,337.44,232,134,0,337.44,3,1,2,312,Need Attention
15943,2010-01-31 11:04:00,2010-02-28 12:49:00,2,271.29,183,650,28,135.65,1,2,1,121,Lost Customers
15944,2009-12-13 12:57:00,2011-03-08 10:33:00,4,2164.24,859,277,449,541.06,2,3,4,234,Hibernating
15945,2009-12-01 13:47:00,2010-12-09 13:14:00,4,827.27,397,365,372,206.82,2,4,3,243,At Risk
15946,2010-03-16 10:49:00,2010-07-25 12:18:00,3,2304.18,1614,503,131,768.06,1,3,4,134,Hibernating
15947,2011-09-18 10:46:00,2011-09-18 10:46:00,1,1708.24,898,83,0,1708.24,3,1,4,314,Need Attention
15948,2010-10-11 12:16:00,2011-12-01 15:32:00,3,1509.09,852,8,416,503.03,5,3,4,534,Potential Loyalists
15949,2011-09-29 17:34:00,2011-11-23 09:09:00,2,364.72,284,17,54,182.36,5,2,2,522,Potential Loyalists
15950,2010-01-26 11:39:00,2011-11-08 11:09:00,10,7120.91,3354,32,650,712.09,4,5,5,455,Champions
15951,2010-11-23 18:20:00,2011-12-01 08:34:00,3,1013.17,420,9,372,337.72,5,3,3,533,Potential Loyalists
15952,2011-04-28 12:55:00,2011-11-06 11:18:00,4,781.91,391,34,191,195.48,4,4,3,443,Loyal Customers
15953,2009-12-03 14:00:00,2011-11-24 15:32:00,18,3648.08,1841,15,721,202.67,5,5,5,555,Champions
15954,2010-04-29 13:35:00,2010-04-29 13:35:00,1,190.75,119,589,0,190.75,1,1,1,111,Lost Customers
15955,2010-02-23 16:36:00,2011-11-15 14:15:00,22,8658.36,4213,24,629,393.56,4,5,5,455,Champions
15956,2009-12-13 11:16:00,2010-06-06 13:06:00,2,617.6,278,551,175,308.8,1,2,3,123,Lost Customers
15957,2010-10-15 12:11:00,2011-11-08 12:14:00,3,921.25,453,32,389,307.08,4,3,3,433,Potential Loyalists
15958,2010-06-07 10:59:00,2011-09-26 13:41:00,4,462.12,154,74,476,115.53,3,4,2,342,Loyal Customers
15959,2010-01-26 16:19:00,2010-01-26 16:38:00,3,542.89,269,682,0,180.96,1,3,2,132,Hibernating
15960,2010-09-30 15:50:00,2010-11-30 15:57:00,4,410.95,258,374,61,102.74,2,4,2,242,At Risk
15961,2010-11-25 15:59:00,2010-11-25 15:59:00,1,451.29,154,379,0,451.29,2,1,2,212,Hibernating
15962,2010-09-16 13:48:00,2010-09-16 13:48:00,1,289.48,228,449,0,289.48,1,1,1,111,Lost Customers
15963,2011-10-25 13:05:00,2011-11-20 11:33:00,2,470.76,298,20,25,235.38,4,2,2,422,Potential Loyalists
15964,2010-02-14 15:30:00,2010-02-14 15:30:00,1,269.21,93,663,0,269.21,1,1,1,111,Lost Customers
15965,2009-12-03 11:45:00,2011-11-22 16:44:00,13,2928.13,1387,17,719,225.24,5,5,4,554,Champions
15966,2010-09-15 10:44:00,2010-09-15 10:44:00,1,426.53,275,451,0,426.53,1,1,2,112,Lost Customers
15967,2009-12-01 13:29:00,2011-11-16 15:41:00,12,2966.0,1183,23,715,247.17,4,5,5,455,Champions
15968,2010-11-16 13:04:00,2010-11-16 13:04:00,1,404.55,247,388,0,404.55,2,1,2,212,Hibernating
15969,2010-07-05 13:10:00,2011-12-07 11:06:00,5,1127.05,223,3,519,225.41,5,4,3,543,Loyal Customers
15970,2010-04-20 11:30:00,2011-02-09 12:08:00,2,1017.32,498,304,295,508.66,2,2,3,223,Hibernating
15971,2009-12-08 09:46:00,2011-11-22 12:50:00,18,5902.83,2251,18,714,327.94,5,5,5,555,Champions
15972,2010-04-18 14:06:00,2010-09-09 13:20:00,5,1769.33,468,456,143,353.87,1,4,4,144,At Risk
15973,2010-10-06 15:00:00,2010-12-08 11:42:00,3,988.44,301,367,62,329.48,2,3,3,233,Hibernating
15974,2011-02-24 10:10:00,2011-10-31 13:13:00,7,3442.15,2262,39,249,491.74,4,4,5,445,Champions
15975,2011-09-16 13:33:00,2011-09-16 13:33:00,1,371.01,243,84,0,371.01,3,1,2,312,Need Attention
15976,2010-06-06 14:01:00,2011-06-27 13:00:00,6,1694.41,1053,165,385,282.4,3,4,4,344,Loyal Customers
15977,2011-10-31 16:24:00,2011-11-22 13:29:00,2,1054.73,1016,17,21,527.36,5,2,3,523,Potential Loyalists
15978,2010-03-05 14:39:00,2011-09-23 15:21:00,3,3279.42,2444,77,567,1093.14,3,3,5,335,Big Spenders
15979,2010-04-16 11:35:00,2010-04-16 11:35:00,1,329.22,450,603,0,329.22,1,1,2,112,Lost Customers
15980,2010-06-01 14:40:00,2011-09-12 09:41:00,7,6543.68,4822,89,467,934.81,3,4,5,345,Loyal Customers
15981,2010-03-29 10:07:00,2011-11-15 08:00:00,21,9362.77,4827,25,595,445.85,4,5,5,455,Champions
15982,2010-04-13 15:47:00,2010-04-13 15:47:00,1,324.51,131,605,0,324.51,1,1,2,112,Lost Customers
15983,2009-12-06 12:52:00,2011-11-17 17:34:00,8,3924.02,2426,22,711,490.5,4,4,5,445,Champions
15984,2009-12-01 13:38:00,2011-12-07 12:16:00,30,8515.72,5786,3,735,283.86,5,5,5,555,Champions
15985,2010-05-27 15:51:00,2011-08-08 16:31:00,7,2715.28,2750,123,438,387.9,3,4,4,344,Loyal Customers
15986,2010-11-23 10:02:00,2011-11-09 15:17:00,2,354.42,368,30,351,177.21,4,2,2,422,Potential Loyalists
15987,2010-11-25 12:56:00,2011-11-27 15:38:00,8,1649.47,1685,12,367,206.18,5,4,4,544,Champions
15988,2010-02-21 11:36:00,2011-11-20 13:23:00,3,738.89,476,19,637,246.3,5,3,3,533,Potential Loyalists
15989,2009-12-02 15:51:00,2010-11-29 12:03:00,2,368.31,169,376,361,184.16,2,2,2,222,Hibernating
15990,2010-02-28 12:30:00,2011-10-26 15:58:00,7,1997.75,1086,44,605,285.39,4,4,4,444,Champions
15991,2010-06-23 15:50:00,2010-06-23 15:50:00,1,150.55,41,534,0,150.55,1,1,1,111,Lost Customers
15992,2010-09-12 11:52:00,2011-12-06 11:00:00,3,896.6,514,4,449,298.87,5,3,3,533,Potential Loyalists
15993,2011-10-26 16:21:00,2011-12-01 10:45:00,7,2777.67,2037,9,35,396.81,5,4,4,544,Champions
15994,2010-03-14 11:55:00,2011-10-16 12:28:00,3,1175.68,462,55,581,391.89,4,3,3,433,Potential Loyalists
15995,2010-10-21 13:57:00,2010-10-21 13:57:00,1,694.54,352,414,0,694.54,1,1,3,113,Lost Customers
15996,2010-11-07 15:49:00,2011-09-12 15:14:00,7,1649.65,738,88,308,235.66,3,4,4,344,Loyal Customers
15998,2009-12-01 11:45:00,2011-11-03 12:45:00,16,8274.14,5350,37,702,517.13,4,5,5,455,Champions
15999,2009-12-04 12:31:00,2009-12-04 12:31:00,1,20.4,24,736,0,20.4,1,1,1,111,Lost Customers
16000,2011-12-07 12:14:00,2011-12-07 12:17:00,3,12393.7,5110,3,0,4131.23,5,3,5,535,Potential Loyalists
16001,2010-11-23 17:10:00,2010-11-23 17:10:00,1,583.39,337,381,0,583.39,2,1,2,212,Hibernating
16002,2010-03-24 13:08:00,2010-03-24 13:08:00,1,169.21,70,625,0,169.21,1,1,1,111,Lost Customers
16003,2009-12-03 18:51:00,2011-11-10 09:57:00,10,5613.83,2210,30,706,561.38,4,5,5,455,Champions
16004,2010-01-25 13:56:00,2010-08-22 11:48:00,5,2146.39,1076,475,208,429.28,1,4,4,144,At Risk
16005,2010-09-15 13:21:00,2011-11-27 13:47:00,10,2365.49,1269,12,438,236.55,5,5,4,554,Champions
16006,2010-11-17 12:03:00,2011-05-12 13:12:00,2,332.82,205,211,176,166.41,2,2,2,222,Hibernating
16007,2010-06-14 13:18:00,2011-10-23 11:05:00,7,3053.06,2631,48,495,436.15,4,4,5,445,Champions
16008,2010-03-19 11:07:00,2011-11-16 10:32:00,15,5339.13,3237,24,606,355.94,4,5,5,455,Champions
16009,2011-07-03 11:26:00,2011-11-17 16:51:00,4,972.11,366,22,137,243.03,4,4,3,443,Loyal Customers
16010,2010-10-24 10:54:00,2011-04-08 10:14:00,11,1694.86,919,246,165,154.08,2,5,4,254,At Risk
16011,2009-12-01 12:02:00,2011-12-01 16:31:00,29,5838.96,3448,8,730,201.34,5,5,5,555,Champions
16012,2010-06-28 11:39:00,2011-11-04 13:25:00,5,2978.59,1760,35,494,595.72,4,4,5,445,Champions
16013,2009-12-08 10:24:00,2011-12-06 10:36:00,84,57140.44,25880,4,728,680.24,5,5,5,555,Champions
16014,2010-01-31 12:43:00,2011-11-02 12:04:00,5,1100.28,462,38,639,220.06,4,4,3,443,Loyal Customers
16015,2011-10-21 12:56:00,2011-12-06 10:58:00,3,704.55,907,4,45,234.85,5,3,3,533,Potential Loyalists
16016,2010-11-02 13:27:00,2011-12-06 14:35:00,11,2446.42,1019,3,399,222.4,5,5,4,554,Champions
16017,2010-01-05 12:06:00,2011-10-23 12:56:00,5,1545.58,635,47,656,309.12,4,4,4,444,Champions
16018,2009-12-07 13:57:00,2011-10-31 14:13:00,4,698.13,503,39,693,174.53,4,4,3,443,Loyal Customers
16019,2009-12-14 14:12:00,2011-10-24 11:51:00,27,17329.16,6959,47,678,641.82,4,5,5,455,Champions
16020,2011-10-05 13:54:00,2011-11-23 11:18:00,3,851.01,487,17,48,283.67,5,3,3,533,Potential Loyalists
16021,2010-06-13 11:05:00,2010-11-09 14:48:00,2,487.03,276,395,149,243.52,2,2,2,222,Hibernating
16022,2011-03-24 13:16:00,2011-03-24 13:16:00,1,602.63,255,260,0,602.63,2,1,2,212,Hibernating
16023,2011-03-18 13:32:00,2011-10-24 16:34:00,3,719.81,358,46,220,239.94,4,3,3,433,Potential Loyalists
16024,2010-10-24 11:40:00,2011-11-27 13:26:00,3,483.99,504,12,399,161.33,5,3,2,532,Potential Loyalists
16025,2011-11-10 11:45:00,2011-11-10 11:45:00,1,439.66,338,30,0,439.66,4,1,2,412,Need Attention
16026,2011-10-27 13:53:00,2011-10-27 13:53:00,1,236.09,243,43,0,236.09,4,1,1,411,Need Attention
16027,2010-01-08 13:21:00,2011-09-09 10:47:00,15,2048.36,2099,92,608,136.56,3,5,4,354,Loyal Customers
16028,2010-04-23 11:45:00,2010-04-23 11:45:00,1,82.2,18,596,0,82.2,1,1,1,111,Lost Customers
16029,2009-12-08 11:23:00,2011-11-01 10:27:00,107,122035.14,56386,39,692,1140.52,4,5,5,455,Champions
16030,2011-02-03 11:28:00,2011-02-03 11:28:00,1,331.24,283,310,0,331.24,2,1,2,212,Hibernating
16031,2011-04-06 14:23:00,2011-09-08 13:07:00,2,547.9,421,92,154,273.95,3,2,2,322,Need Attention
16032,2010-07-04 13:31:00,2010-09-09 18:00:00,6,1965.72,1467,456,67,327.62,1,4,4,144,At Risk
16033,2010-08-11 16:44:00,2011-12-04 12:44:00,27,10764.45,4252,6,479,398.68,5,5,5,555,Champions
16034,2010-10-26 13:00:00,2011-05-27 16:17:00,6,911.32,585,196,213,151.89,2,4,3,243,At Risk
16035,2010-05-28 15:09:00,2010-05-28 15:09:00,1,217.73,33,560,0,217.73,1,1,1,111,Lost Customers
16036,2010-03-29 14:47:00,2011-09-13 14:53:00,4,2556.84,1369,87,533,639.21,3,4,4,344,Loyal Customers
16037,2010-03-01 12:31:00,2011-03-15 09:13:00,5,1509.34,766,270,378,301.87,2,4,4,244,At Risk
16038,2011-05-22 11:29:00,2011-12-02 12:40:00,3,471.78,244,8,194,157.26,5,3,2,532,Potential Loyalists
16039,2010-03-21 15:17:00,2010-10-12 10:44:00,2,456.4,409,424,204,228.2,1,2,2,122,Lost Customers
16040,2010-04-09 10:12:00,2011-10-05 13:47:00,7,2416.9,1185,65,544,345.27,3,4,4,344,Loyal Customers
16041,2011-07-21 16:27:00,2011-11-09 12:25:00,3,3166.4,1584,31,110,1055.47,4,3,5,435,Potential Loyalists
16042,2010-09-12 12:00:00,2011-11-17 17:50:00,8,2245.32,1430,22,431,280.67,4,4,4,444,Champions
16043,2010-08-15 11:26:00,2011-11-02 12:50:00,8,1856.59,1011,38,444,232.07,4,4,4,444,Champions
16044,2010-09-30 18:12:00,2010-09-30 18:12:00,1,340.84,170,435,0,340.84,1,1,2,112,Lost Customers
16045,2010-07-29 12:50:00,2011-08-12 12:41:00,8,3434.93,2108,120,378,429.37,3,4,5,345,Loyal Customers
16046,2010-05-26 13:18:00,2010-05-26 13:18:00,1,235.78,248,562,0,235.78,1,1,1,111,Lost Customers
16047,2010-01-26 16:34:00,2010-01-26 16:34:00,1,107.14,1,682,0,107.14,1,1,1,111,Lost Customers
16048,2010-06-08 12:36:00,2010-12-01 15:28:00,4,1075.23,569,373,176,268.81,2,4,3,243,At Risk
16049,2010-07-11 13:53:00,2011-10-30 13:19:00,6,1852.15,1132,40,475,308.69,4,4,4,444,Champions
16050,2010-11-03 15:55:00,2011-06-19 11:44:00,3,300.7,388,174,227,100.23,3,3,2,332,Need Attention
16051,2010-01-27 09:38:00,2010-01-27 09:38:00,1,188.44,80,682,0,188.44,1,1,1,111,Lost Customers
16052,2011-10-16 15:13:00,2011-10-16 15:13:00,1,362.06,282,54,0,362.06,4,1,2,412,Need Attention
16053,2010-04-08 11:11:00,2011-11-07 11:21:00,6,3634.84,3067,33,578,605.81,4,4,5,445,Champions
16054,2010-04-01 18:37:00,2011-07-17 13:08:00,4,2111.88,791,145,471,527.97,3,4,4,344,Loyal Customers
16055,2011-05-03 09:26:00,2011-05-03 09:26:00,1,134.8,22,221,0,134.8,2,1,1,211,Hibernating
16056,2011-10-25 15:19:00,2011-10-25 15:19:00,1,650.75,345,45,0,650.75,4,1,3,413,Need Attention
16057,2010-01-07 17:11:00,2011-11-23 15:23:00,10,3854.85,1691,16,684,385.48,5,5,5,555,Champions
16058,2010-10-29 16:48:00,2010-10-29 16:48:00,1,62.7,18,406,0,62.7,2,1,1,211,Hibernating
16059,2010-05-19 13:04:00,2011-10-05 09:56:00,12,3171.82,1482,66,503,264.32,3,5,5,355,Loyal Customers
16060,2010-08-02 15:26:00,2010-11-04 12:10:00,3,541.95,243,401,93,180.65,2,3,2,232,Hibernating
16061,2010-10-04 15:29:00,2010-10-04 15:29:00,1,89.65,19,431,0,89.65,1,1,1,111,Lost Customers
16062,2010-06-21 13:32:00,2011-11-30 12:15:00,8,2863.45,2035,10,526,357.93,5,5,4,554,Champions
16063,2011-03-24 14:55:00,2011-03-24 14:56:00,1,335.32,262,260,0,335.32,2,1,2,212,Hibernating
16064,2009-12-14 16:11:00,2009-12-14 16:11:00,1,109.31,55,725,0,109.31,1,1,1,111,Lost Customers
16065,2010-09-02 13:27:00,2010-12-09 13:03:00,8,2359.27,1435,365,97,294.91,2,5,4,254,At Risk
16066,2011-08-07 14:33:00,2011-11-23 11:54:00,5,1521.04,935,17,107,304.21,5,4,4,544,Champions
16067,2010-02-02 18:01:00,2010-05-26 12:33:00,3,3269.11,1236,563,112,1089.7,1,3,5,135,Hibernating
16068,2010-04-25 11:52:00,2010-04-25 11:52:00,1,115.73,48,594,0,115.73,1,1,1,111,Lost Customers
16069,2010-10-18 10:32:00,2010-10-18 10:32:00,1,457.7,138,418,0,457.7,1,1,2,112,Lost Customers
16070,2011-11-07 16:36:00,2011-11-17 15:50:00,2,852.15,457,22,9,426.08,4,2,3,423,Potential Loyalists
16071,2010-02-22 14:48:00,2011-10-26 11:14:00,4,1076.8,697,45,610,269.2,4,4,3,443,Loyal Customers
16072,2010-06-08 16:47:00,2011-02-24 14:32:00,4,4180.09,1580,288,260,1045.02,2,4,5,245,At Risk
16073,2011-02-15 15:41:00,2011-02-15 15:41:00,1,122.4,48,297,0,122.4,2,1,1,211,Hibernating
16074,2010-11-14 13:19:00,2010-11-14 13:19:00,1,252.5,38,390,0,252.5,2,1,1,211,Hibernating
16075,2010-05-24 15:57:00,2010-07-25 11:31:00,2,736.93,271,503,61,368.46,1,2,3,123,Lost Customers
16076,2011-05-15 12:31:00,2011-12-06 14:59:00,10,2234.73,1435,3,205,223.47,5,5,4,554,Champions
16077,2010-03-24 10:42:00,2010-03-24 10:42:00,1,2300.4,840,626,0,2300.4,1,1,4,114,Lost Customers
16078,2010-02-08 13:29:00,2011-03-01 09:47:00,2,362.99,200,284,385,181.5,2,2,2,222,Hibernating
16079,2011-10-30 13:06:00,2011-11-23 12:48:00,3,1352.0,864,17,23,450.67,5,3,4,534,Potential Loyalists
16080,2010-09-15 14:19:00,2011-09-19 10:42:00,4,602.56,298,82,368,150.64,3,4,2,342,Loyal Customers
16081,2010-02-03 12:46:00,2011-10-14 13:06:00,8,4436.56,2230,56,618,554.57,4,5,5,455,Champions
16082,2010-02-07 15:16:00,2010-02-07 15:16:00,1,106.75,39,670,0,106.75,1,1,1,111,Lost Customers
16083,2010-11-16 11:53:00,2011-08-31 10:47:00,4,2351.42,1514,101,287,587.86,3,4,4,344,Loyal Customers
16084,2011-02-13 16:05:00,2011-02-13 16:05:00,1,436.18,216,299,0,436.18,2,1,2,212,Hibernating
16085,2010-01-20 14:03:00,2011-11-16 13:24:00,12,2341.03,1382,23,664,195.09,4,5,4,454,Champions
16086,2009-12-02 13:20:00,2011-10-11 13:09:00,10,2864.99,1526,59,677,286.5,3,5,4,354,Loyal Customers
16087,2010-01-19 12:30:00,2010-11-15 16:44:00,5,1739.92,664,389,300,347.98,2,4,4,244,At Risk
16088,2010-04-27 10:56:00,2010-05-13 10:16:00,2,1437.43,373,576,15,718.72,1,2,4,124,Lost Customers
16089,2010-07-18 15:51:00,2010-11-18 13:51:00,2,263.49,119,386,122,131.74,2,2,1,221,Hibernating
16090,2010-03-25 13:05:00,2010-03-25 13:05:00,1,180.56,58,624,0,180.56,1,1,1,111,Lost Customers
16091,2011-05-25 09:18:00,2011-07-08 08:45:00,2,315.06,154,155,43,157.53,3,2,2,322,Need Attention
16092,2010-05-09 16:10:00,2011-08-17 10:46:00,6,1587.94,1188,115,464,264.66,3,4,4,344,Loyal Customers
16093,2011-08-25 11:09:00,2011-08-25 11:09:00,1,17.0,20,107,0,17.0,3,1,1,311,Need Attention
16094,2010-04-16 14:00:00,2011-11-28 12:45:00,11,3695.56,2020,12,590,335.96,5,5,5,555,Champions
16095,2010-09-09 16:54:00,2010-09-09 16:54:00,1,447.05,265,456,0,447.05,1,1,2,112,Lost Customers
16096,2010-03-04 15:44:00,2011-03-20 13:38:00,4,1584.97,700,264,380,396.24,2,4,4,244,At Risk
16097,2011-04-13 13:47:00,2011-04-13 13:47:00,1,185.05,87,240,0,185.05,2,1,1,211,Hibernating
16098,2009-12-15 09:40:00,2011-09-13 09:59:00,14,4441.3,2142,88,637,317.24,3,5,5,355,Loyal Customers
16099,2010-03-03 11:13:00,2011-10-20 13:13:00,7,1573.2,960,50,596,224.74,4,4,4,444,Champions
16100,2010-09-03 11:39:00,2010-09-03 11:39:00,1,582.64,438,463,0,582.64,1,1,2,112,Lost Customers
16101,2010-05-27 12:50:00,2011-09-30 10:18:00,4,3229.16,1844,71,490,807.29,3,4,5,345,Loyal Customers
16102,2011-08-03 12:50:00,2011-10-28 13:19:00,3,1842.14,942,42,86,614.05,4,3,4,434,Potential Loyalists
16103,2010-01-08 12:08:00,2011-12-02 14:16:00,22,6191.71,2639,7,693,281.44,5,5,5,555,Champions
16104,2009-12-06 10:41:00,2011-10-09 10:23:00,9,2774.46,1047,62,671,308.27,3,5,4,354,Loyal Customers
16105,2010-04-14 13:27:00,2011-04-05 10:13:00,5,2386.19,2125,249,355,477.24,2,4,4,244,At Risk
16106,2011-10-05 10:37:00,2011-10-05 10:37:00,1,108.38,74,66,0,108.38,3,1,1,311,Need Attention
16107,2011-06-09 18:42:00,2011-11-22 09:40:00,7,3204.16,1176,18,165,457.74,5,4,5,545,Champions
16108,2010-03-18 14:14:00,2011-09-16 11:48:00,4,2235.92,1473,85,546,558.98,3,4,4,344,Loyal Customers
16109,2010-01-10 10:37:00,2011-05-05 09:17:00,3,939.48,1092,219,479,313.16,2,3,3,233,Hibernating
16110,2010-07-05 13:04:00,2011-10-25 14:35:00,4,1781.59,880,45,477,445.4,4,4,4,444,Champions
16111,2010-10-07 19:51:00,2010-10-07 19:51:00,1,549.33,233,428,0,549.33,1,1,2,112,Lost Customers
16112,2011-01-05 11:47:00,2011-07-19 14:28:00,4,195.74,574,143,195,48.94,3,4,1,341,Loyal Customers
16113,2011-06-09 16:16:00,2011-06-09 16:16:00,1,161.38,176,183,0,161.38,3,1,1,311,Need Attention
16114,2011-06-22 10:13:00,2011-06-22 10:13:00,1,135.75,43,171,0,135.75,3,1,1,311,Need Attention
16115,2010-05-14 11:59:00,2011-11-30 11:32:00,12,2553.8,1589,10,564,212.82,5,5,4,554,Champions
16116,2011-05-12 12:01:00,2011-05-12 12:01:00,1,612.78,248,212,0,612.78,2,1,2,212,Hibernating
16117,2010-04-27 11:50:00,2011-06-03 11:42:00,3,654.4,321,190,401,218.13,2,3,3,233,Hibernating
16118,2010-02-25 09:40:00,2010-02-25 09:40:00,1,4376.25,2851,653,0,4376.25,1,1,5,115,Lost Customers
16119,2009-12-16 11:56:00,2011-12-01 15:11:00,8,1720.81,811,8,715,215.1,5,5,4,554,Champions
16120,2010-10-13 15:07:00,2011-10-11 14:22:00,6,2967.51,2161,59,362,494.58,3,4,5,345,Loyal Customers
16121,2010-05-23 10:52:00,2011-10-13 12:59:00,5,1450.04,879,57,508,290.01,4,4,4,444,Champions
16122,2010-10-10 15:26:00,2011-09-27 15:34:00,6,1001.34,1398,73,352,166.89,3,4,3,343,Loyal Customers
16123,2011-10-19 09:18:00,2011-10-19 09:18:00,1,307.78,170,52,0,307.78,4,1,2,412,Need Attention
16124,2009-12-07 10:33:00,2011-01-26 14:45:00,4,1772.49,797,317,415,443.12,2,4,4,244,At Risk
16125,2009-12-14 15:38:00,2010-12-07 15:48:00,14,4581.7,1943,367,358,327.26,2,5,5,255,At Risk
16126,2009-12-02 13:34:00,2011-11-10 16:03:00,15,14644.6,6140,29,708,976.31,4,5,5,455,Champions
16127,2009-12-13 12:19:00,2011-10-31 13:58:00,2,801.31,391,39,687,400.66,4,2,3,423,Potential Loyalists
16128,2010-07-16 16:30:00,2011-11-22 11:14:00,11,3801.05,2445,18,493,345.55,5,5,5,555,Champions
16129,2010-07-20 12:32:00,2010-10-28 14:29:00,3,1396.05,1261,407,100,465.35,2,3,4,234,Hibernating
16130,2010-04-01 13:58:00,2010-10-13 15:14:00,4,987.48,296,422,195,246.87,1,4,3,143,At Risk
16131,2009-12-02 10:09:00,2011-10-19 11:53:00,12,9957.42,4768,52,686,829.78,4,5,5,455,Champions
16132,2010-03-22 10:25:00,2010-06-13 13:49:00,2,664.2,280,544,83,332.1,1,2,3,123,Lost Customers
16133,2010-03-31 12:21:00,2011-12-06 11:24:00,56,22992.26,13653,4,614,410.58,5,5,5,555,Champions
16134,2010-06-17 09:48:00,2011-11-18 10:05:00,5,2145.34,1637,22,519,429.07,4,4,4,444,Champions
16135,2010-05-05 09:35:00,2011-03-22 12:30:00,2,819.45,395,263,321,409.72,2,2,3,223,Hibernating
16136,2010-02-14 12:49:00,2011-10-11 09:10:00,4,946.8,674,60,603,236.7,3,4,3,343,Loyal Customers
16137,2010-01-28 15:04:00,2010-01-28 15:04:00,1,422.7,210,680,0,422.7,1,1,2,112,Lost Customers
16138,2010-04-28 09:51:00,2010-11-26 12:13:00,3,910.35,774,379,212,303.45,2,3,3,233,Hibernating
16139,2009-12-03 13:51:00,2011-11-21 08:37:00,5,1111.15,602,19,717,222.23,5,4,3,543,Loyal Customers
16140,2010-09-24 12:03:00,2011-10-05 12:15:00,3,1557.6,1376,66,376,519.2,3,3,4,334,Big Spenders
16141,2010-10-18 14:12:00,2011-09-12 13:11:00,2,955.94,410,88,328,477.97,3,2,3,323,Need Attention
16142,2011-04-04 10:16:00,2011-04-04 10:16:00,1,535.34,422,250,0,535.34,2,1,2,212,Hibernating
16143,2009-12-10 09:44:00,2011-12-06 14:13:00,12,4910.83,2011,3,726,409.24,5,5,5,555,Champions
16144,2011-04-07 10:09:00,2011-04-07 10:09:00,1,175.2,16,247,0,175.2,2,1,1,211,Hibernating
16145,2010-05-04 13:31:00,2011-12-01 10:33:00,19,6805.44,5270,9,575,358.18,5,5,5,555,Champions
16146,2010-09-17 10:46:00,2011-07-05 14:20:00,4,946.38,544,157,291,236.6,3,4,3,343,Loyal Customers
16147,2010-02-05 12:26:00,2011-07-29 09:57:00,5,2398.91,1395,134,538,479.78,3,4,4,344,Loyal Customers
16148,2010-09-29 10:12:00,2011-02-16 14:01:00,2,386.62,250,296,140,193.31,2,2,2,222,Hibernating
16149,2010-10-06 15:54:00,2011-12-05 11:29:00,3,422.22,598,5,424,140.74,5,3,2,532,Potential Loyalists
16150,2009-12-17 15:33:00,2011-10-28 12:39:00,10,4395.59,2164,43,679,439.56,4,5,5,455,Champions
16152,2011-03-16 09:47:00,2011-03-16 09:47:00,1,1829.04,642,269,0,1829.04,2,1,4,214,Hibernating
16153,2010-05-26 12:41:00,2011-10-21 10:50:00,11,5133.49,3693,50,512,466.68,4,5,5,455,Champions
16155,2010-06-18 11:23:00,2010-11-23 12:03:00,5,796.9,495,382,158,159.38,2,4,3,243,At Risk
16156,2009-12-02 17:06:00,2011-12-01 12:42:00,20,6188.18,3205,9,728,309.41,5,5,5,555,Champions
16157,2011-09-28 11:48:00,2011-11-24 11:41:00,3,656.69,347,16,56,218.9,5,3,3,533,Potential Loyalists
16158,2009-12-05 15:00:00,2010-07-05 13:55:00,9,628.32,182,522,211,69.81,1,5,3,153,At Risk
16159,2009-12-03 11:51:00,2011-03-03 12:27:00,4,1232.79,635,282,455,308.2,2,4,3,243,At Risk
16160,2011-09-15 10:53:00,2011-10-05 14:19:00,2,1025.44,1162,65,20,512.72,3,2,3,323,Need Attention
16161,2010-02-08 11:06:00,2011-12-08 12:10:00,43,12744.26,6343,2,668,296.38,5,5,5,555,Champions
16162,2011-04-01 15:03:00,2011-04-01 15:03:00,1,37.4,4,252,0,37.4,2,1,1,211,Hibernating
16163,2009-12-02 10:00:00,2011-04-21 15:15:00,6,2849.58,768,232,505,474.93,2,4,4,244,At Risk
16164,2011-10-28 09:12:00,2011-11-22 15:04:00,3,822.48,433,17,25,274.16,5,3,3,533,Potential Loyalists
16165,2010-07-22 14:17:00,2010-07-22 14:17:00,1,79.9,2,505,0,79.9,1,1,1,111,Lost Customers
16166,2010-01-17 14:16:00,2010-10-07 15:44:00,2,435.83,173,428,263,217.92,1,2,2,122,Lost Customers
16167,2009-12-01 10:46:00,2010-10-21 15:33:00,5,1386.12,1494,414,324,277.22,1,4,4,144,At Risk
16168,2009-12-03 12:38:00,2011-11-29 12:45:00,66,10636.47,5099,11,726,161.16,5,5,5,555,Champions
16169,2011-09-25 11:33:00,2011-12-01 15:28:00,4,1822.97,1325,8,67,455.74,5,4,4,544,Champions
16170,2010-02-18 13:50:00,2011-10-20 08:21:00,20,6869.0,6056,51,608,343.45,4,5,5,455,Champions
16171,2011-10-11 14:51:00,2011-10-11 14:51:00,1,73.2,24,59,0,73.2,3,1,1,311,Need Attention
16172,2010-07-14 15:34:00,2011-09-05 13:22:00,8,1884.55,1419,95,417,235.57,3,5,4,354,Loyal Customers
16173,2011-09-02 15:23:00,2011-11-24 10:53:00,6,1418.32,575,16,82,236.39,5,4,4,544,Champions
16174,2010-04-15 15:12:00,2011-08-05 13:26:00,7,2246.75,1431,126,476,320.96,3,4,4,344,Loyal Customers
16175,2010-05-25 12:01:00,2011-09-06 14:32:00,7,1836.44,932,94,469,262.35,3,4,4,344,Loyal Customers
16176,2010-03-29 14:52:00,2010-10-14 13:54:00,4,2052.69,952,421,198,513.17,1,4,4,144,At Risk
16177,2010-03-02 14:03:00,2011-10-20 12:57:00,8,2247.31,1021,50,596,280.91,4,5,4,454,Champions
16178,2010-11-03 14:46:00,2011-07-24 16:05:00,2,612.6,304,138,263,306.3,3,2,2,322,Need Attention
16179,2011-10-10 09:41:00,2011-10-10 09:41:00,1,215.83,99,61,0,215.83,3,1,1,311,Need Attention
16180,2010-06-23 13:19:00,2011-08-31 16:28:00,13,16249.87,9813,100,434,1249.99,3,5,5,355,Loyal Customers
16181,2011-09-27 13:38:00,2011-09-27 13:38:00,1,305.54,152,73,0,305.54,3,1,2,312,Need Attention
16182,2010-03-09 09:34:00,2011-09-28 13:23:00,9,9971.65,5887,72,568,1107.96,3,5,5,355,Loyal Customers
16183,2010-10-28 14:43:00,2011-10-03 14:59:00,4,1077.81,351,67,340,269.45,3,4,3,343,Loyal Customers
16184,2011-05-12 13:33:00,2011-10-06 17:43:00,6,1158.79,561,64,147,193.13,3,4,3,343,Loyal Customers
16185,2010-05-24 11:04:00,2011-11-23 09:41:00,3,644.72,321,17,547,214.91,5,3,3,533,Potential Loyalists
16186,2009-12-09 15:36:00,2011-11-17 12:43:00,26,9026.11,6825,23,707,347.16,4,5,5,455,Champions
16187,2011-02-28 13:34:00,2011-11-08 09:50:00,15,6911.44,5048,32,252,460.76,4,5,5,455,Champions
16188,2010-10-27 11:50:00,2011-10-26 12:19:00,5,1087.66,838,45,364,217.53,4,4,3,443,Loyal Customers
16189,2011-09-15 15:21:00,2011-11-24 11:47:00,2,215.48,134,16,69,107.74,5,2,1,521,Potential Loyalists
16190,2009-12-14 11:59:00,2011-10-30 15:59:00,8,2723.55,1231,40,685,340.44,4,5,4,454,Champions
16191,2009-12-11 12:24:00,2011-12-07 11:26:00,24,15677.82,9348,3,725,653.24,5,5,5,555,Champions
16192,2009-12-04 12:28:00,2009-12-04 12:28:00,1,351.3,208,736,0,351.3,1,1,2,112,Lost Customers
16193,2010-10-25 10:25:00,2011-04-17 11:45:00,2,630.43,379,237,174,315.21,2,2,3,223,Hibernating
16194,2010-11-29 13:28:00,2010-11-29 13:28:00,1,308.6,140,375,0,308.6,2,1,2,212,Hibernating
16195,2009-12-16 14:09:00,2009-12-16 14:09:00,1,323.25,123,723,0,323.25,1,1,2,112,Lost Customers
16196,2010-08-08 11:40:00,2010-08-08 11:40:00,1,93.3,26,489,0,93.3,1,1,1,111,Lost Customers
16197,2009-12-16 11:44:00,2010-08-27 12:56:00,9,2016.71,1420,469,254,224.08,1,5,4,154,At Risk
16198,2010-09-28 13:59:00,2011-09-25 14:58:00,2,1030.04,384,75,362,515.02,3,2,3,323,Need Attention
16199,2010-03-18 18:47:00,2010-11-12 12:55:00,7,942.75,321,392,238,134.68,2,4,3,243,At Risk
16200,2009-12-02 15:04:00,2011-12-05 14:40:00,12,5608.1,3068,4,732,467.34,5,5,5,555,Champions
16201,2010-10-20 12:00:00,2011-12-06 16:02:00,5,2112.12,1421,3,412,422.42,5,4,4,544,Champions
16202,2009-12-02 10:48:00,2010-12-14 10:43:00,9,2501.99,1307,361,376,278.0,2,5,4,254,At Risk
16203,2010-07-23 13:09:00,2011-10-12 12:31:00,6,1114.54,607,59,445,185.76,3,4,3,343,Loyal Customers
16204,2009-12-08 17:44:00,2011-11-16 13:40:00,3,918.71,671,23,707,306.24,4,3,3,433,Potential Loyalists
16205,2010-06-15 11:58:00,2011-11-09 09:32:00,7,1820.11,1452,31,511,260.02,4,4,4,444,Champions
16206,2010-01-24 15:25:00,2011-10-16 10:41:00,13,2589.87,1379,55,629,199.22,4,5,4,454,Champions
16207,2011-11-14 13:51:00,2011-11-14 13:51:00,1,394.38,140,25,0,394.38,4,1,2,412,Need Attention
16208,2010-02-24 14:24:00,2011-10-26 11:36:00,10,3440.45,1541,45,608,344.04,4,5,5,455,Champions
16209,2010-06-11 11:58:00,2011-09-12 11:58:00,9,4146.78,1895,89,458,460.75,3,5,5,355,Loyal Customers
16210,2009-12-02 12:54:00,2011-12-08 12:36:00,35,38489.51,14263,2,735,1099.7,5,5,5,555,Champions
16211,2010-09-27 15:24:00,2011-09-12 12:11:00,3,1090.59,519,89,349,363.53,3,3,3,333,Need Attention
16212,2010-02-07 15:26:00,2011-11-20 13:00:00,4,1293.71,571,19,650,323.43,5,4,4,544,Champions
16213,2011-09-22 10:03:00,2011-09-22 10:03:00,1,159.0,48,79,0,159.0,3,1,1,311,Need Attention
16214,2010-09-30 13:57:00,2011-06-22 11:30:00,4,2038.25,1308,171,264,509.56,3,4,4,344,Loyal Customers
16215,2011-09-20 10:18:00,2011-09-20 10:18:00,1,242.35,104,81,0,242.35,3,1,1,311,Need Attention
16216,2011-03-17 15:34:00,2011-03-17 15:34:00,1,914.93,254,267,0,914.93,2,1,3,213,Hibernating
16217,2011-03-02 15:28:00,2011-04-18 13:31:00,2,304.25,91,235,46,152.12,2,2,2,222,Hibernating
16218,2010-05-27 16:09:00,2011-11-10 09:59:00,13,4439.97,3237,30,531,341.54,4,5,5,455,Champions
16219,2010-07-27 11:44:00,2010-07-27 11:44:00,1,40.8,48,501,0,40.8,1,1,1,111,Lost Customers
16221,2010-08-10 13:32:00,2011-11-03 11:43:00,9,2186.66,1501,37,449,242.96,4,5,4,454,Champions
16222,2009-12-18 14:31:00,2011-01-25 13:38:00,2,1272.05,463,318,402,636.02,2,2,4,224,Hibernating
16223,2010-11-09 12:07:00,2010-11-30 11:50:00,2,1087.05,643,375,20,543.52,2,2,3,223,Hibernating
16224,2010-11-17 13:14:00,2011-10-13 17:51:00,5,1616.54,1555,57,330,323.31,4,4,4,444,Champions
16225,2010-02-07 12:41:00,2011-10-26 08:30:00,15,2859.31,1281,45,625,190.62,4,5,4,454,Champions
16226,2010-10-22 11:19:00,2011-05-20 14:41:00,5,672.17,521,203,210,134.43,2,4,3,243,At Risk
16227,2010-06-22 13:28:00,2011-04-28 13:33:00,3,1027.22,436,225,310,342.41,2,3,3,233,Hibernating
16228,2010-11-04 18:54:00,2010-11-19 14:20:00,3,885.71,555,385,14,295.24,2,3,3,233,Hibernating
16229,2010-05-24 12:59:00,2011-09-13 17:16:00,6,2867.86,1292,87,477,477.98,3,4,4,344,Loyal Customers
16230,2011-05-03 15:12:00,2011-06-03 10:06:00,2,542.03,365,190,30,271.02,2,2,2,222,Hibernating
16231,2010-04-21 12:06:00,2010-11-25 15:00:00,4,1074.47,563,379,218,268.62,2,4,3,243,At Risk
16232,2010-06-07 14:04:00,2011-10-27 12:16:00,7,2712.97,1849,44,506,387.57,4,4,4,444,Champions
16233,2009-12-02 13:23:00,2011-09-29 17:27:00,9,1965.71,689,71,666,218.41,3,5,4,354,Loyal Customers
16234,2010-05-27 10:39:00,2010-08-20 14:33:00,3,333.18,170,476,85,111.06,1,3,2,132,Hibernating
16235,2010-08-26 12:10:00,2011-10-30 10:56:00,9,2053.71,788,41,429,228.19,4,5,4,454,Champions
16236,2011-09-22 14:10:00,2011-09-22 14:10:00,1,432.2,184,78,0,432.2,3,1,2,312,Need Attention
16237,2010-09-28 17:02:00,2010-09-28 17:02:00,1,136.65,57,437,0,136.65,1,1,1,111,Lost Customers
16238,2010-10-13 12:36:00,2010-10-13 12:36:00,1,63.66,85,423,0,63.66,1,1,1,111,Lost Customers
16239,2010-09-02 19:17:00,2011-10-14 08:29:00,6,1492.2,692,57,406,248.7,4,4,4,444,Champions
16240,2011-09-23 13:44:00,2011-11-15 14:30:00,2,3718.8,1641,24,53,1859.4,4,2,5,425,Potential Loyalists
16241,2010-10-25 13:40:00,2011-11-30 11:08:00,16,4270.51,2355,10,400,266.91,5,5,5,555,Champions
16242,2010-03-15 16:02:00,2011-12-01 15:12:00,14,7404.65,3921,8,625,528.9,5,5,5,555,Champions
16243,2011-10-16 12:09:00,2011-11-06 12:32:00,2,409.1,110,34,21,204.55,4,2,2,422,Potential Loyalists
16244,2010-12-02 11:41:00,2011-05-12 10:18:00,2,2579.38,1474,212,160,1289.69,2,2,4,224,Hibernating
16245,2011-03-28 09:30:00,2011-11-16 10:14:00,3,1413.66,1014,24,233,471.22,4,3,4,434,Potential Loyalists
16246,2010-02-08 12:32:00,2010-09-06 12:04:00,2,821.35,336,460,209,410.68,1,2,3,123,Lost Customers
16247,2011-06-22 14:23:00,2011-06-22 14:23:00,1,114.56,182,170,0,114.56,3,1,1,311,Need Attention
16248,2011-10-09 11:32:00,2011-10-09 11:32:00,1,152.94,78,62,0,152.94,3,1,1,311,Need Attention
16249,2011-04-14 13:50:00,2011-10-18 10:07:00,5,1800.07,950,53,186,360.01,4,4,4,444,Champions
16250,2010-11-18 10:43:00,2011-03-23 15:07:00,3,791.38,376,261,125,263.79,2,3,3,233,Hibernating
16251,2010-07-15 14:55:00,2010-07-15 14:55:00,1,128.31,44,512,0,128.31,1,1,1,111,Lost Customers
16252,2010-11-22 11:57:00,2010-11-22 11:57:00,1,295.09,158,383,0,295.09,2,1,2,212,Hibernating
16253,2009-12-08 17:24:00,2011-10-04 09:09:00,7,7272.2,6030,67,664,1038.89,3,4,5,345,Loyal Customers
16254,2010-03-17 15:43:00,2010-11-26 13:22:00,3,967.44,543,378,253,322.48,2,3,3,233,Hibernating
16255,2010-01-24 12:21:00,2011-11-23 12:40:00,15,4904.25,3049,17,668,326.95,5,5,5,555,Champions
16256,2010-04-21 10:34:00,2011-03-18 12:18:00,3,1629.37,1590,267,331,543.12,2,3,4,234,Hibernating
16257,2011-06-16 10:11:00,2011-06-16 10:11:00,1,46.95,2,177,0,46.95,3,1,1,311,Need Attention
16258,2010-03-10 14:19:00,2011-10-25 13:30:00,15,11942.52,7200,45,593,796.17,4,5,5,455,Champions
16259,2010-04-13 16:57:00,2010-10-25 14:27:00,3,340.94,143,410,194,113.65,2,3,2,232,Hibernating
16260,2011-10-20 09:40:00,2011-10-20 09:40:00,1,1035.45,311,51,0,1035.45,4,1,3,413,Need Attention
16261,2010-09-23 16:40:00,2011-11-22 17:23:00,6,1041.16,454,17,425,173.53,5,4,3,543,Loyal Customers
16262,2010-11-26 13:22:00,2010-11-26 13:22:00,1,755.15,446,378,0,755.15,2,1,3,213,Hibernating
16263,2010-10-12 14:52:00,2010-10-12 14:52:00,1,348.16,197,423,0,348.16,1,1,2,112,Lost Customers
16264,2010-09-19 16:14:00,2010-09-27 15:00:00,2,823.53,616,438,7,411.76,1,2,3,123,Lost Customers
16265,2010-10-28 15:18:00,2011-11-30 16:41:00,12,6935.17,3214,9,398,577.93,5,5,5,555,Champions
16266,2010-02-04 16:21:00,2011-09-27 12:08:00,14,1757.95,791,74,599,125.57,3,5,4,354,Loyal Customers
16267,2010-04-27 14:10:00,2010-04-27 14:10:00,1,186.66,198,591,0,186.66,1,1,1,111,Lost Customers
16268,2011-09-29 18:30:00,2011-09-29 18:30:00,2,667.65,533,71,0,333.82,3,2,3,323,Need Attention
16269,2010-09-28 11:50:00,2010-09-28 11:50:00,1,717.57,579,438,0,717.57,1,1,3,113,Lost Customers
16270,2010-12-21 14:26:00,2010-12-21 14:26:00,1,1141.24,688,353,0,1141.24,2,1,3,213,Hibernating
16271,2010-03-07 12:03:00,2011-12-07 12:45:00,10,3397.82,2359,3,640,339.78,5,5,5,555,Champions
16272,2011-08-15 10:53:00,2011-08-15 10:54:00,1,411.7,224,117,0,411.7,3,1,2,312,Need Attention
16273,2010-02-21 16:02:00,2010-03-01 13:24:00,2,318.34,40,648,7,159.17,1,2,2,122,Lost Customers
16274,2010-12-01 15:35:00,2010-12-01 15:35:00,1,703.5,306,373,0,703.5,2,1,3,213,Hibernating
16275,2010-03-08 14:41:00,2011-05-27 12:41:00,3,2151.11,1268,197,444,717.04,2,3,4,234,Hibernating
16276,2010-04-11 12:02:00,2011-06-16 09:34:00,3,2629.39,1467,177,430,876.46,3,3,4,334,Big Spenders
16277,2009-12-06 11:27:00,2009-12-06 11:27:00,1,188.69,33,734,0,188.69,1,1,1,111,Lost Customers
16278,2010-07-28 15:40:00,2011-08-31 17:12:00,3,1117.84,342,100,399,372.61,3,3,3,333,Need Attention
16279,2010-04-22 14:09:00,2011-11-18 15:00:00,9,5698.28,3683,21,575,633.14,4,5,5,455,Champions
16280,2009-12-14 15:49:00,2009-12-14 15:49:00,1,238.05,101,725,0,238.05,1,1,1,111,Lost Customers
16281,2010-01-26 13:41:00,2011-09-28 14:57:00,3,3424.02,1570,72,610,1141.34,3,3,5,335,Big Spenders
16282,2009-12-21 11:52:00,2011-01-04 11:42:00,3,1307.58,790,340,378,435.86,2,3,4,234,Hibernating
16283,2010-02-28 14:12:00,2011-12-04 12:08:00,8,4350.32,2867,6,643,543.79,5,5,5,555,Champions
16284,2010-11-11 13:27:00,2011-11-08 16:12:00,3,1018.48,674,31,362,339.49,4,3,3,433,Potential Loyalists
16285,2010-03-03 16:03:00,2010-03-03 16:03:00,1,176.9,60,646,0,176.9,1,1,1,111,Lost Customers
16286,2010-03-26 09:58:00,2010-08-19 14:48:00,2,328.95,101,477,146,164.48,1,2,2,122,Lost Customers
16287,2010-01-19 09:46:00,2011-06-23 09:08:00,5,1006.98,1426,170,519,201.4,3,4,3,343,Loyal Customers
16288,2010-08-26 14:45:00,2010-08-26 14:45:00,1,129.85,19,470,0,129.85,1,1,1,111,Lost Customers
16289,2010-09-03 14:02:00,2010-09-03 14:02:00,1,136.31,97,462,0,136.31,1,1,1,111,Lost Customers
16290,2010-05-23 11:46:00,2010-09-01 11:52:00,4,1957.7,957,465,101,489.42,1,4,4,144,At Risk
16291,2010-01-26 16:26:00,2010-01-26 16:26:00,1,117.72,1,682,0,117.72,1,1,1,111,Lost Customers
16292,2010-04-14 13:29:00,2011-08-10 12:24:00,5,1253.76,688,122,482,250.75,3,4,4,344,Loyal Customers
16293,2009-12-11 09:58:00,2011-11-18 09:58:00,15,4657.95,2022,22,707,310.53,4,5,5,455,Champions
16294,2010-08-20 12:01:00,2010-08-20 12:01:00,1,126.05,54,477,0,126.05,1,1,1,111,Lost Customers
16295,2011-10-06 10:45:00,2011-11-30 08:17:00,4,1328.55,841,10,54,332.14,5,4,4,544,Champions
16296,2009-12-18 12:03:00,2010-03-23 13:11:00,4,1313.67,645,626,95,328.42,1,4,4,144,At Risk
16297,2011-03-16 08:29:00,2011-03-16 08:29:00,1,301.9,206,269,0,301.9,2,1,2,212,Hibernating
16298,2010-09-23 15:23:00,2011-11-17 11:59:00,7,1085.7,308,23,419,155.1,4,4,3,443,Loyal Customers
16299,2010-08-19 17:46:00,2010-08-19 17:46:00,1,193.65,107,477,0,193.65,1,1,1,111,Lost Customers
16300,2010-02-02 11:40:00,2010-10-05 13:14:00,3,1367.32,643,430,245,455.77,1,3,4,134,Hibernating
16301,2009-12-03 10:20:00,2009-12-03 10:20:00,1,107.33,41,737,0,107.33,1,1,1,111,Lost Customers
16302,2011-08-05 09:44:00,2011-08-05 09:44:00,1,233.22,158,127,0,233.22,3,1,1,311,Need Attention
16303,2010-03-18 14:12:00,2011-11-14 10:49:00,7,7928.27,3859,26,605,1132.61,4,4,5,445,Champions
16304,2010-01-14 08:30:00,2010-01-14 08:30:00,1,381.66,228,695,0,381.66,1,1,2,112,Lost Customers
16305,2011-07-24 12:18:00,2011-07-24 12:18:00,1,361.22,256,139,0,361.22,3,1,2,312,Need Attention
16306,2010-10-01 09:36:00,2011-05-10 12:12:00,7,1192.82,742,214,221,170.4,2,4,3,243,At Risk
16307,2010-05-11 14:40:00,2010-10-06 14:31:00,3,1194.92,1123,429,147,398.31,1,3,3,133,Hibernating
16308,2009-12-15 15:48:00,2011-11-02 11:24:00,7,5120.0,16000,38,686,731.43,4,4,5,445,Champions
16309,2011-04-13 11:46:00,2011-08-25 15:35:00,2,706.57,467,106,134,353.28,3,2,3,323,Need Attention
16310,2010-03-07 15:41:00,2010-10-21 14:47:00,2,460.08,270,414,227,230.04,1,2,2,122,Lost Customers
16311,2011-10-21 13:13:00,2011-11-22 08:54:00,2,616.26,394,18,31,308.13,5,2,3,523,Potential Loyalists
16312,2010-10-03 14:15:00,2010-10-03 14:15:00,1,171.15,53,432,0,171.15,1,1,1,111,Lost Customers
16313,2011-10-21 09:04:00,2011-12-06 13:02:00,2,274.15,165,3,46,137.07,5,2,1,521,Potential Loyalists
16314,2010-08-24 11:52:00,2010-11-15 12:06:00,3,1491.4,636,390,83,497.13,2,3,4,234,Hibernating
16315,2010-06-21 13:53:00,2011-01-13 11:57:00,2,402.71,143,331,205,201.36,2,2,2,222,Hibernating
16316,2010-08-03 14:38:00,2011-10-06 13:48:00,13,5744.91,3057,64,428,441.92,3,5,5,355,Loyal Customers
16317,2010-05-04 10:17:00,2011-08-12 12:46:00,5,2192.51,1236,120,465,438.5,3,4,4,344,Loyal Customers
16318,2011-11-04 13:05:00,2011-11-04 13:05:00,1,328.15,199,35,0,328.15,4,1,2,412,Need Attention
16319,2011-05-06 11:27:00,2011-05-06 11:27:00,1,404.4,72,218,0,404.4,2,1,2,212,Hibernating
16320,2010-01-27 13:29:00,2011-06-20 15:25:00,6,5628.99,3319,172,509,938.16,3,4,5,345,Loyal Customers
16321,2009-12-01 10:36:00,2011-09-28 14:55:00,7,604.55,259,72,666,86.36,3,4,2,342,Loyal Customers
16322,2011-11-03 14:33:00,2011-12-08 15:41:00,2,326.75,231,1,35,163.38,5,2,2,522,Potential Loyalists
16323,2010-05-11 09:48:00,2011-05-27 14:48:00,2,353.66,146,196,381,176.83,2,2,2,222,Hibernating
16324,2011-06-15 14:26:00,2011-08-03 12:58:00,3,408.59,270,128,48,136.2,3,3,2,332,Need Attention
16325,2009-12-04 13:21:00,2011-10-24 08:48:00,12,3597.5,2464,47,688,299.79,4,5,5,455,Champions
16326,2010-01-28 13:23:00,2011-12-04 10:11:00,24,4721.25,1083,6,674,196.72,5,5,5,555,Champions
16327,2009-12-14 13:06:00,2011-11-25 13:23:00,16,10695.24,8516,14,711,668.45,5,5,5,555,Champions
16328,2010-05-25 14:02:00,2010-05-25 14:02:00,1,310.83,141,563,0,310.83,1,1,2,112,Lost Customers
16329,2009-12-01 11:34:00,2010-10-08 12:44:00,4,1664.92,797,428,311,416.23,1,4,4,144,At Risk
16330,2010-02-15 12:36:00,2011-11-22 12:24:00,7,625.38,326,18,644,89.34,5,4,3,543,Loyal Customers
16331,2010-03-07 10:55:00,2010-10-03 13:47:00,6,2037.7,756,432,210,339.62,1,4,4,144,At Risk
16332,2010-04-29 13:41:00,2011-11-11 14:22:00,11,2000.01,1128,28,561,181.82,4,5,4,454,Champions
16333,2011-02-03 10:50:00,2011-12-02 12:19:00,22,26626.8,32184,8,302,1210.31,5,5,5,555,Champions
16334,2010-08-04 16:38:00,2010-08-04 16:38:00,1,263.73,206,492,0,263.73,1,1,1,111,Lost Customers
16335,2009-12-04 10:18:00,2010-06-06 11:35:00,7,2753.52,1004,552,184,393.36,1,4,4,144,At Risk
16336,2010-03-18 08:05:00,2010-10-15 12:32:00,4,3517.69,1473,421,211,879.42,1,4,5,145,At Risk
16337,2011-11-03 10:03:00,2011-11-03 10:03:00,1,151.05,87,37,0,151.05,4,1,1,411,Need Attention
16338,2011-07-05 13:56:00,2011-07-05 13:56:00,1,214.8,94,157,0,214.8,3,1,1,311,Need Attention
16339,2011-02-28 13:41:00,2011-02-28 13:41:00,1,94.05,21,284,0,94.05,2,1,1,211,Hibernating
16340,2010-06-06 13:26:00,2011-08-24 14:53:00,3,1496.24,1319,107,444,498.75,3,3,4,334,Big Spenders
16341,2010-04-09 10:30:00,2011-11-15 09:12:00,7,3850.79,3022,25,584,550.11,4,4,5,445,Champions
16342,2011-06-13 10:10:00,2011-09-25 14:36:00,4,322.41,157,75,104,80.6,3,4,2,342,Loyal Customers
16343,2010-10-28 14:15:00,2011-11-23 17:45:00,3,614.12,345,16,391,204.71,5,3,2,532,Potential Loyalists
16344,2010-02-09 12:16:00,2011-07-04 15:50:00,4,842.42,706,158,510,210.6,3,4,3,343,Loyal Customers
16345,2010-08-13 17:13:00,2011-10-26 16:03:00,2,1178.79,611,44,438,589.4,4,2,3,423,Potential Loyalists
16346,2010-11-19 15:55:00,2010-11-19 15:55:00,1,224.51,289,385,0,224.51,2,1,1,211,Hibernating
16347,2010-03-12 12:41:00,2011-11-28 13:14:00,11,3442.96,1715,11,626,313.0,5,5,5,555,Champions
16348,2010-10-05 13:57:00,2011-11-07 15:44:00,8,1744.42,1164,32,398,218.05,4,5,4,454,Champions
16349,2011-02-22 12:40:00,2011-02-22 12:40:00,1,53.5,9,291,0,53.5,2,1,1,211,Hibernating
16350,2010-10-07 16:33:00,2011-11-18 15:53:00,9,2253.89,1077,21,406,250.43,4,5,4,454,Champions
16351,2009-12-04 16:12:00,2011-01-11 10:26:00,13,3330.03,2165,333,402,256.16,2,5,5,255,At Risk
16352,2011-11-02 08:44:00,2011-11-22 10:32:00,2,494.44,300,18,20,247.22,5,2,2,522,Potential Loyalists
16353,2009-12-07 13:55:00,2011-12-06 12:23:00,38,9999.46,3531,4,728,263.14,5,5,5,555,Champions
16354,2010-04-27 13:33:00,2011-10-07 14:28:00,5,1119.46,592,63,528,223.89,3,4,3,343,Loyal Customers
16355,2010-11-29 14:21:00,2010-11-29 14:21:00,1,416.35,179,375,0,416.35,2,1,2,212,Hibernating
16356,2010-06-06 11:26:00,2011-05-26 11:51:00,6,415.87,190,198,354,69.31,2,4,2,242,At Risk
16357,2010-11-23 18:52:00,2011-11-06 16:04:00,4,868.37,389,33,347,217.09,4,4,3,443,Loyal Customers
16358,2010-11-10 11:36:00,2011-12-08 15:09:00,5,2919.65,2065,1,393,583.93,5,4,4,544,Champions
16359,2010-02-16 10:39:00,2011-12-02 17:04:00,16,2697.75,1764,7,654,168.61,5,5,4,554,Champions
16360,2011-09-12 13:50:00,2011-12-05 12:16:00,6,3450.41,2110,5,83,575.07,5,4,5,545,Champions
16361,2011-09-29 13:13:00,2011-11-30 12:32:00,4,891.21,418,10,61,222.8,5,4,3,543,Loyal Customers
16362,2010-09-28 09:24:00,2011-11-07 13:01:00,6,922.16,467,32,405,153.69,4,4,3,443,Loyal Customers
16363,2011-10-17 14:14:00,2011-10-17 14:14:00,1,109.36,52,53,0,109.36,4,1,1,411,Need Attention
16364,2011-07-25 14:35:00,2011-11-28 11:27:00,2,705.79,279,12,125,352.9,5,2,3,523,Potential Loyalists
16365,2009-12-11 12:41:00,2011-11-22 11:24:00,15,3307.2,1135,18,710,220.48,5,5,5,555,Champions
16366,2009-12-16 10:39:00,2011-11-21 08:19:00,4,1548.13,882,19,704,387.03,5,4,4,544,Champions
16367,2010-11-21 13:23:00,2011-11-02 13:13:00,3,1350.48,1103,37,345,450.16,4,3,4,434,Potential Loyalists
16368,2010-09-30 11:30:00,2011-12-07 13:12:00,3,621.44,307,2,433,207.15,5,3,3,533,Potential Loyalists
16369,2010-04-07 16:52:00,2011-11-21 16:25:00,7,2656.56,1589,18,592,379.51,5,4,4,544,Champions
16370,2011-04-28 16:40:00,2011-09-18 15:55:00,4,1301.91,640,82,142,325.48,3,4,4,344,Loyal Customers
16371,2010-09-17 12:09:00,2010-09-17 12:09:00,1,157.2,108,449,0,157.2,1,1,1,111,Lost Customers
16372,2010-04-11 15:20:00,2011-11-06 13:08:00,5,1290.31,722,33,573,258.06,4,4,4,444,Champions
16373,2010-10-24 13:10:00,2010-11-22 15:50:00,2,309.49,119,382,29,154.74,2,2,2,222,Hibernating
16374,2010-04-30 13:10:00,2011-10-04 15:21:00,5,1723.4,771,66,522,344.68,3,4,4,344,Loyal Customers
16375,2010-08-26 14:12:00,2010-08-26 14:25:00,2,104.0,74,470,0,52.0,1,2,1,121,Lost Customers
16376,2011-11-22 16:47:00,2011-12-01 11:38:00,2,974.96,691,9,8,487.48,5,2,3,523,Potential Loyalists
16377,2010-04-01 10:36:00,2011-03-17 15:41:00,2,1308.48,2928,267,350,654.24,2,2,4,224,Hibernating
16378,2011-02-02 12:42:00,2011-04-06 15:07:00,3,362.95,267,247,63,120.98,2,3,2,232,Hibernating
16379,2011-09-22 09:33:00,2011-12-05 15:38:00,4,2157.4,1410,4,74,539.35,5,4,4,544,Champions
16380,2011-10-09 15:40:00,2011-10-09 15:40:00,1,1743.15,1428,61,0,1743.15,3,1,4,314,Need Attention
16381,2010-10-17 13:06:00,2010-11-09 09:56:00,2,247.85,108,396,22,123.92,2,2,1,221,Hibernating
16382,2010-06-07 12:42:00,2010-10-27 16:23:00,2,353.1,167,408,142,176.55,2,2,2,222,Hibernating
16383,2010-02-04 13:18:00,2011-09-26 12:45:00,7,2896.69,1596,75,598,413.81,3,4,4,344,Loyal Customers
16384,2010-04-28 14:01:00,2011-09-11 11:19:00,4,1358.95,861,90,500,339.74,3,4,4,344,Loyal Customers
16385,2010-03-18 12:45:00,2011-10-10 13:12:00,5,1028.55,543,60,571,205.71,3,4,3,343,Loyal Customers
16386,2010-11-17 11:19:00,2011-11-11 12:28:00,3,1068.16,700,29,359,356.05,4,3,3,433,Potential Loyalists
16387,2010-03-11 12:22:00,2011-01-21 11:34:00,5,882.46,448,323,315,176.49,2,4,3,243,At Risk
16388,2010-02-24 10:20:00,2010-02-24 10:20:00,1,186.05,83,654,0,186.05,1,1,1,111,Lost Customers
16389,2011-03-01 15:47:00,2011-10-17 14:41:00,4,1382.07,1242,53,229,345.52,4,4,4,444,Champions
16390,2010-01-29 15:25:00,2010-06-21 10:11:00,3,467.5,122,537,142,155.83,1,3,2,132,Hibernating
16391,2010-05-27 11:27:00,2010-11-04 12:27:00,4,1052.26,715,401,161,263.06,2,4,3,243,At Risk
16392,2010-05-27 11:17:00,2011-03-15 12:11:00,3,756.7,604,270,292,252.23,2,3,3,233,Hibernating
16393,2009-12-01 12:13:00,2011-12-07 12:51:00,23,5482.57,3087,2,736,238.37,5,5,5,555,Champions
16394,2011-02-23 10:58:00,2011-10-14 09:48:00,5,1555.34,2604,57,232,311.07,4,4,4,444,Champions
16395,2009-12-06 12:26:00,2011-10-10 12:50:00,14,3518.41,2901,61,673,251.32,3,5,5,355,Loyal Customers
16396,2010-08-20 14:17:00,2010-08-20 14:17:00,1,137.8,80,476,0,137.8,1,1,1,111,Lost Customers
16397,2010-03-21 15:36:00,2010-03-21 15:36:00,1,123.13,43,628,0,123.13,1,1,1,111,Lost Customers
16398,2011-03-31 09:38:00,2011-07-08 15:16:00,2,1705.8,758,154,99,852.9,3,2,4,324,Big Spenders
16399,2010-11-15 15:03:00,2011-11-20 16:12:00,3,630.22,452,19,370,210.07,5,3,3,533,Potential Loyalists
16400,2009-12-08 12:38:00,2011-09-06 12:27:00,9,3059.85,2066,95,636,339.98,3,5,5,355,Loyal Customers
16401,2010-06-02 13:13:00,2011-12-08 18:15:00,23,6849.15,6035,1,554,297.79,5,5,5,555,Champions
16402,2010-12-05 13:42:00,2011-03-20 12:25:00,2,499.1,248,265,104,249.55,2,2,2,222,Hibernating
16403,2011-01-31 13:39:00,2011-01-31 13:39:00,1,177.5,114,312,0,177.5,2,1,1,211,Hibernating
16404,2011-09-30 14:55:00,2011-09-30 14:55:00,1,443.05,157,70,0,443.05,3,1,2,312,Need Attention
16405,2011-02-02 17:08:00,2011-02-10 15:24:00,2,167.25,187,302,7,83.62,2,2,1,221,Hibernating
16406,2010-02-24 11:51:00,2011-11-21 11:57:00,3,528.36,257,19,635,176.12,5,3,2,532,Potential Loyalists
16407,2010-10-03 13:56:00,2011-11-27 11:05:00,14,2761.65,1448,13,419,197.26,5,5,4,554,Champions
16408,2010-04-27 14:08:00,2010-04-27 14:08:00,1,231.93,227,591,0,231.93,1,1,1,111,Lost Customers
16409,2009-12-13 15:38:00,2011-11-03 16:45:00,12,5652.74,3664,36,690,471.06,4,5,5,455,Champions
16410,2009-12-05 14:51:00,2009-12-05 14:51:00,1,130.32,348,734,0,130.32,1,1,1,111,Lost Customers
16411,2010-10-07 15:09:00,2011-11-20 13:23:00,4,884.94,530,19,408,221.24,5,4,3,543,Loyal Customers
16412,2010-02-04 13:46:00,2011-10-17 12:35:00,5,593.19,288,54,619,118.64,4,4,2,442,Loyal Customers
16413,2010-11-29 12:49:00,2011-10-14 12:08:00,2,522.03,283,57,318,261.02,4,2,2,422,Potential Loyalists
16414,2010-01-14 10:21:00,2011-11-18 09:42:00,5,551.21,201,22,672,110.24,4,4,2,442,Loyal Customers
16415,2010-02-01 12:30:00,2011-10-26 13:35:00,3,696.76,508,44,632,232.25,4,3,3,433,Potential Loyalists
16416,2010-02-23 12:00:00,2011-11-13 12:50:00,9,2957.88,2198,27,628,328.65,4,5,5,455,Champions
16417,2010-08-04 09:08:00,2010-08-04 09:08:00,1,35.7,6,493,0,35.7,1,1,1,111,Lost Customers
16418,2010-10-13 12:31:00,2011-10-26 12:39:00,5,1028.74,564,45,378,205.75,4,4,3,443,Loyal Customers
16419,2010-02-09 13:26:00,2011-08-19 12:33:00,8,1463.7,701,113,555,182.96,3,5,4,354,Loyal Customers
16420,2010-11-08 15:15:00,2010-11-08 15:15:00,1,75.0,120,396,0,75.0,2,1,1,211,Hibernating
16421,2010-08-27 12:02:00,2010-11-28 13:31:00,3,526.27,123,376,93,175.42,2,3,2,232,Hibernating
16422,2010-01-12 11:57:00,2011-11-22 14:00:00,109,63589.07,66273,17,679,583.39,5,5,5,555,Champions
16423,2011-11-15 09:21:00,2011-11-15 09:21:00,1,346.12,230,25,0,346.12,4,1,2,412,Need Attention
16424,2010-11-22 11:24:00,2011-06-01 13:40:00,2,443.06,212,191,191,221.53,2,2,2,222,Hibernating
16425,2011-02-10 14:30:00,2011-02-10 14:30:00,1,302.7,199,302,0,302.7,2,1,2,212,Hibernating
16426,2011-03-08 15:45:00,2011-12-07 14:01:00,10,1863.76,1215,2,273,186.38,5,5,4,554,Champions
16427,2011-02-28 15:18:00,2011-03-21 17:10:00,2,241.06,156,263,21,120.53,2,2,1,221,Hibernating
16428,2010-07-30 12:10:00,2010-10-22 12:22:00,3,638.49,575,414,84,212.83,1,3,3,133,Hibernating
16429,2011-08-25 13:54:00,2011-08-25 13:54:00,1,284.55,9,106,0,284.55,3,1,1,311,Need Attention
16430,2010-01-27 12:45:00,2011-10-13 14:47:00,7,1117.94,307,57,624,159.71,4,4,3,443,Loyal Customers
16431,2011-02-15 14:02:00,2011-05-10 14:09:00,3,623.28,442,213,84,207.76,2,3,3,233,Hibernating
16432,2011-10-06 13:59:00,2011-10-06 13:59:00,1,287.4,276,64,0,287.4,3,1,1,311,Need Attention
16433,2010-10-27 12:26:00,2011-11-11 14:09:00,2,384.52,214,28,380,192.26,4,2,2,422,Potential Loyalists
16434,2010-01-17 14:51:00,2011-11-10 14:28:00,12,2673.69,1310,29,661,222.81,4,5,4,454,Champions
16435,2010-07-13 13:29:00,2010-07-15 18:22:00,3,1003.07,608,512,2,334.36,1,3,3,133,Hibernating
16436,2009-12-06 16:02:00,2010-02-09 13:19:00,3,319.14,227,668,64,106.38,1,3,2,132,Hibernating
16437,2010-10-06 12:34:00,2010-11-23 16:59:00,2,301.25,197,381,48,150.62,2,2,2,222,Hibernating
16438,2011-09-18 13:31:00,2011-12-04 10:51:00,5,798.35,463,6,76,159.67,5,4,3,543,Loyal Customers
16439,2009-12-17 14:22:00,2009-12-17 14:22:00,1,310.7,74,722,0,310.7,1,1,2,112,Lost Customers
16440,2010-08-03 11:32:00,2011-12-02 12:02:00,6,3856.97,2108,8,486,642.83,5,4,5,545,Champions
16441,2010-03-22 18:00:00,2011-10-03 17:48:00,5,1019.13,478,67,559,203.83,3,4,3,343,Loyal Customers
16442,2009-12-13 11:05:00,2011-12-08 11:43:00,5,891.98,580,2,725,178.4,5,4,3,543,Loyal Customers
16443,2010-07-07 11:57:00,2010-07-07 11:57:00,1,162.24,96,521,0,162.24,1,1,1,111,Lost Customers
16444,2010-03-24 14:06:00,2011-10-24 13:50:00,17,3625.88,1945,46,578,213.29,4,5,5,455,Champions
16445,2010-10-24 12:39:00,2011-11-06 12:32:00,4,583.16,287,34,377,145.79,4,4,2,442,Loyal Customers
16446,2011-05-18 09:52:00,2011-12-09 09:15:00,2,168472.5,80997,1,204,84236.25,5,2,5,525,Potential Loyalists
16447,2010-02-17 14:09:00,2011-07-27 12:45:00,3,727.1,315,136,524,242.37,3,3,3,333,Need Attention
16448,2010-08-25 16:58:00,2011-05-25 16:28:00,2,361.12,176,198,272,180.56,2,2,2,222,Hibernating
16449,2011-03-04 12:15:00,2011-05-26 10:25:00,2,707.69,367,198,82,353.84,2,2,3,223,Hibernating
16450,2010-02-21 15:46:00,2011-07-13 11:47:00,3,1505.73,681,150,506,501.91,3,3,4,334,Big Spenders
16451,2009-12-04 15:11:00,2011-09-13 09:17:00,3,1013.15,524,88,647,337.72,3,3,3,333,Need Attention
16452,2010-01-15 12:22:00,2010-03-19 12:39:00,2,332.17,199,631,63,166.08,1,2,2,122,Lost Customers
16453,2010-06-09 13:15:00,2010-06-27 12:46:00,2,251.71,139,531,17,125.86,1,2,1,121,Lost Customers
16454,2010-04-07 15:54:00,2011-10-26 11:40:00,4,30.95,9,45,566,7.74,4,4,1,441,Loyal Customers
16455,2010-03-30 10:31:00,2011-10-07 12:17:00,11,4376.87,3101,64,556,397.9,3,5,5,355,Loyal Customers
16456,2010-03-29 11:16:00,2011-09-01 13:50:00,13,6788.34,3688,99,521,522.18,3,5,5,355,Loyal Customers
16457,2011-05-05 13:19:00,2011-05-05 13:19:00,1,208.36,140,218,0,208.36,2,1,1,211,Hibernating
16458,2010-05-26 14:38:00,2011-12-07 09:34:00,30,5690.89,3395,3,559,189.7,5,5,5,555,Champions
16459,2009-12-10 12:42:00,2009-12-10 12:42:00,1,71.79,59,730,0,71.79,1,1,1,111,Lost Customers
16460,2011-09-19 10:15:00,2011-11-11 13:46:00,3,811.23,876,28,53,270.41,4,3,3,433,Potential Loyalists
16461,2010-03-03 13:57:00,2011-06-15 12:07:00,3,1545.83,933,178,468,515.28,3,3,4,334,Big Spenders
16462,2011-03-01 08:58:00,2011-09-27 10:24:00,3,136.0,16,74,210,45.33,3,3,1,331,Need Attention
16463,2011-05-19 14:45:00,2011-11-18 14:01:00,4,1422.4,1163,21,182,355.6,4,4,4,444,Champions
16464,2011-07-20 13:53:00,2011-11-20 12:11:00,3,1298.66,952,20,122,432.89,4,3,4,434,Potential Loyalists
16465,2010-09-21 10:46:00,2010-10-15 09:27:00,2,746.24,504,421,23,373.12,1,2,3,123,Lost Customers
16466,2010-03-07 14:31:00,2011-11-06 11:35:00,15,3767.09,1777,34,608,251.14,4,5,5,455,Champions
16467,2009-12-02 11:59:00,2010-07-19 11:49:00,7,2869.16,7384,509,228,409.88,1,4,4,144,At Risk
16468,2010-08-15 13:10:00,2011-09-26 14:13:00,3,787.52,371,74,407,262.51,3,3,3,333,Need Attention
16469,2010-07-13 13:17:00,2011-11-16 12:25:00,5,803.9,332,24,490,160.78,4,4,3,443,Loyal Customers
16470,2009-12-11 12:21:00,2011-10-19 12:11:00,11,2416.85,1335,52,676,219.71,4,5,4,454,Champions
16471,2010-02-25 10:07:00,2011-03-10 09:41:00,4,1189.98,670,275,377,297.5,2,4,3,243,At Risk
16472,2010-04-21 11:48:00,2010-10-01 13:56:00,2,789.6,252,434,163,394.8,1,2,3,123,Lost Customers
16473,2010-11-30 16:29:00,2011-06-28 09:10:00,4,470.83,296,165,209,117.71,3,4,2,342,Loyal Customers
16474,2011-07-17 14:51:00,2011-12-02 13:02:00,7,1810.65,909,7,137,258.66,5,4,4,544,Champions
16475,2011-03-11 09:39:00,2011-09-12 14:37:00,4,544.3,319,88,185,136.07,3,4,2,342,Loyal Customers
16476,2010-10-04 10:29:00,2010-10-04 10:29:00,1,350.35,187,432,0,350.35,1,1,2,112,Lost Customers
16477,2010-08-12 09:43:00,2011-10-07 09:44:00,11,4320.02,2632,64,421,392.73,3,5,5,355,Loyal Customers
16478,2011-10-05 12:02:00,2011-11-14 15:51:00,3,331.0,224,25,40,110.33,4,3,2,432,Potential Loyalists
16479,2011-11-29 13:04:00,2011-11-29 13:40:00,2,300.83,102,10,0,150.42,5,2,2,522,Potential Loyalists
16480,2011-09-25 11:40:00,2011-09-25 11:40:00,1,769.29,455,76,0,769.29,3,1,3,313,Need Attention
16481,2010-01-26 13:09:00,2010-01-26 13:09:00,1,453.38,201,682,0,453.38,1,1,2,112,Lost Customers
16482,2011-11-24 12:33:00,2011-11-24 12:33:00,1,220.62,346,16,0,220.62,5,1,1,511,New Customers
16483,2011-05-31 13:08:00,2011-05-31 13:08:00,1,139.35,44,192,0,139.35,2,1,1,211,Hibernating
16484,2011-06-02 10:39:00,2011-06-19 12:06:00,2,404.3,200,174,17,202.15,3,2,2,322,Need Attention
16485,2009-12-06 12:28:00,2011-09-23 15:50:00,5,2287.19,1153,77,656,457.44,3,4,4,344,Loyal Customers
16486,2010-06-20 12:16:00,2010-06-20 12:16:00,1,134.36,24,538,0,134.36,1,1,1,111,Lost Customers
16487,2010-02-18 17:36:00,2010-05-11 13:38:00,2,209.4,163,577,81,104.7,1,2,1,121,Lost Customers
16488,2011-07-14 11:46:00,2011-11-06 13:42:00,3,498.8,728,33,115,166.27,4,3,2,432,Potential Loyalists
16489,2010-09-29 15:02:00,2010-11-24 14:40:00,2,303.7,38,380,55,151.85,2,2,2,222,Hibernating
16490,2010-09-29 16:30:00,2010-09-29 16:30:00,1,205.41,113,436,0,205.41,1,1,1,111,Lost Customers
16491,2010-10-22 15:42:00,2011-10-24 10:18:00,2,1533.16,1060,47,366,766.58,4,2,4,424,Potential Loyalists
16492,2010-06-17 08:20:00,2010-06-17 08:20:00,1,385.56,235,541,0,385.56,1,1,2,112,Lost Customers
16493,2010-03-26 13:05:00,2011-09-21 11:10:00,7,2132.09,1988,80,543,304.58,3,4,4,344,Loyal Customers
16494,2011-02-16 12:49:00,2011-02-16 12:49:00,1,826.53,675,297,0,826.53,2,1,3,213,Hibernating
16495,2011-03-08 16:38:00,2011-12-06 13:20:00,3,648.26,328,3,272,216.09,5,3,3,533,Potential Loyalists
16496,2010-07-18 13:42:00,2011-12-01 10:31:00,6,2330.77,1764,9,500,388.46,5,4,4,544,Champions
16497,2009-12-03 14:11:00,2011-10-21 10:55:00,23,6695.28,3050,50,686,291.1,4,5,5,455,Champions
16498,2011-06-30 19:52:00,2011-07-01 15:07:00,2,100.97,45,161,0,50.48,3,2,1,321,Need Attention
16499,2010-06-11 12:22:00,2010-12-14 13:31:00,8,2578.34,1364,360,186,322.29,2,5,4,254,At Risk
16500,2010-06-14 14:54:00,2011-12-05 12:04:00,9,843.91,386,5,538,93.77,5,5,3,553,Loyal Customers
16501,2010-11-21 14:10:00,2010-11-21 14:10:00,1,1191.23,628,383,0,1191.23,2,1,3,213,Hibernating
16502,2010-03-29 13:39:00,2010-03-29 13:44:00,2,258.55,220,620,0,129.28,1,2,1,121,Lost Customers
16503,2010-06-21 14:07:00,2011-08-25 11:46:00,11,3614.34,1535,107,429,328.58,3,5,5,355,Loyal Customers
16504,2011-11-14 15:18:00,2011-11-14 15:18:00,1,465.88,510,25,0,465.88,4,1,2,412,Need Attention
16505,2011-11-08 12:14:00,2011-11-08 12:14:00,1,777.6,576,32,0,777.6,4,1,3,413,Need Attention
16506,2011-10-30 15:50:00,2011-11-20 12:17:00,2,90.3,42,20,20,45.15,4,2,1,421,Potential Loyalists
16507,2010-05-16 12:56:00,2010-05-16 12:56:00,1,142.71,111,572,0,142.71,1,1,1,111,Lost Customers
16508,2010-03-19 13:41:00,2010-03-19 13:41:00,1,240.95,103,630,0,240.95,1,1,1,111,Lost Customers
16509,2011-02-16 09:25:00,2011-02-16 09:25:00,1,363.7,64,297,0,363.7,2,1,2,212,Hibernating
16510,2010-01-17 12:30:00,2010-12-02 13:39:00,6,2025.6,1022,372,319,337.6,2,4,4,244,At Risk
16511,2010-03-01 12:21:00,2011-11-18 10:41:00,6,1760.49,769,22,626,293.42,4,4,4,444,Champions
16513,2011-10-27 14:56:00,2011-12-05 10:18:00,4,874.59,407,5,38,218.65,5,4,3,543,Loyal Customers
16515,2010-06-17 12:17:00,2011-10-18 13:10:00,10,3179.06,1573,52,488,317.91,4,5,5,455,Champions
16516,2011-11-09 14:59:00,2011-11-09 14:59:00,1,101.7,58,30,0,101.7,4,1,1,411,Need Attention
16517,2011-03-07 13:50:00,2011-03-07 13:50:00,1,162.7,96,277,0,162.7,2,1,1,211,Hibernating
16518,2010-06-01 13:31:00,2011-10-09 15:04:00,4,959.37,524,61,495,239.84,3,4,3,343,Loyal Customers
16519,2010-03-01 13:51:00,2011-11-14 15:41:00,4,542.76,174,25,623,135.69,4,4,2,442,Loyal Customers
16520,2010-03-02 16:50:00,2011-06-06 13:24:00,6,2474.14,1262,186,460,412.36,3,4,4,344,Loyal Customers
16521,2010-03-01 13:22:00,2010-10-20 13:09:00,3,1140.11,1014,415,232,380.04,1,3,3,133,Hibernating
16522,2010-09-15 13:32:00,2010-09-30 10:54:00,2,433.36,212,436,14,216.68,1,2,2,122,Lost Customers
16523,2010-01-24 13:14:00,2011-12-08 09:06:00,28,11916.33,4979,2,682,425.58,5,5,5,555,Champions
16524,2010-01-17 13:16:00,2010-09-19 13:37:00,2,306.19,259,446,245,153.1,1,2,2,122,Lost Customers
16525,2009-12-02 13:53:00,2011-12-07 15:07:00,48,24562.74,14628,2,735,511.72,5,5,5,555,Champions
16526,2010-05-04 16:34:00,2011-06-21 12:02:00,2,717.21,279,172,412,358.6,3,2,3,323,Need Attention
16527,2010-10-11 13:25:00,2011-09-19 16:21:00,2,1232.94,708,81,343,616.47,3,2,3,323,Need Attention
16528,2011-12-06 12:45:00,2011-12-06 12:45:00,1,244.41,171,4,0,244.41,5,1,1,511,New Customers
16529,2010-06-27 13:29:00,2011-06-02 17:23:00,4,1986.8,739,190,340,496.7,2,4,4,244,At Risk
16530,2010-02-09 15:30:00,2010-02-09 15:30:00,1,48.35,17,668,0,48.35,1,1,1,111,Lost Customers
16531,2010-09-24 09:49:00,2011-11-17 16:29:00,11,2298.33,1863,22,419,208.94,4,5,4,454,Champions
16532,2010-03-29 10:26:00,2011-11-22 11:08:00,5,8756.64,2544,18,603,1751.33,5,4,5,545,Champions
16533,2011-10-02 15:07:00,2011-11-20 13:08:00,3,1082.81,611,19,48,360.94,5,3,3,533,Potential Loyalists
16534,2010-03-07 15:47:00,2010-03-07 15:47:00,1,635.9,168,642,0,635.9,1,1,3,113,Lost Customers
16535,2010-01-28 15:26:00,2011-12-04 15:18:00,3,972.04,664,5,674,324.01,5,3,3,533,Potential Loyalists
16536,2011-08-21 15:54:00,2011-08-21 15:54:00,1,548.12,250,110,0,548.12,3,1,2,312,Need Attention
16537,2010-03-08 13:41:00,2010-03-08 13:41:00,1,23.35,59,641,0,23.35,1,1,1,111,Lost Customers
16538,2010-04-23 16:25:00,2010-06-16 16:59:00,3,395.07,254,541,54,131.69,1,3,2,132,Hibernating
16539,2010-06-25 15:24:00,2011-12-07 08:41:00,10,3732.01,1315,3,529,373.2,5,5,5,555,Champions
16540,2010-10-21 17:22:00,2010-10-21 17:22:00,1,205.75,105,414,0,205.75,1,1,1,111,Lost Customers
16541,2009-12-04 13:22:00,2009-12-04 13:22:00,1,424.03,173,735,0,424.03,1,1,2,112,Lost Customers
16542,2010-11-03 14:44:00,2011-10-17 10:47:00,2,257.32,142,54,347,128.66,4,2,1,421,Potential Loyalists
16543,2010-04-27 11:38:00,2010-04-27 11:38:00,1,292.21,317,592,0,292.21,1,1,2,112,Lost Customers
16544,2010-02-15 13:20:00,2010-07-08 11:11:00,4,376.7,150,520,142,94.18,1,4,2,142,At Risk
16545,2010-11-29 10:39:00,2011-06-28 10:37:00,2,689.82,322,165,210,344.91,3,2,3,323,Need Attention
16546,2010-09-23 15:43:00,2011-02-22 11:20:00,5,5606.47,4367,291,151,1121.29,2,4,5,245,At Risk
16547,2010-06-11 13:02:00,2010-06-11 13:02:00,1,104.26,108,546,0,104.26,1,1,1,111,Lost Customers
16548,2010-04-19 16:15:00,2010-04-19 16:15:00,1,30.15,6,599,0,30.15,1,1,1,111,Lost Customers
16549,2010-03-28 15:45:00,2011-11-29 15:06:00,34,12781.8,7087,10,610,375.94,5,5,5,555,Champions
16550,2009-12-02 11:24:00,2011-08-23 11:12:00,18,9368.24,5662,109,628,520.46,3,5,5,355,Loyal Customers
16551,2009-12-13 16:12:00,2011-09-05 09:38:00,7,2237.12,2076,96,630,319.59,3,4,4,344,Loyal Customers
16552,2010-12-01 12:36:00,2011-04-11 10:04:00,2,475.02,258,243,130,237.51,2,2,2,222,Hibernating
16553,2010-02-11 18:46:00,2011-06-29 15:42:00,33,16584.01,16427,163,502,502.55,3,5,5,355,Loyal Customers
16554,2009-12-15 09:42:00,2011-10-28 14:51:00,8,2841.72,1346,42,682,355.22,4,5,4,454,Champions
16555,2010-07-22 13:39:00,2011-11-04 14:31:00,6,1915.68,1816,35,470,319.28,4,4,4,444,Champions
16556,2009-12-07 10:51:00,2011-10-04 11:36:00,17,8012.58,4353,67,666,471.33,3,5,5,355,Loyal Customers
16557,2011-07-25 13:28:00,2011-11-15 14:04:00,2,281.85,111,24,113,140.93,4,2,1,421,Potential Loyalists
16558,2009-12-03 18:11:00,2011-12-09 10:20:00,38,13873.51,8088,1,735,365.09,5,5,5,555,Champions
16559,2010-11-07 13:52:00,2010-11-07 13:52:00,1,175.0,61,397,0,175.0,2,1,1,211,Hibernating
16560,2009-12-08 12:05:00,2011-11-13 10:35:00,8,3048.38,1603,27,704,381.05,4,5,5,455,Champions
16561,2011-10-11 09:53:00,2011-12-04 11:50:00,2,511.12,244,6,54,255.56,5,2,2,522,Potential Loyalists
16562,2010-08-20 11:45:00,2010-08-20 11:45:00,1,223.86,264,477,0,223.86,1,1,1,111,Lost Customers
16563,2009-12-01 18:35:00,2011-10-17 11:51:00,6,4412.56,2584,54,684,735.43,4,4,5,445,Champions
16564,2010-05-19 14:41:00,2010-05-19 14:41:00,1,87.8,40,569,0,87.8,1,1,1,111,Lost Customers
16565,2010-06-02 12:47:00,2010-12-10 15:21:00,4,773.05,211,364,191,193.26,2,4,3,243,At Risk
16566,2011-02-20 10:29:00,2011-11-24 16:34:00,5,614.66,362,15,277,122.93,5,4,2,542,Loyal Customers
16567,2011-01-07 09:31:00,2011-05-29 13:57:00,2,865.6,996,194,142,432.8,2,2,3,223,Hibernating
16568,2010-03-08 14:51:00,2010-10-08 10:54:00,2,1020.9,366,428,213,510.45,1,2,3,123,Lost Customers
16569,2009-12-16 15:05:00,2011-12-06 15:32:00,5,1455.23,988,3,720,291.05,5,4,4,544,Champions
16570,2010-03-30 09:32:00,2011-11-24 17:02:00,20,7434.31,4292,15,604,371.72,5,5,5,555,Champions
16571,2010-03-18 09:12:00,2011-11-13 11:46:00,10,4248.74,3703,27,605,424.87,4,5,5,455,Champions
16572,2011-03-09 12:04:00,2011-08-04 16:34:00,3,1009.6,532,127,148,336.53,3,3,3,333,Need Attention
16573,2011-02-22 15:14:00,2011-09-16 09:13:00,2,663.61,360,85,205,331.8,3,2,3,323,Need Attention
16574,2010-02-19 11:46:00,2011-09-29 13:39:00,3,1301.78,1002,71,587,433.93,3,3,4,334,Big Spenders
16576,2010-07-06 10:42:00,2010-10-15 13:37:00,2,540.87,323,420,101,270.44,1,2,2,122,Lost Customers
16577,2010-02-11 09:45:00,2010-02-11 09:45:00,1,380.0,142,667,0,380.0,1,1,2,112,Lost Customers
16578,2010-03-23 15:11:00,2010-03-23 15:11:00,1,156.6,108,626,0,156.6,1,1,1,111,Lost Customers
16579,2010-10-10 11:58:00,2010-10-10 11:58:00,1,295.05,119,426,0,295.05,1,1,2,112,Lost Customers
16581,2011-06-10 10:05:00,2011-06-10 10:05:00,1,105.84,134,183,0,105.84,3,1,1,311,Need Attention
16582,2011-08-18 17:02:00,2011-08-18 17:02:00,1,313.62,164,113,0,313.62,3,1,2,312,Need Attention
16583,2010-02-04 12:18:00,2010-12-01 12:03:00,2,531.4,264,374,299,265.7,2,2,2,222,Hibernating
16584,2010-02-16 10:41:00,2011-09-20 13:45:00,5,3156.17,1913,80,581,631.23,3,4,5,345,Loyal Customers
16585,2010-01-13 13:31:00,2010-04-25 10:34:00,2,341.59,151,594,101,170.8,1,2,2,122,Lost Customers
16586,2010-03-14 11:24:00,2011-04-05 09:32:00,3,1462.78,348,249,386,487.59,2,3,4,234,Hibernating
16587,2011-04-21 15:51:00,2011-04-21 15:51:00,1,225.15,71,232,0,225.15,2,1,1,211,Hibernating
16588,2010-05-14 13:43:00,2010-11-18 17:56:00,4,1361.28,882,386,188,340.32,2,4,4,244,At Risk
16589,2010-09-15 14:56:00,2011-09-29 14:50:00,4,612.36,536,71,378,153.09,3,4,2,342,Loyal Customers
16590,2010-10-21 12:09:00,2010-11-04 09:06:00,2,605.9,240,401,13,302.95,2,2,2,222,Hibernating
16591,2011-10-02 10:43:00,2011-10-02 10:43:00,1,213.5,41,69,0,213.5,3,1,1,311,Need Attention
16592,2009-12-18 15:57:00,2011-12-05 13:49:00,28,7807.91,5504,4,716,278.85,5,5,5,555,Champions
16593,2009-12-05 10:44:00,2011-10-20 12:41:00,8,1071.14,377,51,684,133.89,4,5,3,453,Loyal Customers
16594,2011-09-25 14:08:00,2011-09-25 14:08:00,1,181.09,64,75,0,181.09,3,1,1,311,Need Attention
16595,2010-01-17 12:12:00,2011-10-09 13:15:00,5,1757.75,1331,61,630,351.55,3,4,4,344,Loyal Customers
16596,2009-12-10 13:09:00,2011-11-24 10:02:00,4,579.63,227,16,713,144.91,5,4,2,542,Loyal Customers
16597,2011-12-05 15:44:00,2011-12-05 15:44:00,1,90.04,184,4,0,90.04,5,1,1,511,New Customers
16598,2011-02-27 11:42:00,2011-02-27 11:42:00,1,145.05,73,286,0,145.05,2,1,1,211,Hibernating
16599,2010-11-19 12:45:00,2010-11-19 12:45:00,1,172.8,159,386,0,172.8,2,1,1,211,Hibernating
16600,2009-12-18 12:59:00,2011-12-05 16:00:00,13,2153.41,2420,4,717,165.65,5,5,4,554,Champions
16601,2010-03-26 13:39:00,2011-10-30 11:09:00,3,677.0,391,41,582,225.67,4,3,3,433,Potential Loyalists
16602,2010-11-16 09:13:00,2011-11-03 15:54:00,2,763.33,429,36,352,381.66,4,2,3,423,Potential Loyalists
16603,2011-09-09 13:02:00,2011-09-26 10:06:00,2,482.47,480,75,16,241.24,3,2,2,322,Need Attention
16604,2010-05-20 16:34:00,2010-05-26 09:10:00,2,432.45,175,563,5,216.22,1,2,2,122,Lost Customers
16605,2009-12-15 19:03:00,2009-12-15 19:03:00,1,60.48,144,724,0,60.48,1,1,1,111,Lost Customers
16606,2010-10-01 13:21:00,2010-10-31 13:57:00,2,357.66,148,404,30,178.83,2,2,2,222,Hibernating
16607,2010-04-29 14:01:00,2011-11-22 10:24:00,25,5706.87,4436,18,571,228.27,5,5,5,555,Champions
16608,2010-02-14 11:57:00,2010-09-12 11:44:00,2,1286.62,612,454,209,643.31,1,2,4,124,Lost Customers
16609,2011-04-01 10:11:00,2011-11-24 13:32:00,7,5493.46,2420,15,237,784.78,5,4,5,545,Champions
16610,2011-05-04 13:13:00,2011-05-04 13:13:00,1,75.66,66,219,0,75.66,2,1,1,211,Hibernating
16611,2010-03-10 16:07:00,2011-06-06 15:46:00,6,1785.13,874,186,452,297.52,3,4,4,344,Loyal Customers
16612,2009-12-03 15:54:00,2011-11-07 07:38:00,9,3245.43,1419,33,703,360.6,4,5,5,455,Champions
16613,2011-09-30 15:52:00,2011-09-30 15:52:00,1,618.59,293,70,0,618.59,3,1,3,313,Need Attention
16614,2010-05-10 15:18:00,2011-06-10 11:36:00,3,1179.79,349,183,395,393.26,3,3,3,333,Need Attention
16615,2010-03-23 15:13:00,2010-03-23 15:13:00,1,291.5,211,626,0,291.5,1,1,2,112,Lost Customers
16616,2011-07-05 13:38:00,2011-11-24 16:31:00,2,500.42,370,15,142,250.21,5,2,2,522,Potential Loyalists
16617,2011-04-18 10:35:00,2011-04-18 10:35:00,1,151.85,91,236,0,151.85,2,1,1,211,Hibernating
16618,2011-01-21 11:55:00,2011-11-08 13:52:00,5,2647.59,1363,31,291,529.52,4,4,4,444,Champions
16619,2010-02-22 12:05:00,2011-03-21 08:18:00,4,1938.33,1055,264,391,484.58,2,4,4,244,At Risk
16620,2009-12-01 14:35:00,2011-12-06 12:19:00,6,1758.93,1146,4,734,293.16,5,4,4,544,Champions
16621,2011-03-07 11:32:00,2011-10-19 11:38:00,4,813.48,302,52,226,203.37,4,4,3,443,Loyal Customers
16622,2010-06-14 10:44:00,2010-06-14 10:44:00,1,225.4,44,544,0,225.4,1,1,1,111,Lost Customers
16623,2010-04-26 14:04:00,2011-04-08 10:09:00,4,1015.24,442,246,346,253.81,2,4,3,243,At Risk
16624,2011-05-26 14:20:00,2011-09-20 12:39:00,2,810.57,488,81,116,405.28,3,2,3,323,Need Attention
16625,2010-06-14 11:56:00,2011-03-10 12:50:00,5,1654.03,1057,275,269,330.81,2,4,4,244,At Risk
16626,2011-03-18 12:27:00,2011-12-09 11:56:00,17,4413.1,2690,1,265,259.59,5,5,5,555,Champions
16627,2011-09-21 14:38:00,2011-09-21 14:38:00,1,322.8,162,79,0,322.8,3,1,2,312,Need Attention
16628,2010-03-08 12:24:00,2011-11-10 12:45:00,7,2318.1,1260,30,612,331.16,4,4,4,444,Champions
16629,2011-09-04 16:12:00,2011-09-27 10:34:00,2,408.63,489,74,22,204.32,3,2,2,322,Need Attention
16630,2010-10-28 14:30:00,2010-10-28 14:30:00,1,106.8,72,407,0,106.8,2,1,1,211,Hibernating
16631,2010-02-26 10:49:00,2010-08-15 11:20:00,7,1892.52,775,482,170,270.36,1,4,4,144,At Risk
16632,2010-05-07 16:46:00,2010-08-11 11:39:00,2,406.4,256,486,95,203.2,1,2,2,122,Lost Customers
16633,2011-04-19 14:36:00,2011-11-22 13:41:00,6,2883.1,1138,17,216,480.52,5,4,4,544,Champions
16634,2010-01-21 09:30:00,2011-05-01 12:09:00,6,1814.61,1321,223,465,302.44,2,4,4,244,At Risk
16635,2010-10-29 09:41:00,2010-10-29 09:41:00,1,473.0,277,407,0,473.0,2,1,2,212,Hibernating
16636,2010-03-03 14:06:00,2010-09-27 13:13:00,4,3802.04,2186,438,207,950.51,1,4,5,145,At Risk
16637,2011-04-28 10:20:00,2011-11-07 13:17:00,4,1154.47,927,32,193,288.62,4,4,3,443,Loyal Customers
16638,2010-08-18 13:33:00,2011-11-17 11:09:00,15,2430.53,1651,23,455,162.04,4,5,4,454,Champions
16639,2010-10-26 18:23:00,2011-11-08 13:20:00,4,1747.98,751,31,377,437.0,4,4,4,444,Champions
16640,2010-11-07 10:48:00,2010-11-07 10:48:00,1,179.4,146,398,0,179.4,2,1,1,211,Hibernating
16641,2010-01-07 12:22:00,2011-08-26 12:49:00,2,554.5,454,106,596,277.25,3,2,2,322,Need Attention
16642,2010-10-20 14:22:00,2011-12-05 11:31:00,3,1077.45,775,5,410,359.15,5,3,3,533,Potential Loyalists
16643,2010-10-13 09:47:00,2011-04-08 08:24:00,2,923.11,553,246,176,461.56,2,2,3,223,Hibernating
16644,2011-05-11 12:53:00,2011-06-15 12:39:00,2,833.78,826,178,34,416.89,3,2,3,323,Need Attention
16645,2009-12-04 09:49:00,2009-12-04 09:49:00,1,160.39,117,736,0,160.39,1,1,1,111,Lost Customers
16646,2010-09-16 13:28:00,2010-09-16 13:28:00,1,678.8,1072,449,0,678.8,1,1,3,113,Lost Customers
16647,2010-06-13 15:52:00,2011-06-23 11:47:00,4,541.9,396,170,374,135.48,3,4,2,342,Loyal Customers
16648,2010-04-28 14:58:00,2011-10-28 08:58:00,3,672.8,503,43,547,224.27,4,3,3,433,Potential Loyalists
16649,2010-07-07 15:41:00,2010-07-07 15:41:00,1,306.58,82,520,0,306.58,1,1,2,112,Lost Customers
16650,2010-07-08 14:18:00,2011-09-29 09:51:00,7,1916.11,1511,72,447,273.73,3,4,4,344,Loyal Customers
16651,2010-05-02 11:46:00,2010-05-02 11:46:00,1,136.2,60,587,0,136.2,1,1,1,111,Lost Customers
16652,2010-03-17 10:22:00,2011-10-12 09:38:00,16,17550.39,7477,59,573,1096.9,3,5,5,355,Loyal Customers
16653,2011-09-29 13:38:00,2011-11-23 14:51:00,2,1212.66,733,16,55,606.33,5,2,3,523,Potential Loyalists
16654,2010-04-06 13:29:00,2011-07-21 15:23:00,8,1711.47,703,141,471,213.93,3,5,4,354,Loyal Customers
16655,2010-01-31 15:40:00,2011-11-22 11:25:00,13,6423.26,3938,18,659,494.1,5,5,5,555,Champions
16656,2009-12-04 12:59:00,2011-11-17 14:43:00,30,16833.17,15433,22,713,561.11,4,5,5,455,Champions
16657,2011-03-30 12:02:00,2011-11-30 11:48:00,4,874.43,1130,10,244,218.61,5,4,3,543,Loyal Customers
16658,2010-03-30 16:24:00,2010-12-06 13:47:00,6,814.07,317,368,250,135.68,2,4,3,243,At Risk
16659,2011-06-03 15:03:00,2011-06-03 15:03:00,1,39.12,72,189,0,39.12,2,1,1,211,Hibernating
16660,2010-01-14 11:09:00,2011-11-23 14:53:00,7,1879.55,991,16,678,268.51,5,4,4,544,Champions
16661,2009-12-17 15:39:00,2010-06-17 15:24:00,4,932.76,364,540,181,233.19,1,4,3,143,At Risk
16662,2010-11-10 16:56:00,2010-11-10 16:56:00,1,151.05,35,394,0,151.05,2,1,1,211,Hibernating
16663,2009-12-10 13:12:00,2009-12-10 13:12:00,1,165.0,100,729,0,165.0,1,2,1,121,Lost Customers
16664,2010-05-19 17:11:00,2010-05-19 17:11:00,1,109.2,24,569,0,109.2,1,2,1,121,Lost Customers
16665,2010-12-12 14:03:00,2010-12-12 14:03:00,1,135.4,59,362,0,135.4,2,2,1,221,Hibernating
16666,2010-03-28 15:13:00,2011-11-20 14:01:00,2,217.71,354,19,601,108.86,5,2,1,521,Potential Loyalists
16667,2011-02-28 12:57:00,2011-10-02 15:26:00,2,567.18,236,68,216,283.59,3,2,2,322,Need Attention
16668,2010-03-18 18:25:00,2011-11-24 17:43:00,13,862.42,773,15,615,66.34,5,5,3,553,Loyal Customers
16669,2011-09-22 14:13:00,2011-11-16 12:26:00,3,1348.88,881,24,54,449.63,4,3,4,434,Potential Loyalists
16670,2009-12-10 15:28:00,2011-11-23 09:34:00,20,8030.15,4534,17,712,401.51,5,5,5,555,Champions
16671,2011-06-28 11:20:00,2011-11-11 13:40:00,3,1692.27,875,28,136,564.09,4,3,4,434,Potential Loyalists
16672,2011-03-18 10:15:00,2011-12-07 16:29:00,20,8134.94,2832,2,264,406.75,5,5,5,555,Champions
16673,2010-01-29 14:22:00,2010-01-29 14:22:00,1,171.13,95,679,0,171.13,1,2,1,121,Lost Customers
16674,2011-09-02 13:59:00,2011-10-16 11:31:00,2,304.24,181,55,43,152.12,4,2,2,422,Potential Loyalists
16675,2010-08-18 13:11:00,2010-09-24 12:15:00,2,608.86,296,442,36,304.43,1,2,2,122,Lost Customers
16676,2010-10-17 13:07:00,2011-11-06 12:01:00,6,2361.9,927,34,384,393.65,4,4,4,444,Champions
16677,2010-02-25 16:11:00,2010-10-24 14:53:00,2,880.62,457,411,240,440.31,1,2,3,123,Lost Customers
16678,2011-03-02 09:24:00,2011-12-07 12:17:00,12,3109.99,2397,3,280,259.17,5,5,5,555,Champions
16679,2010-06-10 18:35:00,2010-12-08 13:51:00,3,793.06,276,366,180,264.35,2,3,3,233,Hibernating
16680,2010-06-23 09:30:00,2011-10-27 17:35:00,3,821.45,377,43,491,273.82,4,3,3,433,Potential Loyalists
16681,2010-03-08 14:10:00,2011-09-28 11:11:00,7,1921.84,1492,73,568,274.55,3,4,4,344,Loyal Customers
16682,2011-06-05 11:02:00,2011-12-05 12:13:00,5,1028.0,1040,5,183,205.6,5,4,3,543,Loyal Customers
16683,2010-06-24 10:36:00,2010-06-24 10:36:00,1,320.25,190,534,0,320.25,1,2,2,122,Lost Customers
16684,2009-12-07 12:56:00,2011-12-05 14:06:00,55,147142.77,104810,4,728,2675.32,5,5,5,555,Champions
16685,2011-10-09 13:44:00,2011-10-09 13:58:00,2,324.24,396,61,0,162.12,3,2,2,322,Need Attention
16686,2009-12-06 15:48:00,2011-10-23 13:49:00,16,4881.07,3419,47,685,305.07,4,5,5,455,Champions
16687,2010-11-14 11:46:00,2010-11-14 11:46:00,1,157.63,141,391,0,157.63,2,2,1,221,Hibernating
16688,2011-10-10 12:23:00,2011-12-08 15:24:00,4,1260.86,804,1,59,315.21,5,4,4,544,Champions
16689,2011-09-18 13:29:00,2011-09-25 11:39:00,2,422.6,330,76,6,211.3,3,2,2,322,Need Attention
16690,2010-09-14 15:00:00,2011-09-28 15:02:00,4,353.03,209,72,379,88.26,3,4,2,342,Loyal Customers
16691,2010-05-27 14:55:00,2010-10-17 15:03:00,2,178.83,92,418,143,89.42,1,2,1,121,Lost Customers
16692,2010-09-24 11:31:00,2011-03-28 14:46:00,4,1914.7,878,256,185,478.68,2,4,4,244,At Risk
16693,2010-02-21 12:42:00,2011-10-02 11:10:00,5,1179.48,658,69,587,235.9,3,4,3,343,Loyal Customers
16694,2009-12-16 15:45:00,2009-12-16 15:45:00,1,98.3,26,723,0,98.3,1,2,1,121,Lost Customers
16695,2010-05-27 12:24:00,2010-05-27 12:36:00,2,191.9,184,562,0,95.95,1,2,1,121,Lost Customers
16696,2011-04-05 15:20:00,2011-07-27 14:23:00,4,657.9,146,135,112,164.48,3,4,3,343,Loyal Customers
16697,2011-04-12 17:12:00,2011-04-12 17:12:00,1,112.75,27,241,0,112.75,2,2,1,221,Hibernating
16698,2011-03-31 13:33:00,2011-04-27 10:52:00,2,1998.0,840,227,26,999.0,2,2,4,224,Hibernating
16699,2009-12-04 13:31:00,2010-11-24 14:38:00,7,994.6,640,380,355,142.09,2,4,3,243,At Risk
16700,2009-12-02 10:51:00,2011-12-01 11:00:00,25,9167.71,6882,9,729,366.71,5,5,5,555,Champions
16701,2009-12-01 19:19:00,2011-12-01 11:10:00,26,9916.73,11046,9,729,381.41,5,5,5,555,Champions
16702,2009-12-07 16:40:00,2010-10-20 14:10:00,4,1110.83,692,415,316,277.71,1,4,3,143,At Risk
16704,2010-02-05 14:14:00,2010-03-31 14:02:00,2,664.16,433,618,53,332.08,1,2,3,123,Lost Customers
16705,2009-12-09 13:34:00,2011-12-09 12:08:00,42,43515.05,22302,1,729,1036.07,5,5,5,555,Champions
16706,2011-08-17 15:53:00,2011-11-02 13:50:00,3,531.35,249,37,76,177.12,4,3,2,432,Potential Loyalists
16707,2010-03-09 15:16:00,2010-11-04 14:39:00,4,533.41,396,400,239,133.35,2,4,2,242,At Risk
16708,2011-10-25 12:20:00,2011-10-25 12:20:00,1,656.63,285,46,0,656.63,4,2,3,423,Potential Loyalists
16709,2009-12-09 13:16:00,2011-09-16 10:56:00,14,9056.01,3261,85,645,646.86,3,5,5,355,Loyal Customers
16710,2009-12-04 13:41:00,2011-11-20 14:50:00,22,6291.77,4366,19,716,285.99,5,5,5,555,Champions
16711,2009-12-02 13:22:00,2011-12-06 16:32:00,9,2868.48,1212,3,734,318.72,5,5,4,554,Champions
16712,2010-11-03 15:45:00,2011-11-30 13:48:00,13,4232.87,2074,9,391,325.61,5,5,5,555,Champions
16713,2009-12-15 12:49:00,2011-11-21 12:36:00,32,14529.99,8671,19,705,454.06,4,5,5,455,Champions
16714,2010-02-07 11:17:00,2011-05-05 11:09:00,4,1497.33,828,219,451,374.33,2,4,4,244,At Risk
16715,2010-05-26 12:35:00,2011-09-22 18:15:00,2,625.52,1174,78,484,312.76,3,2,3,323,Need Attention
16716,2010-03-19 11:05:00,2011-03-18 10:03:00,3,2149.68,912,267,363,716.56,2,3,4,234,Hibernating
16717,2009-12-07 15:55:00,2011-11-16 12:16:00,14,6970.93,3220,24,708,497.92,4,5,5,455,Champions
16718,2009-12-06 13:07:00,2010-12-05 13:03:00,5,3612.13,2331,369,363,722.43,2,4,5,245,At Risk
16719,2009-12-13 10:59:00,2011-11-25 09:27:00,14,3944.35,2502,15,711,281.74,5,5,5,555,Champions
16720,2009-12-17 17:54:00,2011-11-13 16:22:00,3,758.74,460,26,695,252.91,4,3,3,433,Potential Loyalists
16721,2011-03-22 16:08:00,2011-03-22 16:08:00,1,292.47,172,262,0,292.47,2,2,2,222,Hibernating
16722,2009-12-03 19:23:00,2011-11-22 13:28:00,22,8989.08,8580,17,718,408.59,5,5,5,555,Champions
16723,2009-12-04 13:23:00,2011-09-09 13:01:00,4,1231.36,958,91,643,307.84,3,4,3,343,Loyal Customers
16724,2010-10-31 11:40:00,2010-10-31 11:40:00,1,147.35,69,405,0,147.35,2,2,1,221,Hibernating
16725,2009-12-13 15:54:00,2011-02-10 16:52:00,14,1810.41,764,302,424,129.32,2,5,4,254,At Risk
16726,2010-10-24 16:09:00,2011-11-13 14:53:00,7,2063.88,1323,26,384,294.84,4,4,4,444,Champions
16727,2010-01-20 10:48:00,2010-12-10 13:48:00,4,1377.77,1066,364,324,344.44,2,4,4,244,At Risk
16728,2011-03-20 13:28:00,2011-10-24 14:36:00,4,1048.28,671,46,218,262.07,4,4,3,443,Loyal Customers
16729,2011-04-12 14:22:00,2011-11-01 14:29:00,21,7205.33,5722,38,203,343.11,4,5,5,455,Champions
16730,2011-01-24 14:01:00,2011-10-18 14:11:00,3,743.11,994,52,267,247.7,4,3,3,433,Potential Loyalists
16731,2010-03-01 15:05:00,2010-03-01 15:05:00,1,170.3,124,648,0,170.3,1,2,1,121,Lost Customers
16732,2009-12-08 13:04:00,2011-11-08 09:54:00,4,4387.64,2414,32,699,1096.91,4,4,5,445,Champions
16733,2010-06-28 10:12:00,2010-06-28 10:12:00,1,259.68,112,530,0,259.68,1,2,1,121,Lost Customers
16734,2011-08-17 15:00:00,2011-10-18 13:44:00,3,646.76,345,52,61,215.59,4,3,3,433,Potential Loyalists
16735,2009-12-08 09:24:00,2011-09-22 11:49:00,14,6217.41,4240,79,653,444.1,3,5,5,355,Loyal Customers
16736,2009-12-03 16:12:00,2010-07-22 10:09:00,5,2956.56,1050,506,230,591.31,1,4,5,145,At Risk
16737,2010-05-11 09:53:00,2011-10-17 13:03:00,2,835.2,576,53,524,417.6,4,2,3,423,Potential Loyalists
16738,2011-02-15 09:46:00,2011-02-15 09:46:00,1,3.75,3,298,0,3.75,2,2,1,221,Hibernating
16739,2010-06-21 09:38:00,2011-06-16 09:17:00,2,786.43,391,177,359,393.22,3,2,3,323,Need Attention
16740,2010-11-09 13:34:00,2010-11-09 13:34:00,1,226.91,110,395,0,226.91,2,2,1,221,Hibernating
16741,2010-03-24 15:15:00,2010-03-24 15:15:00,1,173.06,81,625,0,173.06,1,2,1,121,Lost Customers
16742,2009-12-16 17:22:00,2011-10-24 12:02:00,14,2799.87,2558,47,676,199.99,4,5,4,454,Champions
16743,2010-04-22 13:21:00,2011-11-10 13:13:00,14,4212.15,3707,29,566,300.87,4,5,5,455,Champions
16744,2011-06-19 15:13:00,2011-11-28 13:06:00,7,1291.91,798,11,161,184.56,5,4,4,544,Champions
16745,2011-02-01 11:31:00,2011-09-14 11:58:00,17,7180.7,6719,87,225,422.39,3,5,5,355,Loyal Customers
16746,2009-12-04 13:00:00,2011-12-05 12:33:00,42,18046.75,11900,5,730,429.68,5,5,5,555,Champions
16747,2011-10-03 10:18:00,2011-11-02 11:37:00,2,836.06,583,38,30,418.03,4,2,3,423,Potential Loyalists
16748,2009-12-10 12:28:00,2011-11-22 10:17:00,14,3637.33,2127,18,711,259.81,5,5,5,555,Champions
16749,2009-12-15 14:05:00,2010-04-27 13:06:00,2,4157.88,1910,591,132,2078.94,1,2,5,125,Lost Customers
16750,2011-04-21 16:53:00,2011-10-26 12:48:00,5,623.93,214,45,187,124.79,4,4,3,443,Loyal Customers
16751,2011-11-09 10:48:00,2011-11-09 10:48:00,1,1764.72,1031,31,0,1764.72,4,2,4,424,Potential Loyalists
16752,2010-12-02 12:18:00,2010-12-02 12:18:00,1,415.0,108,373,0,415.0,2,2,2,222,Hibernating
16753,2011-10-12 13:14:00,2011-10-12 13:14:00,1,223.92,189,58,0,223.92,4,2,1,421,Potential Loyalists
16754,2010-03-08 11:32:00,2010-12-02 17:38:00,29,67502.47,67831,372,269,2327.67,2,5,5,255,At Risk
16755,2009-12-09 14:25:00,2011-08-17 13:21:00,7,2864.68,1985,114,615,409.24,3,4,4,344,Loyal Customers
16756,2010-03-09 15:56:00,2011-05-09 09:33:00,7,1312.37,707,215,425,187.48,2,4,4,244,At Risk
16757,2010-10-26 15:09:00,2011-01-25 11:59:00,2,270.48,180,319,90,135.24,2,2,1,221,Hibernating
16758,2011-10-05 14:47:00,2011-10-05 14:47:00,1,369.34,203,65,0,369.34,3,2,2,322,Need Attention
16759,2011-11-09 09:06:00,2011-12-02 12:42:00,3,789.79,609,8,23,263.26,5,3,3,533,Potential Loyalists
16760,2010-10-05 15:55:00,2010-10-05 15:55:00,1,228.0,168,430,0,228.0,1,2,1,121,Lost Customers
16761,2011-09-04 11:15:00,2011-09-04 11:15:00,1,316.62,341,97,0,316.62,3,2,2,322,Need Attention
16762,2011-07-18 12:52:00,2011-11-20 11:43:00,3,1207.24,480,20,124,402.41,4,3,3,433,Potential Loyalists
16763,2009-12-01 15:26:00,2011-05-25 11:52:00,2,964.7,492,199,539,482.35,2,2,3,223,Hibernating
16764,2011-07-19 17:17:00,2011-12-06 11:41:00,13,2790.95,1253,4,139,214.69,5,5,4,554,Champions
16765,2010-11-22 13:42:00,2011-02-18 15:41:00,2,454.75,311,294,88,227.38,2,2,2,222,Hibernating
16766,2011-03-11 13:34:00,2011-03-11 15:22:00,2,1145.6,536,273,0,572.8,2,2,3,223,Hibernating
16767,2010-04-28 16:49:00,2011-11-09 09:42:00,15,8056.76,7102,31,559,537.12,4,5,5,455,Champions
16768,2009-12-07 11:47:00,2011-10-23 10:38:00,9,1698.57,774,48,684,188.73,4,5,4,454,Champions
16769,2009-12-14 11:10:00,2011-03-24 13:41:00,4,1117.05,295,260,465,279.26,2,4,3,243,At Risk
16770,2010-08-22 16:08:00,2011-10-13 12:21:00,9,1909.73,1108,58,416,212.19,4,5,4,454,Champions
16771,2009-12-09 11:52:00,2011-11-06 13:28:00,10,3949.6,2308,33,697,394.96,4,5,5,455,Champions
16772,2009-12-18 10:50:00,2010-10-12 13:19:00,3,3698.05,687,423,298,1232.68,1,3,5,135,Hibernating
16773,2009-12-06 15:01:00,2011-10-13 14:37:00,3,421.24,252,57,675,140.41,4,3,2,432,Potential Loyalists
16774,2010-02-16 16:53:00,2011-10-03 12:41:00,8,1567.48,774,68,593,195.94,3,5,4,354,Loyal Customers
16775,2010-09-23 17:34:00,2011-11-29 15:22:00,16,3052.74,1019,10,431,190.8,5,5,5,555,Champions
16776,2010-10-20 12:13:00,2011-10-10 13:04:00,2,592.51,435,60,355,296.26,3,2,2,322,Need Attention
16777,2010-03-17 12:42:00,2011-09-20 13:41:00,5,1292.18,470,80,552,258.44,3,4,4,344,Loyal Customers
16778,2011-03-10 15:21:00,2011-09-26 13:48:00,2,245.94,194,74,199,122.97,3,2,1,321,Need Attention
16779,2009-12-03 13:03:00,2011-12-07 14:54:00,53,33165.94,19544,2,734,625.77,5,5,5,555,Champions
16780,2010-10-28 19:41:00,2011-08-31 16:09:00,3,596.4,352,100,306,198.8,3,3,2,332,Need Attention
16781,2010-02-08 13:56:00,2010-12-02 14:26:00,2,934.25,305,372,297,467.12,2,2,3,223,Hibernating
16782,2009-12-09 11:58:00,2011-11-29 13:20:00,38,10000.32,4112,10,720,263.17,5,5,5,555,Champions
16783,2010-09-29 11:53:00,2010-09-29 11:53:00,1,391.95,163,437,0,391.95,1,2,2,122,Lost Customers
16784,2010-03-28 12:55:00,2011-11-20 12:20:00,5,892.33,494,20,601,178.47,4,4,3,443,Loyal Customers
16785,2010-10-26 10:36:00,2010-10-26 10:36:00,1,533.78,313,410,0,533.78,2,2,2,222,Hibernating
16786,2010-11-11 08:25:00,2010-11-11 08:25:00,1,51.84,72,394,0,51.84,2,2,1,221,Hibernating
16787,2010-01-10 11:12:00,2010-11-07 11:01:00,4,1017.53,472,398,300,254.38,2,4,3,243,At Risk
16788,2010-02-07 12:40:00,2011-08-08 14:53:00,5,1928.93,965,123,547,385.79,3,4,4,344,Loyal Customers
16789,2011-12-01 15:12:00,2011-12-01 15:12:00,1,80.8,32,8,0,80.8,5,2,1,521,Potential Loyalists
16790,2011-11-02 11:23:00,2011-12-06 11:53:00,6,1545.62,898,4,34,257.6,5,4,4,544,Champions
16791,2009-12-03 18:08:00,2011-11-10 19:12:00,15,3957.63,1854,29,707,263.84,4,5,5,455,Champions
16792,2010-01-04 13:47:00,2011-03-02 14:41:00,5,623.46,324,282,422,124.69,2,4,3,243,At Risk
16793,2011-10-13 15:08:00,2011-10-13 15:08:00,1,243.84,146,57,0,243.84,4,2,1,421,Potential Loyalists
16794,2010-03-25 15:17:00,2011-12-08 17:54:00,15,2052.7,1576,1,623,136.85,5,5,4,554,Champions
16795,2010-01-25 13:14:00,2010-12-09 14:08:00,3,2477.29,1453,365,318,825.76,2,3,4,234,Hibernating
16796,2011-09-11 14:01:00,2011-09-11 14:01:00,1,305.62,186,89,0,305.62,3,2,2,322,Need Attention
16797,2009-12-02 13:33:00,2010-11-11 19:14:00,5,1802.02,898,393,344,360.4,2,4,4,244,At Risk
16798,2009-12-10 19:35:00,2010-06-03 19:01:00,3,841.16,205,554,174,280.39,1,3,3,133,Hibernating
16799,2010-09-12 12:46:00,2010-10-03 14:28:00,2,452.78,162,432,21,226.39,1,2,2,122,Lost Customers
16800,2011-11-28 14:06:00,2011-11-28 14:06:00,1,1162.65,524,11,0,1162.65,5,2,3,523,Potential Loyalists
16801,2011-03-11 13:56:00,2011-06-29 15:33:00,4,1594.23,493,163,110,398.56,3,4,4,344,Loyal Customers
16802,2009-12-09 13:00:00,2010-01-29 13:44:00,2,582.61,369,679,51,291.3,1,2,2,122,Lost Customers
16803,2011-10-05 14:28:00,2011-10-05 14:28:00,1,332.3,245,65,0,332.3,3,2,2,322,Need Attention
16804,2011-03-14 15:48:00,2011-11-16 16:43:00,3,536.99,246,23,247,179.0,4,3,2,432,Potential Loyalists
16805,2009-12-08 14:29:00,2011-06-19 11:23:00,5,1091.34,1120,174,557,218.27,3,4,3,343,Loyal Customers
16806,2011-04-14 19:59:00,2011-08-28 15:27:00,4,762.16,356,103,135,190.54,3,4,3,343,Loyal Customers
16807,2010-03-26 14:38:00,2011-07-20 12:00:00,6,2123.88,1433,143,480,353.98,3,4,4,344,Loyal Customers
16808,2011-03-10 19:05:00,2011-09-01 19:34:00,2,288.42,196,99,175,144.21,3,2,1,321,Need Attention
16809,2010-04-13 15:34:00,2011-11-16 15:45:00,9,1727.43,1093,23,582,191.94,4,5,4,454,Champions
16810,2010-10-15 15:32:00,2011-05-31 15:32:00,2,842.04,372,192,228,421.02,2,2,3,223,Hibernating
16811,2011-11-22 17:19:00,2011-12-05 11:39:00,2,547.07,477,5,12,273.54,5,2,2,522,Potential Loyalists
16812,2010-11-22 14:36:00,2010-12-14 12:35:00,4,2392.0,1116,361,21,598.0,2,4,4,244,At Risk
16813,2011-05-19 13:28:00,2011-12-01 14:03:00,10,1652.18,1501,8,196,165.22,5,5,4,554,Champions
16814,2010-04-11 12:45:00,2011-11-25 13:27:00,36,12198.14,4951,14,593,338.84,5,5,5,555,Champions
16815,2010-06-21 12:05:00,2010-09-12 10:59:00,2,406.02,237,454,82,203.01,1,2,2,122,Lost Customers
16816,2010-12-16 17:01:00,2011-08-28 14:16:00,4,417.06,274,103,254,104.26,3,4,2,342,Loyal Customers
16817,2010-10-04 09:06:00,2011-12-07 11:03:00,13,2804.9,1565,3,429,215.76,5,5,4,554,Champions
16818,2011-05-18 11:42:00,2011-11-29 10:41:00,11,3349.57,2164,11,194,304.51,5,5,5,555,Champions
16819,2010-08-31 17:31:00,2010-08-31 17:37:00,2,182.59,253,465,0,91.3,1,2,1,121,Lost Customers
16820,2011-09-05 12:06:00,2011-09-05 12:06:00,1,497.61,307,96,0,497.61,3,2,2,322,Need Attention
16821,2010-11-23 10:04:00,2010-11-23 10:04:00,1,113.35,13,382,0,113.35,2,2,1,221,Hibernating
16822,2010-01-22 14:22:00,2010-01-22 14:22:00,1,181.39,171,686,0,181.39,1,2,1,121,Lost Customers
16823,2009-12-02 09:57:00,2011-04-26 15:00:00,7,2243.09,1166,227,510,320.44,2,4,4,244,At Risk
16824,2010-11-11 12:21:00,2011-11-24 12:38:00,3,686.24,390,16,378,228.75,5,3,3,533,Potential Loyalists
16825,2010-06-23 13:14:00,2011-11-01 11:51:00,5,1826.89,1297,39,495,365.38,4,4,4,444,Champions
16826,2011-10-19 14:05:00,2011-10-19 14:05:00,1,341.7,158,51,0,341.7,4,2,2,422,Potential Loyalists
16827,2010-04-29 19:07:00,2010-11-11 14:04:00,5,392.13,125,393,195,78.43,2,4,2,242,At Risk
16828,2011-08-19 13:24:00,2011-09-07 15:10:00,2,128.5,59,93,19,64.25,3,2,1,321,Need Attention
16829,2010-11-16 18:11:00,2011-07-06 10:48:00,2,513.32,215,157,231,256.66,3,2,2,322,Need Attention
16830,2009-12-13 12:11:00,2011-11-01 11:35:00,4,1207.5,699,39,687,301.88,4,4,3,443,Loyal Customers
16831,2010-05-24 09:08:00,2010-05-24 09:08:00,1,91.8,48,565,0,91.8,1,2,1,121,Lost Customers
16832,2010-09-07 12:35:00,2011-06-08 15:36:00,5,417.61,179,184,274,83.52,3,4,2,342,Loyal Customers
16833,2010-03-26 15:31:00,2011-12-08 14:39:00,6,2409.04,878,1,621,401.51,5,4,4,544,Champions
16834,2010-02-03 14:24:00,2011-04-26 09:37:00,2,898.96,760,228,446,449.48,2,3,3,233,Hibernating
16835,2010-05-19 08:41:00,2011-08-03 13:50:00,6,1538.41,515,128,441,256.4,3,4,4,344,Loyal Customers
16836,2010-05-14 12:52:00,2011-10-31 10:05:00,4,782.37,539,40,534,195.59,4,4,3,443,Loyal Customers
16837,2011-04-08 08:48:00,2011-11-08 14:27:00,11,3170.98,1563,31,214,288.27,4,5,5,455,Champions
16838,2010-02-14 15:27:00,2011-05-26 13:13:00,4,1159.61,509,197,465,289.9,2,4,3,243,At Risk
16839,2010-02-11 15:02:00,2011-12-01 09:03:00,44,22310.49,11527,9,657,507.06,5,5,5,555,Champions
16840,2010-02-03 12:42:00,2010-04-15 15:48:00,2,139.85,117,603,71,69.92,1,3,1,131,Hibernating
16841,2010-01-12 11:32:00,2011-11-03 11:51:00,12,4006.06,3478,37,660,333.84,4,5,5,455,Champions
16842,2011-02-10 14:51:00,2011-08-31 10:42:00,3,1264.19,693,101,201,421.4,3,3,4,334,Big Spenders
16843,2009-12-10 11:40:00,2011-10-28 09:06:00,35,19571.43,18502,43,686,559.18,4,5,5,455,Champions
16844,2010-05-06 09:16:00,2010-05-26 10:29:00,2,614.34,281,563,20,307.17,1,3,2,132,Hibernating
16845,2010-03-31 13:09:00,2010-03-31 13:09:00,1,253.88,167,618,0,253.88,1,2,1,121,Lost Customers
16846,2010-03-10 12:03:00,2011-10-20 13:55:00,3,842.41,517,50,589,280.8,4,3,3,433,Potential Loyalists
16847,2010-03-31 13:32:00,2011-10-27 13:29:00,2,614.89,255,43,574,307.44,4,3,2,432,Potential Loyalists
16848,2010-10-03 11:01:00,2011-10-18 08:42:00,4,1411.62,780,53,379,352.9,4,4,4,444,Champions
16849,2011-06-06 09:16:00,2011-06-06 09:16:00,1,124.57,33,187,0,124.57,3,2,1,321,Need Attention
16850,2011-01-10 11:09:00,2011-01-10 11:09:00,1,332.41,249,334,0,332.41,2,2,2,222,Hibernating
16851,2011-10-19 09:48:00,2011-12-05 13:32:00,3,342.45,271,4,47,114.15,5,3,2,532,Potential Loyalists
16852,2011-06-16 15:49:00,2011-11-29 13:22:00,2,144.91,56,10,165,72.46,5,3,1,531,Potential Loyalists
16854,2010-03-09 14:32:00,2010-10-18 16:31:00,2,1408.96,997,417,223,704.48,1,3,4,134,Hibernating
16855,2011-10-27 16:31:00,2011-11-16 12:03:00,2,328.4,164,24,19,164.2,4,3,2,432,Potential Loyalists
16856,2010-09-23 13:11:00,2011-11-25 08:59:00,3,358.49,171,15,427,119.5,5,3,2,532,Potential Loyalists
16857,2010-09-23 10:49:00,2010-09-23 10:49:00,1,352.8,168,443,0,352.8,1,2,2,122,Lost Customers
16858,2009-12-15 11:09:00,2010-12-06 09:52:00,10,4668.28,1514,369,355,466.83,2,5,5,255,At Risk
16859,2010-03-04 12:37:00,2011-07-18 12:19:00,7,1932.41,1899,145,500,276.06,3,4,4,344,Loyal Customers
16860,2010-02-15 13:46:00,2010-09-13 10:05:00,3,1610.62,625,453,209,536.87,1,3,4,134,Hibernating
16861,2010-07-19 11:44:00,2011-10-11 09:05:00,5,946.59,616,60,448,189.32,3,4,3,343,Loyal Customers
16862,2010-01-07 12:57:00,2010-06-10 13:05:00,4,662.33,513,547,154,165.58,1,4,3,143,At Risk
16863,2010-10-26 10:03:00,2011-11-08 15:26:00,3,998.52,745,31,378,332.84,4,3,3,433,Potential Loyalists
16864,2010-04-20 11:56:00,2010-10-01 16:16:00,2,409.25,283,434,164,204.62,1,3,2,132,Hibernating
16865,2010-11-03 11:34:00,2010-11-03 11:34:00,1,130.95,157,402,0,130.95,2,2,1,221,Hibernating
16866,2011-07-01 12:34:00,2011-07-22 10:06:00,3,207.74,60,141,20,69.25,3,3,1,331,Need Attention
16867,2010-01-19 09:11:00,2010-01-19 09:11:00,1,76.74,58,690,0,76.74,1,2,1,121,Lost Customers
16868,2010-04-25 11:31:00,2010-11-10 13:17:00,3,384.56,112,394,199,128.19,2,3,2,232,Hibernating
16869,2011-06-17 13:01:00,2011-11-17 12:02:00,4,817.12,583,23,152,204.28,4,4,3,443,Loyal Customers
16870,2010-08-27 13:53:00,2010-08-27 13:53:00,1,450.16,278,469,0,450.16,1,2,2,122,Lost Customers
16871,2011-03-14 10:31:00,2011-11-17 19:27:00,6,2812.34,1253,22,248,468.72,4,4,4,444,Champions
16872,2010-09-02 17:36:00,2011-09-23 16:05:00,6,1213.13,1079,77,385,202.19,3,4,3,343,Loyal Customers
16873,2010-02-09 14:17:00,2011-12-05 12:05:00,12,14617.39,8601,5,663,1218.12,5,5,5,555,Champions
16874,2010-11-25 13:08:00,2010-11-25 13:08:00,1,209.89,78,379,0,209.89,2,2,1,221,Hibernating
16875,2010-01-05 09:16:00,2011-10-03 13:39:00,11,4234.53,2099,67,636,384.96,3,5,5,355,Loyal Customers
16876,2010-11-01 11:59:00,2010-11-01 11:59:00,1,136.01,181,404,0,136.01,2,2,1,221,Hibernating
16877,2011-05-15 16:13:00,2011-11-27 13:47:00,6,846.62,458,12,195,141.1,5,4,3,543,Loyal Customers
16878,2011-09-16 17:39:00,2011-09-16 17:39:00,1,13.3,12,84,0,13.3,3,2,1,321,Need Attention
16880,2010-08-03 13:54:00,2011-11-09 11:33:00,8,1813.21,904,31,462,226.65,4,5,4,454,Champions
16881,2011-10-04 10:33:00,2011-10-04 10:33:00,1,432.0,600,67,0,432.0,3,2,2,322,Need Attention
16882,2011-01-26 17:43:00,2011-10-04 10:42:00,3,705.12,424,67,250,235.04,3,3,3,333,Need Attention
16883,2009-12-04 12:07:00,2011-06-05 12:51:00,19,2374.09,1070,187,548,124.95,3,5,4,354,Loyal Customers
16884,2010-05-18 12:00:00,2011-11-02 11:52:00,4,1070.97,520,38,532,267.74,4,4,3,443,Loyal Customers
16885,2010-11-19 12:51:00,2011-11-24 13:40:00,4,684.6,358,15,370,171.15,5,4,3,543,Loyal Customers
16886,2010-09-09 15:08:00,2010-09-09 15:08:00,1,134.0,48,456,0,134.0,1,2,1,121,Lost Customers
16887,2009-12-01 13:41:00,2011-11-04 14:07:00,3,658.17,423,35,703,219.39,4,3,3,433,Potential Loyalists
16888,2010-01-07 13:07:00,2010-11-04 12:39:00,3,434.2,145,401,300,144.73,2,3,2,232,Hibernating
16889,2010-05-23 10:46:00,2011-05-29 11:05:00,6,2526.65,1611,195,371,421.11,2,4,4,244,At Risk
16890,2010-05-06 16:27:00,2010-08-20 11:23:00,3,285.41,243,477,105,95.14,1,3,1,131,Hibernating
16891,2009-12-04 12:37:00,2011-12-08 11:15:00,11,1945.2,738,2,733,176.84,5,5,4,554,Champions
16892,2009-12-08 14:20:00,2011-12-08 13:18:00,7,754.75,367,1,729,107.82,5,4,3,543,Loyal Customers
16893,2010-11-28 15:14:00,2010-12-08 12:06:00,2,395.82,179,367,9,197.91,2,3,2,232,Hibernating
16894,2010-06-22 14:21:00,2010-07-25 15:43:00,3,1306.96,503,502,33,435.65,1,3,4,134,Hibernating
16895,2010-02-12 11:07:00,2011-10-06 12:15:00,5,1102.9,421,65,601,220.58,3,4,3,343,Loyal Customers
16896,2010-06-02 15:40:00,2010-06-02 15:40:00,1,103.95,18,555,0,103.95,1,2,1,121,Lost Customers
16897,2011-01-30 11:52:00,2011-02-13 15:02:00,2,289.78,73,299,14,144.89,2,3,2,232,Hibernating
16898,2010-05-12 12:18:00,2011-11-13 15:44:00,5,997.29,789,26,550,199.46,4,4,3,443,Loyal Customers
16899,2010-11-07 15:00:00,2011-12-02 12:03:00,8,1695.77,811,8,389,211.97,5,5,4,554,Champions
16900,2011-10-07 13:17:00,2011-11-23 10:32:00,3,887.11,833,17,46,295.7,5,3,3,533,Potential Loyalists
16901,2009-12-10 16:30:00,2009-12-10 16:30:00,1,204.26,42,729,0,204.26,1,2,1,121,Lost Customers
16902,2011-08-15 14:17:00,2011-08-15 14:17:00,1,1706.88,629,116,0,1706.88,3,2,4,324,Big Spenders
16903,2010-10-20 14:42:00,2011-11-10 15:32:00,3,1041.75,717,29,386,347.25,4,3,3,433,Potential Loyalists
16904,2010-10-24 16:03:00,2011-12-05 13:10:00,21,5014.06,2746,4,406,238.76,5,5,5,555,Champions
16905,2009-12-10 20:04:00,2011-12-04 14:01:00,17,4961.17,2021,5,723,291.83,5,5,5,555,Champions
16906,2010-05-13 13:23:00,2011-09-19 11:49:00,7,1410.92,590,82,493,201.56,3,4,4,344,Loyal Customers
16907,2010-07-01 17:30:00,2011-11-10 18:04:00,9,1650.81,518,29,497,183.42,4,5,4,454,Champions
16908,2009-12-17 13:35:00,2009-12-17 13:35:00,1,252.59,61,722,0,252.59,1,2,1,121,Lost Customers
16909,2011-09-28 16:45:00,2011-09-28 16:45:00,1,379.14,436,72,0,379.14,3,2,2,322,Need Attention
16910,2011-09-09 14:14:00,2011-12-05 12:51:00,8,1508.96,884,4,86,188.62,5,5,4,554,Champions
16911,2010-02-16 16:12:00,2010-03-14 12:18:00,2,255.25,161,636,25,127.62,1,3,1,131,Hibernating
16912,2009-12-09 12:32:00,2011-11-11 12:18:00,15,4460.51,1689,29,701,297.37,4,5,5,455,Champions
16913,2010-02-26 12:06:00,2011-02-22 12:56:00,3,423.91,229,290,361,141.3,2,3,2,232,Hibernating
16914,2011-11-03 15:27:00,2011-11-03 15:27:00,1,183.76,112,36,0,183.76,4,2,1,421,Potential Loyalists
16915,2010-05-19 13:32:00,2011-11-30 16:39:00,11,1543.18,190,9,560,140.29,5,5,4,554,Champions
16916,2010-10-20 12:56:00,2011-11-16 12:08:00,4,1098.45,751,24,391,274.61,4,4,3,443,Loyal Customers
16917,2010-03-17 15:24:00,2011-03-08 11:55:00,2,1851.88,792,277,355,925.94,2,3,4,234,Hibernating
16918,2009-12-03 12:27:00,2011-10-21 12:50:00,16,3206.54,2066,50,687,200.41,4,5,5,455,Champions
16919,2010-08-19 15:28:00,2011-07-06 13:35:00,24,5108.01,2406,156,320,212.83,3,5,5,355,Loyal Customers
16920,2010-10-24 14:07:00,2010-10-24 14:07:00,1,355.45,81,411,0,355.45,1,2,2,122,Lost Customers
16921,2010-04-18 15:34:00,2011-10-09 16:22:00,3,409.21,275,61,539,136.4,3,3,2,332,Need Attention
16922,2010-05-16 11:24:00,2010-05-16 11:24:00,1,611.08,281,573,0,611.08,1,2,2,122,Lost Customers
16923,2010-01-31 11:14:00,2011-11-27 13:00:00,32,13157.13,6190,12,665,411.16,5,5,5,555,Champions
16924,2011-09-16 12:54:00,2011-11-18 12:53:00,3,829.89,467,21,62,276.63,4,3,3,433,Potential Loyalists
16925,2010-06-17 15:03:00,2010-06-17 15:03:00,1,125.65,123,540,0,125.65,1,2,1,121,Lost Customers
16926,2010-07-01 12:57:00,2010-12-03 13:42:00,5,1399.86,232,371,155,279.97,2,4,4,244,At Risk
16927,2010-12-13 11:57:00,2011-08-16 11:10:00,3,543.05,993,116,245,181.02,3,3,2,332,Need Attention
16928,2010-02-03 12:30:00,2011-09-20 15:10:00,29,4013.78,2680,80,594,138.41,3,5,5,355,Loyal Customers
16929,2011-07-07 12:39:00,2011-12-06 08:37:00,7,1295.39,929,4,151,185.06,5,4,4,544,Champions
16930,2011-10-02 14:25:00,2011-11-13 16:13:00,3,378.89,339,26,42,126.3,4,3,2,432,Potential Loyalists
16931,2010-11-07 13:24:00,2011-12-04 13:15:00,23,5184.27,3439,5,391,225.4,5,5,5,555,Champions
16932,2010-05-17 14:15:00,2011-10-17 14:12:00,3,412.55,217,53,517,137.52,4,3,2,432,Potential Loyalists
16933,2009-12-09 15:03:00,2011-12-08 12:54:00,9,3099.3,1533,1,728,344.37,5,5,5,555,Champions
16934,2010-03-28 12:43:00,2011-10-16 12:40:00,6,2083.14,936,55,566,347.19,4,4,4,444,Champions
16935,2010-10-14 13:09:00,2010-11-23 09:16:00,3,530.86,273,382,39,176.95,2,3,2,232,Hibernating
16936,2010-11-19 11:54:00,2011-11-14 11:04:00,2,548.29,339,26,359,274.14,4,3,2,432,Potential Loyalists
16937,2010-07-28 17:56:00,2010-07-28 17:56:00,1,196.25,123,499,0,196.25,1,2,1,121,Lost Customers
16938,2010-02-17 14:47:00,2011-12-01 10:20:00,9,6995.36,5041,9,651,777.26,5,5,5,555,Champions
16939,2010-02-28 13:33:00,2010-08-08 12:24:00,3,433.85,229,489,160,144.62,1,3,2,132,Hibernating
16940,2009-12-08 13:08:00,2011-10-18 13:15:00,8,6427.66,4503,52,679,803.46,4,5,5,455,Champions
16941,2010-04-07 11:13:00,2010-04-07 11:13:00,1,33.0,12,612,0,33.0,1,2,1,121,Lost Customers
16942,2011-04-26 11:59:00,2011-11-27 12:40:00,9,1904.99,805,13,215,211.67,5,5,4,554,Champions
16943,2010-03-25 13:34:00,2011-05-12 11:57:00,5,1299.49,147,212,412,259.9,2,4,4,244,At Risk
16944,2010-04-09 11:03:00,2010-04-09 11:03:00,1,101.36,27,610,0,101.36,1,2,1,121,Lost Customers
16945,2009-12-09 11:33:00,2011-11-18 11:39:00,33,8548.16,5889,22,709,259.04,4,5,5,455,Champions
16946,2010-03-02 10:49:00,2010-11-21 14:06:00,5,1222.04,509,383,264,244.41,2,4,3,243,At Risk
16947,2010-03-03 10:54:00,2011-04-18 09:38:00,5,955.21,655,236,410,191.04,2,4,3,243,At Risk
16948,2010-02-21 13:48:00,2011-07-24 12:46:00,7,868.77,2091,139,517,124.11,3,4,3,343,Loyal Customers
16949,2011-01-27 12:11:00,2011-12-06 11:07:00,6,1286.27,791,4,312,214.38,5,4,4,544,Champions
16950,2010-01-24 11:26:00,2011-10-14 09:06:00,10,3713.77,2464,57,627,371.38,4,5,5,455,Champions
16951,2011-02-08 14:58:00,2011-07-28 12:05:00,3,1277.75,1318,135,169,425.92,3,3,4,334,Big Spenders
16952,2009-12-11 13:52:00,2011-08-22 13:03:00,5,795.83,343,109,618,159.17,3,4,3,343,Loyal Customers
16953,2011-11-09 15:54:00,2011-11-09 15:54:00,1,20.8,10,30,0,20.8,4,2,1,421,Potential Loyalists
16954,2010-01-18 14:49:00,2011-12-09 09:46:00,20,6081.88,4086,1,689,304.09,5,5,5,555,Champions
16955,2010-01-31 11:38:00,2011-06-08 10:36:00,6,1309.41,823,185,492,218.24,3,4,4,344,Loyal Customers
16956,2011-11-22 08:56:00,2011-11-22 08:56:00,1,308.74,114,18,0,308.74,5,2,2,522,Potential Loyalists
16957,2011-03-03 09:25:00,2011-04-14 13:56:00,2,416.64,172,239,42,208.32,2,3,2,232,Hibernating
16958,2010-09-30 14:25:00,2010-09-30 14:25:00,1,778.49,514,435,0,778.49,1,2,3,123,Lost Customers
16959,2011-09-13 15:03:00,2011-09-13 15:03:00,1,117.35,49,87,0,117.35,3,2,1,321,Need Attention
16960,2010-03-02 13:36:00,2011-11-01 11:35:00,8,1990.88,1492,39,608,248.86,4,5,4,454,Champions
16961,2010-06-25 14:36:00,2011-08-15 13:46:00,3,794.56,482,116,415,264.85,3,3,3,333,Need Attention
16962,2010-10-26 11:36:00,2010-10-26 11:36:00,1,251.04,158,410,0,251.04,2,2,1,221,Hibernating
16963,2011-06-05 13:48:00,2011-06-05 13:48:00,1,110.55,35,187,0,110.55,3,2,1,321,Need Attention
16964,2009-12-06 12:51:00,2009-12-06 12:53:00,2,207.85,49,733,0,103.92,1,3,1,131,Hibernating
16965,2011-04-27 12:08:00,2011-04-27 12:08:00,1,201.19,291,227,0,201.19,2,2,1,221,Hibernating
16966,2011-04-13 14:17:00,2011-12-01 13:40:00,7,2154.97,1981,8,231,307.85,5,4,4,544,Champions
16967,2011-06-03 14:24:00,2011-06-03 14:24:00,1,319.02,333,189,0,319.02,2,2,2,222,Hibernating
16968,2011-08-24 10:51:00,2011-12-05 15:02:00,2,439.43,326,4,103,219.72,5,3,2,532,Potential Loyalists
16969,2011-06-01 12:10:00,2011-10-31 13:12:00,3,650.41,816,39,152,216.8,4,3,3,433,Potential Loyalists
16970,2010-03-23 13:50:00,2010-03-23 13:50:00,1,71.4,12,626,0,71.4,1,2,1,121,Lost Customers
16971,2011-11-01 15:06:00,2011-11-01 15:06:00,1,357.21,72,38,0,357.21,4,2,2,422,Potential Loyalists
16972,2010-09-09 11:20:00,2010-11-22 10:59:00,2,749.0,183,383,73,374.5,2,3,3,233,Hibernating
16973,2010-11-18 13:56:00,2010-11-18 13:56:00,1,127.0,60,386,0,127.0,2,2,1,221,Hibernating
16974,2010-05-24 10:43:00,2010-07-05 10:18:00,2,365.5,70,523,41,182.75,1,3,2,132,Hibernating
16975,2010-07-22 11:38:00,2010-10-12 17:53:00,3,926.12,586,423,82,308.71,1,3,3,133,Hibernating
16976,2011-03-17 16:33:00,2011-03-17 16:33:00,1,251.52,88,267,0,251.52,2,2,1,221,Hibernating
16977,2010-03-18 11:06:00,2010-11-09 13:17:00,4,496.0,142,395,236,124.0,2,4,2,242,At Risk
16978,2010-02-11 16:27:00,2011-09-23 12:50:00,3,768.88,285,78,588,256.29,3,3,3,333,Need Attention
16979,2010-09-15 14:30:00,2011-12-06 12:21:00,9,2859.74,1451,4,446,317.75,5,5,4,554,Champions
16980,2010-10-07 14:05:00,2011-03-29 16:36:00,3,1422.83,990,255,173,474.28,2,3,4,234,Hibernating
16982,2011-10-10 12:28:00,2011-10-10 12:28:00,1,384.06,182,61,0,384.06,3,2,2,322,Need Attention
16983,2010-09-19 12:38:00,2011-11-27 12:10:00,11,3654.02,2422,13,433,332.18,5,5,5,555,Champions
16984,2010-03-07 15:34:00,2011-09-12 13:43:00,9,10350.53,5127,88,553,1150.06,3,5,5,355,Loyal Customers
16985,2009-12-10 13:34:00,2011-11-22 13:33:00,23,10923.16,3103,17,711,474.92,5,5,5,555,Champions
16986,2010-02-04 14:46:00,2011-11-10 11:55:00,11,4888.75,2539,30,643,444.43,4,5,5,455,Champions
16987,2009-12-02 14:34:00,2011-12-06 17:26:00,11,2521.4,671,3,734,229.22,5,5,4,554,Champions
16988,2010-11-25 09:22:00,2011-12-04 16:02:00,2,382.67,158,5,374,191.34,5,3,2,532,Potential Loyalists
16989,2011-07-12 09:11:00,2011-12-02 16:39:00,6,1133.25,1233,7,143,188.88,5,4,3,543,Loyal Customers
16990,2010-10-13 11:42:00,2011-05-05 08:30:00,2,344.0,200,219,203,172.0,2,3,2,232,Hibernating
16991,2010-10-14 14:08:00,2010-10-14 14:08:00,1,1041.21,793,421,0,1041.21,1,2,3,123,Lost Customers
16992,2010-02-11 12:36:00,2011-11-29 11:50:00,13,5476.5,2061,11,655,421.27,5,5,5,555,Champions
16993,2010-05-12 13:55:00,2010-09-02 12:16:00,2,1950.95,285,464,112,975.48,1,3,4,134,Hibernating
16996,2010-10-18 12:24:00,2011-11-09 16:43:00,9,2123.61,919,30,387,235.96,4,5,4,454,Champions
16997,2011-01-18 11:51:00,2011-02-24 17:28:00,3,702.0,360,288,37,234.0,2,3,3,233,Hibernating
16998,2010-09-21 14:39:00,2011-07-13 09:44:00,5,402.0,104,150,294,80.4,3,4,2,342,Loyal Customers
16999,2011-09-26 15:43:00,2011-11-16 13:53:00,2,484.82,294,23,50,242.41,4,3,2,432,Potential Loyalists
17000,2010-10-27 14:16:00,2010-11-08 13:35:00,2,406.3,305,396,11,203.15,2,3,2,232,Hibernating
17001,2010-03-25 12:41:00,2011-12-09 09:38:00,19,6640.8,3782,1,623,349.52,5,5,5,555,Champions
17002,2010-03-08 15:46:00,2011-09-15 12:40:00,7,2571.55,1265,86,555,367.36,3,4,4,344,Loyal Customers
17003,2010-05-10 11:20:00,2010-11-02 13:15:00,4,828.21,494,402,176,207.05,2,4,3,243,At Risk
17004,2010-10-11 15:43:00,2011-10-24 14:25:00,4,2324.36,1233,46,377,581.09,4,4,4,444,Champions
17005,2010-04-30 10:55:00,2010-08-26 10:57:00,2,622.36,691,471,118,311.18,1,3,3,133,Hibernating
17006,2010-03-05 13:33:00,2011-12-05 12:09:00,8,1635.27,572,5,639,204.41,5,5,4,554,Champions
17007,2010-09-28 13:51:00,2011-10-20 10:47:00,7,1120.1,717,51,386,160.01,4,4,3,443,Loyal Customers
17008,2010-10-06 15:19:00,2010-10-06 15:19:00,1,81.36,24,429,0,81.36,1,2,1,121,Lost Customers
17009,2010-06-06 16:01:00,2010-06-06 16:01:00,1,242.06,336,551,0,242.06,1,2,1,121,Lost Customers
17010,2011-11-21 14:49:00,2011-11-21 14:49:00,1,195.36,118,18,0,195.36,5,2,1,521,Potential Loyalists
17011,2010-02-26 09:47:00,2011-11-09 13:30:00,3,671.7,792,30,621,223.9,4,3,3,433,Potential Loyalists
17012,2009-12-14 17:34:00,2009-12-14 17:34:00,1,360.61,251,725,0,360.61,1,2,2,122,Lost Customers
17014,2011-10-04 11:36:00,2011-12-01 14:09:00,3,583.43,243,8,58,194.48,5,3,2,532,Potential Loyalists
17015,2011-06-07 13:19:00,2011-11-11 10:45:00,3,1838.61,1978,29,156,612.87,4,3,4,434,Potential Loyalists
17016,2010-05-12 12:32:00,2010-05-12 12:32:00,1,552.4,309,577,0,552.4,1,2,2,122,Lost Customers
17017,2009-12-03 13:22:00,2011-12-07 09:32:00,29,14110.61,10591,3,733,486.57,5,5,5,555,Champions
17018,2009-12-05 10:27:00,2011-10-30 11:42:00,6,2287.7,456,41,694,381.28,4,4,4,444,Champions
17019,2009-12-02 11:52:00,2011-11-28 13:06:00,11,3961.11,2619,11,726,360.1,5,5,5,555,Champions
17020,2010-03-03 12:27:00,2010-06-15 13:06:00,2,935.62,860,542,104,467.81,1,3,3,133,Hibernating
17021,2010-04-29 20:05:00,2010-09-23 20:01:00,6,1182.22,992,442,146,197.04,1,4,3,143,At Risk
17022,2010-10-03 10:27:00,2011-11-08 17:09:00,2,260.0,180,31,401,130.0,4,3,1,431,Potential Loyalists
17023,2010-01-11 15:09:00,2010-10-18 15:37:00,3,800.18,530,417,280,266.73,1,3,3,133,Hibernating
17024,2011-07-05 09:31:00,2011-10-25 13:47:00,3,95.85,69,45,112,31.95,4,3,1,431,Potential Loyalists
17025,2010-03-08 13:37:00,2011-10-10 09:06:00,5,1510.64,1024,61,580,302.13,3,4,4,344,Loyal Customers
17026,2010-10-18 15:22:00,2011-06-07 14:28:00,3,208.98,132,185,231,69.66,3,3,1,331,Need Attention
17027,2009-12-10 12:10:00,2011-09-22 12:24:00,9,1310.63,645,79,651,145.63,3,5,4,354,Loyal Customers
17028,2009-12-18 14:28:00,2010-05-07 15:33:00,3,1593.83,856,581,140,531.28,1,3,4,134,Hibernating
17029,2010-02-14 10:19:00,2011-08-21 11:06:00,7,2137.3,1265,111,553,305.33,3,4,4,344,Loyal Customers
17030,2011-10-07 08:49:00,2011-10-07 08:49:00,1,146.87,146,64,0,146.87,3,2,1,321,Need Attention
17031,2010-05-07 14:52:00,2011-11-28 10:23:00,6,2773.85,1595,12,569,462.31,5,4,4,544,Champions
17032,2009-12-10 15:36:00,2010-06-10 12:16:00,8,2984.32,1667,548,181,373.04,1,5,5,155,At Risk
17033,2010-11-07 12:55:00,2011-09-14 14:34:00,4,1332.79,871,86,311,333.2,3,4,4,344,Loyal Customers
17034,2010-07-14 12:55:00,2011-11-23 15:14:00,5,1276.42,694,16,497,255.28,5,4,4,544,Champions
17035,2009-12-03 10:37:00,2011-04-08 11:23:00,4,613.59,327,246,491,153.4,2,4,2,242,At Risk
17036,2010-11-21 14:26:00,2010-11-21 14:26:00,1,176.9,76,383,0,176.9,2,2,1,221,Hibernating
17037,2011-09-13 12:49:00,2011-09-13 12:49:00,1,1267.32,656,88,0,1267.32,3,2,4,324,Big Spenders
17038,2010-10-20 16:04:00,2011-11-09 13:50:00,2,743.17,535,30,384,371.58,4,3,3,433,Potential Loyalists
17039,2010-04-14 12:56:00,2010-04-14 12:56:00,1,1954.99,689,604,0,1954.99,1,2,4,124,Lost Customers
17040,2010-06-07 15:08:00,2011-07-25 10:19:00,2,463.25,189,138,412,231.62,3,3,2,332,Need Attention
17041,2010-04-18 14:25:00,2011-11-13 11:21:00,6,1655.2,1303,27,573,275.87,4,4,4,444,Champions
17042,2011-04-06 14:53:00,2011-12-07 12:26:00,5,1036.58,990,3,244,207.32,5,4,3,543,Loyal Customers
17043,2009-12-09 15:20:00,2011-11-07 15:33:00,8,2593.65,1616,32,698,324.21,4,5,4,454,Champions
17044,2009-12-07 12:25:00,2011-11-14 14:28:00,12,11962.3,5722,25,707,996.86,4,5,5,455,Champions
17045,2010-10-06 14:52:00,2011-08-18 17:09:00,5,827.68,294,113,316,165.54,3,4,3,343,Loyal Customers
17046,2010-03-29 13:46:00,2011-07-05 14:24:00,5,1906.07,1636,157,463,381.21,3,4,4,344,Loyal Customers
17047,2009-12-08 08:48:00,2011-09-15 13:27:00,6,2289.23,1184,85,646,381.54,3,4,4,344,Loyal Customers
17048,2010-01-18 13:55:00,2011-08-14 11:49:00,7,2071.68,1068,118,572,295.95,3,4,4,344,Loyal Customers
17049,2010-03-04 10:23:00,2011-12-07 10:48:00,19,9942.53,4273,3,643,523.29,5,5,5,555,Champions
17050,2010-01-26 14:54:00,2011-09-04 13:48:00,11,4648.59,2432,96,585,422.6,3,5,5,355,Loyal Customers
17051,2010-03-21 14:55:00,2011-05-29 14:13:00,4,706.49,507,194,433,176.62,2,4,3,243,At Risk
17052,2011-11-11 14:50:00,2011-11-11 14:50:00,1,399.09,251,28,0,399.09,4,2,2,422,Potential Loyalists
17053,2011-08-01 10:23:00,2011-08-01 10:23:00,1,498.48,122,131,0,498.48,3,2,2,322,Need Attention
17054,2011-04-08 13:14:00,2011-11-11 12:56:00,5,1356.33,804,28,216,271.27,4,4,4,444,Champions
17055,2010-09-20 12:21:00,2010-09-20 12:21:00,1,232.85,83,446,0,232.85,1,2,1,121,Lost Customers
17056,2009-12-01 12:55:00,2009-12-01 12:55:00,1,128.6,26,738,0,128.6,1,2,1,121,Lost Customers
17057,2010-04-22 19:21:00,2010-04-22 19:21:00,1,294.74,129,596,0,294.74,1,2,2,122,Lost Customers
17058,2011-04-14 09:18:00,2011-09-19 10:13:00,3,1179.89,592,82,158,393.3,3,3,3,333,Need Attention
17059,2010-01-26 14:43:00,2011-11-10 12:27:00,9,5586.93,3578,30,652,620.77,4,5,5,455,Champions
17060,2011-03-18 13:27:00,2011-03-18 13:27:00,1,234.24,216,266,0,234.24,2,2,1,221,Hibernating
17061,2011-04-21 13:29:00,2011-09-27 11:24:00,11,5232.23,1526,74,158,475.66,3,5,5,355,Loyal Customers
17062,2010-09-26 11:57:00,2011-01-30 11:01:00,6,1179.14,890,314,125,196.52,2,4,3,243,At Risk
17063,2009-12-01 12:36:00,2011-11-18 16:19:00,13,3638.53,1899,21,717,279.89,4,5,5,455,Champions
17064,2011-01-16 16:10:00,2011-10-12 10:18:00,3,855.45,316,59,268,285.15,3,3,3,333,Need Attention
17065,2010-03-12 11:40:00,2010-03-12 11:41:00,2,194.7,82,638,0,97.35,1,3,1,131,Hibernating
17066,2009-12-13 13:24:00,2009-12-13 13:24:00,1,228.34,93,726,0,228.34,1,2,1,121,Lost Customers
17067,2009-12-08 12:03:00,2009-12-15 08:39:00,3,454.54,322,725,6,151.51,1,3,2,132,Hibernating
17068,2010-03-28 14:26:00,2011-11-27 13:14:00,47,9153.83,4431,12,608,194.76,5,5,5,555,Champions
17069,2009-12-03 12:27:00,2011-11-11 17:13:00,14,5794.28,3333,28,708,413.88,4,5,5,455,Champions
17070,2010-10-25 15:57:00,2011-08-17 17:01:00,2,437.42,232,114,296,218.71,3,3,2,332,Need Attention
17071,2010-01-24 13:05:00,2011-11-11 16:31:00,13,3793.71,1934,28,656,291.82,4,5,5,455,Champions
17072,2010-03-24 16:33:00,2010-03-24 16:33:00,1,273.35,212,625,0,273.35,1,2,1,121,Lost Customers
17073,2011-08-22 14:37:00,2011-11-22 11:47:00,4,1446.09,759,18,91,361.52,5,4,4,544,Champions
17074,2010-05-26 12:04:00,2010-05-26 12:04:00,1,203.05,19,563,0,203.05,1,2,1,121,Lost Customers
17075,2009-12-14 11:24:00,2011-11-22 11:58:00,10,2236.63,785,18,708,223.66,5,5,4,554,Champions
17076,2009-12-04 12:12:00,2011-11-03 17:53:00,6,1242.75,514,36,699,207.12,4,4,4,444,Champions
17077,2010-05-10 16:36:00,2010-05-10 16:36:00,1,306.0,36,578,0,306.0,1,2,2,122,Lost Customers
17078,2011-11-03 18:49:00,2011-11-03 19:17:00,2,378.2,788,36,0,189.1,4,3,2,432,Potential Loyalists
17079,2011-09-22 15:34:00,2011-09-22 15:34:00,1,118.8,24,78,0,118.8,3,2,1,321,Need Attention
17080,2010-07-01 16:03:00,2011-11-17 12:59:00,7,957.53,569,22,503,136.79,4,4,3,443,Loyal Customers
17081,2010-02-22 13:19:00,2011-11-14 12:56:00,6,949.39,381,25,629,158.23,4,4,3,443,Loyal Customers
17082,2009-12-15 11:25:00,2011-11-06 15:17:00,6,4732.03,2526,33,691,788.67,4,4,5,445,Champions
17083,2010-02-09 11:46:00,2011-08-22 15:43:00,9,4049.79,1955,109,559,449.98,3,5,5,355,Loyal Customers
17084,2010-11-08 14:20:00,2011-11-04 14:54:00,3,5001.21,3178,35,361,1667.07,4,3,5,435,Potential Loyalists
17085,2009-12-06 12:16:00,2011-08-08 14:15:00,28,7847.67,3583,123,610,280.27,3,5,5,355,Loyal Customers
17086,2011-10-07 11:22:00,2011-12-02 13:54:00,6,2050.08,1859,7,56,341.68,5,4,4,544,Champions
17087,2009-12-02 10:41:00,2009-12-02 10:41:00,1,221.53,113,738,0,221.53,1,2,1,121,Lost Customers
17088,2011-03-31 09:48:00,2011-11-11 14:23:00,4,1991.01,868,28,225,497.75,4,4,4,444,Champions
17089,2010-11-18 15:33:00,2010-11-18 15:33:00,1,128.45,35,386,0,128.45,2,2,1,221,Hibernating
17090,2010-07-19 16:02:00,2011-12-05 13:44:00,13,3080.18,1344,4,503,236.94,5,5,5,555,Champions
17091,2009-12-16 15:45:00,2011-12-07 10:43:00,19,7789.2,3833,3,720,409.96,5,5,5,555,Champions
17092,2010-02-02 16:42:00,2011-10-20 19:51:00,11,5511.41,3768,50,625,501.04,4,5,5,455,Champions
17093,2010-04-26 10:22:00,2010-04-26 10:22:00,1,235.88,114,593,0,235.88,1,2,1,121,Lost Customers
17094,2010-10-12 10:48:00,2011-01-21 13:09:00,2,402.2,212,322,101,201.1,2,3,2,232,Hibernating
17095,2009-12-15 12:32:00,2011-11-17 12:21:00,7,2572.25,1695,23,701,367.46,4,4,4,444,Champions
17096,2010-06-02 14:48:00,2011-11-24 15:01:00,11,3697.93,1559,15,540,336.18,5,5,5,555,Champions
17097,2010-10-05 14:09:00,2011-12-07 17:05:00,9,1318.08,649,2,428,146.45,5,5,4,554,Champions
17098,2010-06-17 10:30:00,2010-11-23 12:13:00,3,591.07,125,382,159,197.02,2,3,2,232,Hibernating
17099,2010-06-24 16:25:00,2010-06-24 16:25:00,1,582.17,317,533,0,582.17,1,2,2,122,Lost Customers
17100,2011-11-21 16:36:00,2011-11-21 16:36:00,2,971.74,800,18,0,485.87,5,3,3,533,Potential Loyalists
17101,2010-06-07 15:12:00,2011-11-29 13:57:00,7,2507.05,1175,10,539,358.15,5,4,4,544,Champions
17102,2011-03-23 10:08:00,2011-03-23 10:08:00,1,25.5,2,262,0,25.5,2,2,1,221,Hibernating
17103,2009-12-17 14:08:00,2009-12-17 14:08:00,1,424.3,471,722,0,424.3,1,2,2,122,Lost Customers
17104,2010-10-12 12:21:00,2010-10-12 12:21:00,1,474.03,149,424,0,474.03,1,2,2,122,Lost Customers
17105,2011-02-06 14:46:00,2011-07-03 15:53:00,2,665.78,693,159,147,332.89,3,3,3,333,Need Attention
17106,2010-11-15 14:11:00,2010-11-15 14:11:00,1,481.58,153,389,0,481.58,2,2,2,222,Hibernating
17107,2010-01-31 15:47:00,2011-11-06 14:14:00,10,16052.72,7530,33,643,1605.27,4,5,5,455,Champions
17108,2010-02-14 12:22:00,2010-02-14 12:22:00,1,174.95,31,664,0,174.95,1,2,1,121,Lost Customers
17109,2010-07-30 12:42:00,2011-11-10 16:59:00,8,1291.71,788,29,468,161.46,4,5,4,454,Champions
17110,2010-04-08 13:32:00,2011-06-27 12:58:00,3,499.9,136,165,444,166.63,3,3,2,332,Need Attention
17111,2010-10-10 15:21:00,2011-10-23 15:59:00,2,459.58,581,47,378,229.79,4,3,2,432,Potential Loyalists
17112,2010-07-25 11:14:00,2010-07-25 11:14:00,1,197.57,130,503,0,197.57,1,2,1,121,Lost Customers
17113,2010-01-11 10:14:00,2010-05-14 13:59:00,6,2305.59,913,574,123,384.27,1,4,4,144,At Risk
17114,2011-01-09 11:39:00,2011-12-04 12:17:00,8,801.12,215,6,329,100.14,5,5,3,553,Loyal Customers
17115,2009-12-05 12:13:00,2011-12-01 14:30:00,7,2761.49,885,8,726,394.5,5,4,4,544,Champions
17116,2010-03-01 16:29:00,2010-03-01 16:29:00,1,389.78,392,648,0,389.78,1,2,2,122,Lost Customers
17117,2011-02-24 13:54:00,2011-02-24 13:54:00,1,116.2,68,288,0,116.2,2,2,1,221,Hibernating
17118,2011-01-26 12:19:00,2011-01-26 12:19:00,1,157.02,154,318,0,157.02,2,2,1,221,Hibernating
17119,2011-10-11 11:03:00,2011-12-06 14:40:00,2,606.91,334,3,56,303.46,5,3,2,532,Potential Loyalists
17120,2011-04-20 15:21:00,2011-04-20 15:21:00,1,307.46,120,233,0,307.46,2,2,2,222,Hibernating
17121,2010-11-02 11:47:00,2010-11-02 11:47:00,1,314.74,106,403,0,314.74,2,2,2,222,Hibernating
17122,2010-07-28 09:34:00,2011-08-12 14:33:00,4,570.5,368,119,380,142.62,3,4,2,342,Loyal Customers
17123,2010-05-16 11:52:00,2011-07-01 10:47:00,3,977.17,676,162,410,325.72,3,3,3,333,Need Attention
17124,2011-06-07 14:02:00,2011-06-07 14:02:00,1,294.24,129,185,0,294.24,3,2,2,322,Need Attention
17125,2011-10-20 14:41:00,2011-10-20 14:41:00,1,230.5,281,50,0,230.5,4,2,1,421,Potential Loyalists
17126,2010-08-31 13:41:00,2011-07-10 13:52:00,9,2016.43,1426,152,313,224.05,3,5,4,354,Loyal Customers
17127,2009-12-04 15:18:00,2010-10-07 09:54:00,5,1155.03,340,429,306,231.01,1,4,3,143,At Risk
17128,2011-01-09 12:02:00,2011-01-09 12:02:00,1,157.09,76,335,0,157.09,2,2,1,221,Hibernating
17129,2010-07-07 13:46:00,2010-07-07 13:46:00,1,31.85,5,520,0,31.85,1,2,1,121,Lost Customers
17131,2011-09-25 12:42:00,2011-12-04 12:52:00,5,2463.17,983,5,70,492.63,5,4,4,544,Champions
17132,2010-08-08 13:49:00,2010-09-13 16:31:00,2,1220.91,963,452,36,610.46,1,3,3,133,Hibernating
17133,2010-03-21 12:31:00,2011-11-24 12:27:00,12,14622.33,10107,16,612,1218.53,5,5,5,555,Champions
17134,2010-09-23 18:32:00,2011-08-25 09:53:00,3,625.3,144,107,335,208.43,3,3,3,333,Need Attention
17135,2010-05-09 16:03:00,2011-11-23 16:48:00,10,1937.76,1908,16,563,193.78,5,5,4,554,Champions
17136,2010-02-15 13:13:00,2010-02-15 13:13:00,1,231.68,256,662,0,231.68,1,2,1,121,Lost Customers
17137,2010-01-31 12:27:00,2010-10-19 14:51:00,6,1099.81,680,416,261,183.3,1,4,3,143,At Risk
17138,2010-02-04 14:19:00,2011-03-09 11:54:00,7,4417.27,2024,276,397,631.04,2,4,5,245,At Risk
17139,2010-01-11 11:31:00,2011-11-24 10:12:00,25,19566.76,9853,16,681,782.67,5,5,5,555,Champions
17140,2011-04-06 13:33:00,2011-04-06 13:33:00,1,454.12,296,247,0,454.12,2,2,2,222,Hibernating
17141,2010-01-24 14:19:00,2010-10-17 14:54:00,4,727.58,423,418,266,181.9,1,4,3,143,At Risk
17142,2010-01-24 15:23:00,2011-04-14 18:22:00,4,1275.25,322,239,445,318.81,2,4,4,244,At Risk
17143,2010-07-12 13:26:00,2010-10-18 15:27:00,2,880.97,314,417,98,440.48,1,3,3,133,Hibernating
17144,2011-09-16 12:50:00,2011-12-08 17:57:00,2,984.57,483,1,83,492.28,5,3,3,533,Potential Loyalists
17145,2010-02-19 12:07:00,2010-07-15 09:02:00,4,3120.91,2591,513,145,780.23,1,4,5,145,At Risk
17146,2010-02-02 09:39:00,2011-08-26 12:44:00,13,5852.64,2188,106,570,450.2,3,5,5,355,Loyal Customers
17147,2010-01-11 09:38:00,2011-11-17 12:32:00,9,3199.95,1308,23,675,355.55,4,5,5,455,Champions
17148,2011-10-19 09:59:00,2011-10-19 09:59:00,1,124.88,82,52,0,124.88,4,2,1,421,Potential Loyalists
17149,2010-09-14 14:56:00,2010-09-14 14:56:00,1,143.1,18,451,0,143.1,1,2,1,121,Lost Customers
17150,2009-12-06 10:51:00,2010-11-28 11:27:00,6,1357.95,397,377,357,226.32,2,4,4,244,At Risk
17151,2009-12-04 14:56:00,2009-12-04 14:56:00,1,231.9,42,735,0,231.9,1,2,1,121,Lost Customers
17152,2010-10-10 12:40:00,2011-05-29 12:19:00,4,2016.5,577,195,230,504.12,2,4,4,244,At Risk
17153,2011-11-15 13:42:00,2011-11-15 13:42:00,1,213.78,104,24,0,213.78,4,2,1,421,Potential Loyalists
17154,2011-09-25 13:42:00,2011-09-25 13:42:00,1,329.34,490,75,0,329.34,3,2,2,322,Need Attention
17155,2009-12-03 11:34:00,2011-11-22 12:38:00,7,892.46,987,18,719,127.49,5,4,3,543,Loyal Customers
17156,2010-08-05 11:30:00,2010-08-05 11:30:00,1,591.87,391,492,0,591.87,1,2,2,122,Lost Customers
17157,2009-12-04 13:00:00,2011-12-02 09:10:00,19,5151.9,2092,8,727,271.15,5,5,5,555,Champions
17158,2010-03-07 15:50:00,2011-11-07 15:15:00,5,1980.0,1147,32,609,396.0,4,4,4,444,Champions
17159,2010-03-04 14:53:00,2011-11-18 10:52:00,5,2099.59,1348,22,623,419.92,4,4,4,444,Champions
17160,2009-12-04 10:57:00,2011-11-08 14:05:00,17,10209.16,8390,31,704,600.54,4,5,5,455,Champions
17161,2010-09-21 16:44:00,2010-09-21 16:44:00,1,856.01,537,444,0,856.01,1,2,3,123,Lost Customers
17162,2011-02-07 12:27:00,2011-11-11 11:34:00,10,1715.46,1001,29,276,171.55,4,5,4,454,Champions
17163,2010-02-02 10:39:00,2011-11-18 08:57:00,4,699.78,531,22,653,174.94,4,4,3,443,Loyal Customers
17164,2011-03-11 14:26:00,2011-11-07 09:14:00,7,2467.35,1501,33,240,352.48,4,4,4,444,Champions
17165,2009-12-11 09:18:00,2011-02-28 16:39:00,6,1794.32,788,284,444,299.05,2,4,4,244,At Risk
17166,2011-05-20 08:18:00,2011-11-01 09:46:00,2,206.34,78,39,165,103.17,4,3,1,431,Potential Loyalists
17167,2010-09-20 14:02:00,2010-11-25 10:05:00,3,867.11,429,380,65,289.04,2,3,3,233,Hibernating
17168,2010-07-29 12:33:00,2010-07-29 12:33:00,1,400.2,220,499,0,400.2,1,2,2,122,Lost Customers
17169,2010-05-10 13:00:00,2011-10-13 10:25:00,3,1156.73,671,58,520,385.58,4,3,3,433,Potential Loyalists
17170,2010-11-15 16:23:00,2010-11-30 15:55:00,2,178.68,152,374,14,89.34,2,3,1,231,Hibernating
17171,2010-02-16 12:02:00,2011-02-23 16:37:00,2,384.59,225,289,372,192.3,2,3,2,232,Hibernating
17172,2009-12-13 11:46:00,2011-09-22 09:36:00,3,956.57,1215,79,647,318.86,3,3,3,333,Need Attention
17173,2011-07-31 15:26:00,2011-12-04 14:40:00,8,3766.6,1122,5,125,470.82,5,5,5,555,Champions
17174,2011-05-06 11:47:00,2011-05-06 11:47:00,1,59.9,41,218,0,59.9,2,2,1,221,Hibernating
17175,2011-02-16 14:56:00,2011-10-26 15:31:00,4,1443.69,866,44,252,360.92,4,4,4,444,Champions
17176,2010-01-31 15:49:00,2011-05-22 12:41:00,3,902.32,576,202,475,300.77,2,3,3,233,Hibernating
17177,2010-07-22 14:53:00,2010-07-22 14:53:00,1,119.5,40,505,0,119.5,1,2,1,121,Lost Customers
17178,2009-12-08 16:20:00,2009-12-08 16:20:00,1,432.96,100,731,0,432.96,1,2,2,122,Lost Customers
17179,2010-05-26 11:22:00,2011-06-14 16:48:00,6,1507.26,625,178,384,251.21,3,4,4,344,Loyal Customers
17180,2010-01-21 17:43:00,2011-10-14 15:46:00,11,2236.77,1809,56,630,203.34,4,5,4,454,Champions
17181,2010-04-23 11:21:00,2011-10-13 14:48:00,3,465.37,484,57,538,155.12,4,3,2,432,Potential Loyalists
17182,2009-12-21 15:22:00,2010-10-13 10:09:00,2,321.3,54,423,295,160.65,1,3,2,132,Hibernating
17183,2011-08-26 15:25:00,2011-12-02 10:07:00,6,3347.31,1296,8,97,557.88,5,4,5,545,Champions
17184,2009-12-09 14:17:00,2010-05-19 14:24:00,2,198.41,73,569,161,99.2,1,3,1,131,Hibernating
17185,2010-04-20 13:49:00,2010-04-27 12:15:00,3,229.46,119,592,6,76.49,1,3,1,131,Hibernating
17186,2011-10-10 12:52:00,2011-10-24 10:20:00,2,144.0,200,47,13,72.0,4,3,1,431,Potential Loyalists
17187,2010-07-01 14:38:00,2011-04-27 12:39:00,2,467.71,426,227,299,233.86,2,3,2,232,Hibernating
17188,2009-12-08 19:16:00,2011-11-28 13:53:00,13,4592.93,2569,11,719,353.3,5,5,5,555,Champions
17189,2009-12-02 11:45:00,2011-08-25 19:39:00,5,953.63,601,106,631,190.73,3,4,3,343,Loyal Customers
17190,2010-03-05 13:21:00,2011-10-12 11:33:00,7,1726.57,2218,59,585,246.65,3,4,4,344,Loyal Customers
17191,2009-12-01 16:34:00,2011-11-11 16:58:00,15,4820.45,2528,28,710,321.36,4,5,5,455,Champions
17192,2010-06-21 16:07:00,2010-06-21 16:07:00,1,75.28,45,536,0,75.28,1,2,1,121,Lost Customers
17193,2009-12-02 10:02:00,2011-11-04 12:47:00,9,2310.04,1668,36,702,256.67,4,5,4,454,Champions
17194,2010-06-27 13:16:00,2011-03-11 12:05:00,3,812.5,420,274,256,270.83,2,3,3,233,Hibernating
17195,2010-02-22 13:05:00,2010-02-22 13:05:00,1,562.98,486,655,0,562.98,1,2,2,122,Lost Customers
17196,2010-10-08 11:31:00,2010-10-08 11:31:00,1,327.75,154,428,0,327.75,1,2,2,122,Lost Customers
17197,2011-11-10 10:32:00,2011-11-10 10:32:00,1,1013.01,191,30,0,1013.01,4,2,3,423,Potential Loyalists
17198,2010-12-03 14:54:00,2011-11-16 10:39:00,3,1213.88,599,24,347,404.63,4,3,3,433,Potential Loyalists
17199,2010-05-06 13:53:00,2010-05-06 13:53:00,1,135.04,232,582,0,135.04,1,2,1,121,Lost Customers
17200,2010-02-25 13:23:00,2010-11-17 13:04:00,4,356.71,367,387,264,89.18,2,4,2,242,At Risk
17201,2010-02-10 12:26:00,2011-10-17 11:55:00,4,1143.1,1004,54,613,285.77,4,4,3,443,Loyal Customers
17202,2010-10-15 11:25:00,2010-10-15 11:25:00,1,160.65,55,421,0,160.65,1,2,1,121,Lost Customers
17203,2010-11-16 12:52:00,2011-11-04 12:27:00,10,5564.09,4597,36,352,556.41,4,5,5,455,Champions
17204,2010-06-10 11:37:00,2011-06-17 14:46:00,9,5504.69,2651,175,372,611.63,3,5,5,355,Loyal Customers
17205,2010-05-24 15:36:00,2011-10-17 12:46:00,3,999.35,2214,54,510,333.12,4,3,3,433,Potential Loyalists
17206,2011-10-17 13:25:00,2011-10-17 13:25:00,1,204.24,76,53,0,204.24,4,2,1,421,Potential Loyalists
17207,2010-02-25 19:08:00,2010-02-25 19:08:00,1,292.62,233,652,0,292.62,1,2,2,122,Lost Customers
17208,2010-11-09 12:50:00,2010-11-09 12:50:00,1,111.15,101,396,0,111.15,2,2,1,221,Hibernating
17209,2009-12-03 11:10:00,2010-02-28 16:01:00,3,595.7,723,649,87,198.57,1,3,2,132,Hibernating
17210,2010-11-12 12:15:00,2010-11-12 12:15:00,1,251.72,242,393,0,251.72,2,2,1,221,Hibernating
17211,2009-12-13 13:17:00,2011-11-13 12:03:00,13,4046.65,2345,27,699,311.28,4,5,5,455,Champions
17212,2010-08-10 09:22:00,2011-03-31 19:42:00,3,794.41,727,253,233,264.8,2,3,3,233,Hibernating
17213,2009-12-15 10:28:00,2011-10-30 14:53:00,13,5182.3,2179,40,684,398.64,4,5,5,455,Champions
17214,2010-12-15 15:14:00,2011-10-10 13:17:00,6,1059.12,272,60,298,176.52,3,4,3,343,Loyal Customers
17215,2010-09-01 13:39:00,2010-09-01 13:39:00,1,186.15,104,464,0,186.15,1,2,1,121,Lost Customers
17216,2010-06-03 13:03:00,2010-06-03 13:03:00,1,63.6,21,554,0,63.6,1,2,1,121,Lost Customers
17217,2010-03-30 13:35:00,2011-04-19 17:19:00,2,210.1,93,234,385,105.05,2,3,1,231,Hibernating
17218,2010-01-25 16:12:00,2011-12-05 13:52:00,18,4178.93,2195,4,678,232.16,5,5,5,555,Champions
17219,2010-10-19 11:29:00,2011-11-08 11:25:00,2,259.13,188,32,384,129.56,4,3,1,431,Potential Loyalists
17220,2010-01-20 11:57:00,2011-11-15 13:47:00,21,4457.31,2663,24,664,212.25,4,5,5,455,Champions
17221,2010-04-11 15:34:00,2011-12-02 13:35:00,5,976.62,713,7,599,195.32,5,4,3,543,Loyal Customers
17222,2010-01-10 15:24:00,2011-10-05 13:58:00,6,1579.51,857,65,632,263.25,3,4,4,344,Loyal Customers
17223,2010-11-29 17:19:00,2011-02-02 15:57:00,3,850.88,219,310,64,283.63,2,3,3,233,Hibernating
17224,2010-07-26 13:30:00,2010-07-26 13:30:00,1,100.86,65,501,0,100.86,1,2,1,121,Lost Customers
17225,2010-05-07 11:38:00,2010-05-07 11:38:00,1,131.15,36,582,0,131.15,1,2,1,121,Lost Customers
17226,2010-02-12 14:31:00,2011-02-04 11:52:00,3,895.47,853,309,356,298.49,2,3,3,233,Hibernating
17227,2010-01-15 15:05:00,2011-11-21 10:51:00,12,2021.18,1773,19,674,168.43,4,5,4,454,Champions
17228,2010-03-12 11:54:00,2011-11-24 10:24:00,13,3175.98,2565,16,621,244.31,5,5,5,555,Champions
17229,2011-07-20 12:38:00,2011-09-04 13:56:00,2,318.76,185,96,46,159.38,3,3,2,332,Need Attention
17230,2009-12-08 13:41:00,2011-03-20 16:12:00,18,9388.49,3753,264,467,521.58,2,5,5,255,At Risk
17231,2009-12-07 16:38:00,2011-11-27 15:18:00,25,7064.8,3681,12,719,282.59,5,5,5,555,Champions
17232,2011-11-25 12:24:00,2011-12-07 12:21:00,2,417.77,202,3,11,208.88,5,3,2,532,Potential Loyalists
17233,2009-12-15 12:03:00,2011-11-04 14:06:00,3,560.86,298,35,689,186.95,4,3,2,432,Potential Loyalists
17234,2011-06-10 11:20:00,2011-06-10 11:20:00,1,149.89,55,183,0,149.89,3,2,1,321,Need Attention
17235,2010-06-04 17:01:00,2011-11-14 15:51:00,8,1904.88,971,25,527,238.11,4,5,4,454,Champions
17236,2010-03-07 13:00:00,2011-11-27 12:00:00,12,1929.26,804,13,629,160.77,5,5,4,554,Champions
17237,2010-11-23 11:45:00,2011-11-28 15:02:00,4,994.13,414,11,370,248.53,5,4,3,543,Loyal Customers
17238,2009-12-01 10:59:00,2011-12-07 11:35:00,32,7701.76,3681,3,736,240.68,5,5,5,555,Champions
17239,2010-07-01 10:53:00,2011-01-31 09:41:00,4,1189.45,515,313,213,297.36,2,4,3,243,At Risk
17240,2010-04-22 15:44:00,2010-04-22 15:44:00,1,130.6,108,596,0,130.6,1,2,1,121,Lost Customers
17241,2010-02-15 14:47:00,2010-11-19 13:01:00,12,2736.64,859,385,276,228.05,2,5,4,254,At Risk
17242,2010-01-24 10:27:00,2011-08-23 14:55:00,5,2889.28,1459,108,576,577.86,3,4,4,344,Loyal Customers
17243,2009-12-01 15:36:00,2011-12-08 13:26:00,69,20460.48,8024,1,736,296.53,5,5,5,555,Champions
17244,2009-12-06 11:27:00,2011-10-17 15:19:00,5,1826.04,1419,53,680,365.21,4,4,4,444,Champions
17245,2010-01-19 15:39:00,2011-05-19 10:43:00,2,371.63,307,205,484,185.82,2,3,2,232,Hibernating
17246,2009-12-01 17:45:00,2010-06-11 12:36:00,2,38.92,36,547,191,19.46,1,3,1,131,Hibernating
17247,2011-11-24 15:21:00,2011-11-24 15:21:00,1,280.09,105,15,0,280.09,5,2,1,521,Potential Loyalists
17248,2010-08-15 11:55:00,2011-08-11 13:34:00,2,500.54,276,120,361,250.27,3,3,2,332,Need Attention
17249,2010-10-07 11:33:00,2010-10-07 11:33:00,1,68.03,79,429,0,68.03,1,2,1,121,Lost Customers
17250,2011-03-23 16:45:00,2011-12-06 12:15:00,2,381.97,167,4,257,190.98,5,3,2,532,Potential Loyalists
17251,2009-12-15 10:36:00,2010-12-12 11:06:00,3,798.98,377,363,362,266.33,2,3,3,233,Hibernating
17252,2011-06-06 16:41:00,2011-08-15 09:45:00,2,348.91,192,117,69,174.46,3,3,2,332,Need Attention
17253,2011-11-21 12:59:00,2011-11-21 12:59:00,1,178.26,43,18,0,178.26,5,2,1,521,Potential Loyalists
17254,2010-11-03 14:00:00,2011-12-05 12:46:00,3,469.48,397,5,396,156.49,5,3,2,532,Potential Loyalists
17255,2010-09-19 15:53:00,2011-10-30 12:18:00,4,781.7,583,41,405,195.42,4,4,3,443,Loyal Customers
17256,2010-04-18 13:40:00,2011-08-24 13:30:00,5,498.93,299,107,492,99.79,3,4,2,342,Loyal Customers
17257,2010-09-29 12:49:00,2010-09-29 12:51:00,2,189.78,187,436,0,94.89,1,3,1,131,Hibernating
17258,2010-02-12 15:51:00,2010-11-08 12:37:00,2,417.3,188,397,268,208.65,2,3,2,232,Hibernating
17259,2010-02-22 13:38:00,2011-07-14 15:01:00,6,1820.34,1100,148,507,303.39,3,4,4,344,Loyal Customers
17260,2010-10-24 13:21:00,2010-10-24 13:21:00,1,120.95,23,411,0,120.95,1,2,1,121,Lost Customers
17261,2010-07-18 11:49:00,2010-07-18 11:49:00,1,221.59,95,510,0,221.59,1,2,1,121,Lost Customers
17262,2009-12-15 11:26:00,2011-10-18 12:56:00,11,2757.62,709,52,672,250.69,4,5,4,454,Champions
17263,2011-05-15 14:32:00,2011-05-15 14:32:00,1,63.44,36,208,0,63.44,2,2,1,221,Hibernating
17264,2010-10-11 12:52:00,2010-10-11 12:52:00,1,268.28,217,424,0,268.28,1,2,1,121,Lost Customers
17265,2011-06-12 12:00:00,2011-07-24 10:49:00,2,550.01,389,139,41,275.0,3,3,2,332,Need Attention
17266,2010-03-09 10:42:00,2011-12-07 14:12:00,5,501.72,243,2,638,100.34,5,4,2,542,Loyal Customers
17267,2011-08-04 17:19:00,2011-08-04 17:22:00,2,317.2,158,127,0,158.6,3,3,2,332,Need Attention
17268,2009-12-08 11:46:00,2011-08-24 10:06:00,11,1733.89,1395,108,623,157.63,3,5,4,354,Loyal Customers
17269,2010-11-19 11:12:00,2010-11-19 11:12:00,1,491.81,314,386,0,491.81,2,2,2,222,Hibernating
17270,2009-12-07 17:18:00,2010-08-27 14:09:00,2,601.45,420,469,262,300.73,1,3,2,132,Hibernating
17271,2009-12-03 13:49:00,2009-12-03 13:49:00,1,204.3,113,736,0,204.3,1,2,1,121,Lost Customers
17272,2011-03-22 12:05:00,2011-10-28 16:37:00,4,2148.63,1778,42,220,537.16,4,4,4,444,Champions
17273,2010-10-11 15:57:00,2010-10-11 15:57:00,1,141.12,133,424,0,141.12,1,2,1,121,Lost Customers
17274,2010-11-09 12:06:00,2011-11-04 13:16:00,2,573.22,271,35,360,286.61,4,3,2,432,Potential Loyalists
17275,2010-11-21 13:26:00,2010-11-21 13:26:00,1,114.1,71,383,0,114.1,2,2,1,221,Hibernating
17276,2010-11-02 16:20:00,2010-11-02 16:20:00,1,502.49,187,402,0,502.49,2,2,2,222,Hibernating
17277,2011-01-21 12:37:00,2011-04-26 12:47:00,2,1065.35,430,228,95,532.67,2,3,3,233,Hibernating
17278,2010-05-23 13:49:00,2011-04-12 13:10:00,2,271.24,195,241,323,135.62,2,3,1,231,Hibernating
17279,2011-10-13 11:58:00,2011-10-13 11:58:00,1,187.83,48,58,0,187.83,4,2,1,421,Potential Loyalists
17280,2010-09-27 16:46:00,2010-09-27 16:46:00,1,118.86,74,438,0,118.86,1,2,1,121,Lost Customers
17281,2010-02-04 13:00:00,2010-11-30 18:05:00,6,797.85,295,374,299,132.98,2,4,3,243,At Risk
17282,2010-06-09 12:07:00,2011-08-01 14:29:00,5,2308.54,2332,130,418,461.71,3,4,4,344,Loyal Customers
17283,2010-11-26 11:53:00,2010-11-26 11:53:00,1,188.46,179,379,0,188.46,2,2,1,221,Hibernating
17284,2010-09-20 16:18:00,2011-10-10 14:38:00,8,2788.06,2069,60,384,348.51,3,5,4,354,Loyal Customers
17285,2010-02-14 14:10:00,2010-03-21 13:38:00,2,407.94,134,628,34,203.97,1,3,2,132,Hibernating
17286,2010-11-04 13:43:00,2011-11-18 12:47:00,3,389.18,368,22,378,129.73,4,3,2,432,Potential Loyalists
17287,2009-12-03 12:45:00,2011-11-13 13:27:00,21,4049.56,2063,26,710,192.84,4,5,5,455,Champions
17288,2010-11-10 14:44:00,2011-11-30 16:09:00,11,2468.43,1699,9,385,224.4,5,5,4,554,Champions
17289,2010-03-08 12:52:00,2011-11-08 12:01:00,9,2041.8,1237,32,609,226.87,4,5,4,454,Champions
17290,2009-12-13 13:28:00,2011-12-06 12:38:00,8,1487.96,1139,4,722,186.0,5,5,4,554,Champions
17291,2011-02-04 13:04:00,2011-02-04 13:04:00,1,550.8,72,308,0,550.8,2,2,2,222,Hibernating
17292,2010-05-09 14:52:00,2010-08-24 17:14:00,2,271.75,131,472,107,135.88,1,3,1,131,Hibernating
17293,2009-12-03 15:09:00,2011-12-01 14:37:00,17,3750.63,2228,8,727,220.63,5,5,5,555,Champions
17294,2010-02-08 14:21:00,2010-02-08 16:12:00,2,467.79,297,669,0,233.9,1,3,2,132,Hibernating
17295,2011-10-06 12:22:00,2011-11-11 10:49:00,3,547.0,293,29,35,182.33,4,3,2,432,Potential Loyalists
17296,2009-12-09 14:01:00,2009-12-09 14:01:00,1,338.13,216,730,0,338.13,1,2,2,122,Lost Customers
17297,2011-11-22 14:43:00,2011-11-22 14:43:00,1,128.18,65,17,0,128.18,5,2,1,521,Potential Loyalists
17298,2010-03-08 08:56:00,2011-08-30 16:43:00,5,954.26,852,101,540,190.85,3,4,3,343,Loyal Customers
17299,2010-08-15 16:00:00,2011-11-28 12:01:00,6,993.23,919,12,469,165.54,5,4,3,543,Loyal Customers
17300,2010-08-15 11:02:00,2010-11-14 10:56:00,2,393.64,467,391,90,196.82,2,3,2,232,Hibernating
17301,2010-03-25 13:16:00,2011-11-18 13:43:00,2,294.39,216,21,603,147.2,4,3,2,432,Potential Loyalists
17302,2011-02-07 10:14:00,2011-11-25 09:36:00,5,1135.63,575,15,290,227.13,5,4,3,543,Loyal Customers
17303,2010-12-13 13:32:00,2010-12-13 13:32:00,1,250.04,144,361,0,250.04,2,2,1,221,Hibernating
17304,2010-06-23 16:23:00,2010-06-23 16:23:00,1,111.5,73,534,0,111.5,1,2,1,121,Lost Customers
17305,2010-03-01 12:47:00,2010-03-01 12:47:00,1,2135.46,1006,649,0,2135.46,1,2,4,124,Lost Customers
17306,2010-11-01 11:38:00,2011-11-29 12:14:00,21,9782.35,13747,11,393,465.83,5,5,5,555,Champions
17307,2010-01-19 16:38:00,2010-11-09 13:40:00,11,3999.89,3667,395,293,363.63,2,5,5,255,At Risk
17308,2010-09-13 09:35:00,2010-11-11 13:19:00,2,4511.76,5148,393,59,2255.88,2,3,5,235,Hibernating
17309,2010-02-04 15:49:00,2011-09-05 15:20:00,3,320.39,181,95,577,106.8,3,3,2,332,Need Attention
17310,2010-06-23 11:38:00,2010-11-17 16:00:00,2,1025.1,402,387,147,512.55,2,3,3,233,Hibernating
17311,2010-02-03 12:38:00,2011-09-22 14:11:00,6,3566.56,2755,78,596,594.43,3,4,5,345,Loyal Customers
17312,2011-07-03 13:12:00,2011-07-24 11:52:00,3,644.3,372,139,20,214.77,3,3,3,333,Need Attention
17313,2011-11-08 15:45:00,2011-11-08 15:45:00,1,2328.84,1402,31,0,2328.84,4,2,4,424,Potential Loyalists
17314,2009-12-03 11:25:00,2011-11-15 09:41:00,17,4904.43,3663,25,711,288.5,4,5,5,455,Champions
17315,2010-09-27 12:45:00,2011-12-08 12:15:00,43,9599.58,5088,2,436,223.25,5,5,5,555,Champions
17316,2010-10-15 14:35:00,2010-10-15 14:35:00,1,124.45,44,420,0,124.45,1,2,1,121,Lost Customers
17317,2011-09-11 12:45:00,2011-10-24 17:19:00,3,2600.34,1146,46,43,866.78,4,3,4,434,Potential Loyalists
17318,2009-12-14 13:11:00,2009-12-14 13:11:00,1,157.33,59,725,0,157.33,1,2,1,121,Lost Customers
17319,2010-02-08 15:47:00,2010-02-08 15:47:00,1,29.1,14,669,0,29.1,1,2,1,121,Lost Customers
17320,2010-01-21 16:29:00,2011-08-31 13:31:00,6,2895.77,1392,100,586,482.63,3,4,4,344,Loyal Customers
17321,2010-05-11 12:10:00,2011-12-01 13:41:00,6,1665.21,790,8,569,277.54,5,4,4,544,Champions
17322,2009-12-03 11:46:00,2010-11-28 14:41:00,5,922.59,631,376,360,184.52,2,4,3,243,At Risk
17323,2010-01-10 11:58:00,2011-11-24 17:29:00,12,1551.04,1426,15,683,129.25,5,5,4,554,Champions
17324,2009-12-18 15:29:00,2011-11-22 10:34:00,12,2298.12,1536,18,703,191.51,5,5,4,554,Champions
17325,2010-03-08 11:31:00,2011-03-04 13:09:00,3,609.57,465,280,361,203.19,2,3,2,232,Hibernating
17326,2010-06-28 14:05:00,2010-10-27 15:38:00,2,312.35,136,408,121,156.18,2,3,2,232,Hibernating
17327,2010-05-26 11:20:00,2010-10-26 09:54:00,2,152.35,59,410,152,76.18,1,3,1,131,Hibernating
17328,2010-02-04 17:11:00,2010-02-04 17:11:00,1,104.7,86,673,0,104.7,1,2,1,121,Lost Customers
17329,2009-12-03 16:09:00,2011-11-25 14:24:00,5,998.53,430,14,721,199.71,5,4,3,543,Loyal Customers
17330,2010-03-02 09:20:00,2011-11-17 08:56:00,4,423.8,122,23,624,105.95,4,4,2,442,Loyal Customers
17331,2011-08-08 11:55:00,2011-08-08 11:55:00,1,175.2,16,124,0,175.2,3,2,1,321,Need Attention
17332,2010-02-21 14:41:00,2010-06-29 16:10:00,5,838.27,794,528,128,167.65,1,4,3,143,At Risk
17333,2011-09-15 10:11:00,2011-09-15 10:11:00,1,494.25,375,86,0,494.25,3,2,2,322,Need Attention
17334,2010-10-29 12:16:00,2011-02-10 14:59:00,3,635.15,566,302,104,211.72,2,3,3,233,Hibernating
17335,2010-01-24 11:15:00,2010-11-21 10:17:00,2,497.04,210,384,300,248.52,2,3,2,232,Hibernating
17336,2010-08-24 15:37:00,2010-08-24 15:37:00,1,81.12,48,472,0,81.12,1,2,1,121,Lost Customers
17337,2011-02-02 17:06:00,2011-07-11 14:55:00,4,1981.06,1247,151,158,495.26,3,4,4,344,Loyal Customers
17338,2010-03-10 16:09:00,2011-11-22 14:23:00,17,11889.33,5780,17,621,699.37,5,5,5,555,Champions
17339,2010-07-18 13:08:00,2011-09-06 13:29:00,3,362.36,188,94,415,120.79,3,3,2,332,Need Attention
17340,2010-02-14 14:54:00,2011-11-10 10:45:00,18,22289.22,11162,30,633,1238.29,4,5,5,455,Champions
17341,2010-06-17 18:17:00,2011-07-06 12:33:00,5,1688.82,1077,157,383,337.76,3,4,4,344,Loyal Customers
17342,2010-02-08 09:16:00,2010-11-25 11:07:00,4,1227.54,521,380,290,306.88,2,4,3,243,At Risk
17343,2009-12-03 18:30:00,2010-12-19 15:07:00,6,1259.94,454,355,380,209.99,2,4,4,244,At Risk
17344,2009-12-11 12:31:00,2011-10-24 12:56:00,2,457.36,200,46,682,228.68,4,3,2,432,Potential Loyalists
17345,2009-12-01 16:17:00,2011-11-24 15:03:00,10,1586.63,2008,15,722,158.66,5,5,4,554,Champions
17346,2010-04-18 12:18:00,2011-12-06 12:18:00,26,5132.72,3523,4,597,197.41,5,5,5,555,Champions
17347,2011-09-14 13:12:00,2011-09-14 13:12:00,1,228.96,216,86,0,228.96,3,2,1,321,Need Attention
17348,2010-03-10 12:13:00,2011-11-25 11:25:00,9,2442.29,2766,15,624,271.37,5,5,4,554,Champions
17349,2010-03-18 14:26:00,2011-06-13 14:29:00,5,772.41,772,179,452,154.48,3,4,3,343,Loyal Customers
17350,2010-02-01 15:38:00,2011-12-01 15:47:00,7,1893.7,1178,8,668,270.53,5,4,4,544,Champions
17351,2009-12-10 18:43:00,2011-11-03 18:45:00,12,1988.23,383,36,693,165.69,4,5,4,454,Champions
17352,2010-01-12 16:13:00,2010-01-12 16:13:00,1,36.25,15,696,0,36.25,1,2,1,121,Lost Customers
17353,2010-03-25 12:52:00,2011-08-02 17:19:00,4,3242.0,2168,129,495,810.5,3,4,5,345,Loyal Customers
17354,2010-10-07 13:22:00,2011-10-20 10:34:00,4,3133.96,2531,51,377,783.49,4,4,5,445,Champions
17355,2010-11-18 13:18:00,2010-11-18 13:18:00,1,273.31,249,386,0,273.31,2,2,1,221,Hibernating
17356,2010-01-20 12:14:00,2011-02-01 11:07:00,5,946.47,925,312,376,189.29,2,4,3,243,At Risk
17357,2011-11-15 16:29:00,2011-11-15 16:30:00,2,384.39,152,24,0,192.2,4,3,2,432,Potential Loyalists
17358,2010-02-24 16:42:00,2011-02-09 16:57:00,5,861.01,430,303,350,172.2,2,4,3,243,At Risk
17359,2010-03-01 14:48:00,2011-11-28 14:37:00,2,284.46,237,11,636,142.23,5,3,1,531,Potential Loyalists
17360,2010-10-01 12:07:00,2011-11-22 13:11:00,6,1200.51,624,17,417,200.08,5,4,3,543,Loyal Customers
17361,2010-02-01 14:30:00,2011-10-21 15:43:00,5,871.79,380,49,627,174.36,4,4,3,443,Loyal Customers
17362,2010-01-06 10:53:00,2011-04-14 14:43:00,7,1024.04,549,239,463,146.29,2,4,3,243,At Risk
17363,2010-11-02 17:25:00,2010-11-09 17:11:00,3,920.46,499,395,6,306.82,2,3,3,233,Hibernating
17364,2009-12-07 15:28:00,2011-12-09 09:00:00,28,11972.92,7464,1,731,427.6,5,5,5,555,Champions
17365,2010-02-01 11:56:00,2011-11-27 12:13:00,15,8184.49,8015,13,664,545.63,5,5,5,555,Champions
17366,2010-09-09 19:46:00,2010-10-03 16:04:00,2,1077.24,504,432,23,538.62,1,3,3,133,Hibernating
17367,2011-04-15 14:21:00,2011-04-15 14:21:00,1,167.55,149,238,0,167.55,2,2,1,221,Hibernating
17368,2009-12-15 17:45:00,2011-11-16 15:26:00,14,2758.29,2319,23,700,197.02,4,5,4,454,Champions
17369,2010-09-10 09:49:00,2010-09-10 09:49:00,1,979.2,1152,456,0,979.2,1,2,3,123,Lost Customers
17370,2011-06-23 11:50:00,2011-09-28 10:14:00,4,446.18,540,73,96,111.54,3,4,2,342,Loyal Customers
17371,2009-12-08 12:25:00,2011-11-22 13:30:00,6,655.37,281,17,714,109.23,5,4,3,543,Loyal Customers
17372,2009-12-03 18:41:00,2011-10-30 11:37:00,28,4347.31,1863,41,695,155.26,4,5,5,455,Champions
17373,2010-02-28 14:17:00,2011-10-30 15:28:00,7,1167.5,738,40,609,166.79,4,4,3,443,Loyal Customers
17374,2010-11-09 17:14:00,2011-05-05 09:05:00,3,727.11,155,219,176,242.37,2,3,3,233,Hibernating
17375,2010-10-04 09:14:00,2011-05-24 15:45:00,4,660.55,480,199,232,165.14,2,4,3,243,At Risk
17376,2010-07-05 11:11:00,2011-09-30 12:36:00,4,453.64,244,71,452,113.41,3,4,2,342,Loyal Customers
17377,2009-12-02 12:39:00,2011-11-16 11:17:00,78,18232.57,7524,24,713,233.75,4,5,5,455,Champions
17378,2010-11-30 18:46:00,2010-11-30 18:46:00,1,10.95,1,374,0,10.95,2,2,1,221,Hibernating
17379,2011-11-28 13:56:00,2011-11-28 13:56:00,1,389.72,623,11,0,389.72,5,2,2,522,Potential Loyalists
17380,2010-06-23 11:24:00,2010-10-01 16:42:00,3,645.0,252,434,100,215.0,1,3,3,133,Hibernating
17381,2010-06-09 12:55:00,2011-12-01 11:59:00,38,40002.37,45767,9,539,1052.69,5,5,5,555,Champions
17382,2010-05-19 11:33:00,2011-10-05 13:05:00,8,902.28,457,65,504,112.78,3,5,3,353,Loyal Customers
17383,2010-09-12 14:54:00,2011-12-05 17:36:00,2,304.09,160,4,449,152.04,5,3,2,532,Potential Loyalists
17384,2010-08-29 16:01:00,2011-11-20 15:48:00,3,507.55,121,19,447,169.18,4,3,2,432,Potential Loyalists
17385,2011-11-25 11:02:00,2011-11-25 11:02:00,1,256.11,197,15,0,256.11,5,2,1,521,Potential Loyalists
17386,2010-11-19 13:40:00,2011-12-02 11:28:00,7,2812.77,1955,8,377,401.82,5,4,4,544,Champions
17387,2011-11-06 11:25:00,2011-11-20 11:00:00,2,746.81,522,20,13,373.4,4,3,3,433,Potential Loyalists
17388,2009-12-10 11:45:00,2011-09-23 10:31:00,11,2675.37,2555,78,651,243.22,3,5,4,354,Loyal Customers
17389,2009-12-04 12:06:00,2011-12-09 09:38:00,61,57215.33,17880,1,734,937.96,5,5,5,555,Champions
17390,2010-10-15 11:29:00,2010-10-15 11:29:00,1,149.3,49,421,0,149.3,1,2,1,121,Lost Customers
17391,2011-06-28 12:21:00,2011-06-29 09:58:00,2,508.8,480,164,0,254.4,3,3,2,332,Need Attention
17392,2010-09-15 16:17:00,2011-02-06 12:48:00,3,585.92,450,307,143,195.31,2,3,2,232,Hibernating
17393,2010-08-08 15:53:00,2010-10-25 11:10:00,2,381.15,238,411,77,190.58,1,3,2,132,Hibernating
17394,2011-05-04 13:22:00,2011-05-04 13:22:00,1,203.87,241,219,0,203.87,2,2,1,221,Hibernating
17395,2010-07-19 15:34:00,2010-07-19 15:34:00,1,97.5,66,508,0,97.5,1,2,1,121,Lost Customers
17396,2010-09-24 13:04:00,2011-10-31 14:12:00,14,8807.1,2419,39,402,629.08,4,5,5,455,Champions
17397,2010-10-19 13:20:00,2011-11-17 14:08:00,3,1198.28,691,22,394,399.43,4,3,3,433,Potential Loyalists
17398,2011-03-29 13:04:00,2011-08-17 09:48:00,3,653.38,310,115,140,217.79,3,3,3,333,Need Attention
17400,2009-12-17 15:41:00,2011-08-05 15:38:00,8,4623.28,2185,126,595,577.91,3,5,5,355,Loyal Customers
17401,2010-06-16 16:54:00,2010-06-16 16:54:00,1,114.85,34,541,0,114.85,1,2,1,121,Lost Customers
17402,2009-12-16 17:40:00,2011-12-05 10:15:00,23,5095.53,1570,5,718,221.54,5,5,5,555,Champions
17403,2010-09-15 12:29:00,2011-11-03 15:18:00,2,382.87,188,36,414,191.44,4,3,2,432,Potential Loyalists
17404,2010-01-07 11:31:00,2011-12-05 16:26:00,23,47781.12,50679,4,697,2077.44,5,5,5,555,Champions
17405,2011-07-12 14:17:00,2011-12-08 17:12:00,3,1031.41,726,1,149,343.8,5,3,3,533,Potential Loyalists
17406,2009-12-06 13:45:00,2011-01-10 15:07:00,13,4889.05,2117,333,400,376.08,2,5,5,255,At Risk
17407,2010-10-24 11:57:00,2010-10-24 11:57:00,1,552.9,426,412,0,552.9,1,2,2,122,Lost Customers
17408,2010-07-13 14:02:00,2011-06-29 12:53:00,3,316.09,163,163,350,105.36,3,3,2,332,Need Attention
17409,2009-12-11 12:17:00,2011-06-08 10:36:00,10,7793.51,4089,185,543,779.35,3,5,5,355,Loyal Customers
17410,2011-05-08 15:21:00,2011-11-23 15:46:00,5,1214.72,616,16,199,242.94,5,4,3,543,Loyal Customers
17411,2009-12-03 12:02:00,2011-11-27 14:25:00,5,1425.38,608,12,724,285.08,5,4,4,544,Champions
17412,2009-12-02 13:51:00,2011-12-07 11:36:00,16,4417.52,2604,3,734,276.1,5,5,5,555,Champions
17413,2010-05-19 11:11:00,2010-10-31 12:33:00,2,560.14,302,405,165,280.07,2,3,2,232,Hibernating
17414,2009-12-03 16:49:00,2011-10-27 12:13:00,6,2249.52,6256,44,692,374.92,4,4,4,444,Champions
17415,2011-09-21 12:50:00,2011-09-21 12:50:00,1,507.84,114,80,0,507.84,3,2,2,322,Need Attention
17416,2009-12-14 16:29:00,2011-11-10 12:47:00,22,17298.45,8769,30,695,786.29,4,5,5,455,Champions
17417,2010-06-09 10:00:00,2010-06-09 10:00:00,1,164.18,76,549,0,164.18,1,2,1,121,Lost Customers
17418,2010-11-17 13:42:00,2011-10-28 13:00:00,3,670.06,521,42,344,223.35,4,3,3,433,Potential Loyalists
17419,2010-01-25 13:19:00,2011-11-28 13:47:00,18,6500.52,3087,11,672,361.14,5,5,5,555,Champions
17420,2010-11-03 13:09:00,2011-10-20 14:52:00,6,1084.43,499,50,351,180.74,4,4,3,443,Loyal Customers
17421,2009-12-04 15:43:00,2010-11-18 16:57:00,3,1059.41,807,386,349,353.14,2,3,3,233,Hibernating
17422,2010-06-23 10:19:00,2011-11-23 13:27:00,11,3594.76,3538,16,518,326.8,5,5,5,555,Champions
17423,2010-11-11 12:26:00,2011-10-24 13:36:00,3,1118.95,790,46,347,372.98,4,3,3,433,Potential Loyalists
17425,2011-10-10 11:37:00,2011-11-20 15:30:00,2,759.17,407,19,41,379.58,4,3,3,433,Potential Loyalists
17426,2010-02-17 13:39:00,2011-12-01 18:07:00,13,8077.77,5187,8,652,621.37,5,5,5,555,Champions
17427,2011-09-29 11:29:00,2011-09-29 11:29:00,1,100.8,34,72,0,100.8,3,2,1,321,Need Attention
17428,2009-12-01 17:28:00,2011-12-09 09:45:00,45,31819.76,17504,1,737,707.11,5,5,5,555,Champions
17429,2010-10-06 12:30:00,2011-08-03 13:22:00,5,1357.46,1286,128,301,271.49,3,4,4,344,Loyal Customers
17430,2010-08-17 11:52:00,2011-11-07 09:24:00,4,735.17,515,33,446,183.79,4,4,3,443,Loyal Customers
17431,2011-01-30 14:36:00,2011-01-30 14:36:00,1,403.3,292,313,0,403.3,2,2,2,222,Hibernating
17432,2009-12-03 19:13:00,2011-11-21 17:33:00,9,1728.99,1008,18,717,192.11,5,5,4,554,Champions
17433,2010-11-19 13:37:00,2011-09-12 14:24:00,2,569.96,305,88,297,284.98,3,3,2,332,Need Attention
17434,2011-09-15 13:54:00,2011-12-07 13:16:00,7,2373.82,1693,2,82,339.12,5,4,4,544,Champions
17435,2010-10-24 13:55:00,2010-10-24 13:55:00,1,331.35,195,411,0,331.35,1,2,2,122,Lost Customers
17436,2009-12-07 12:31:00,2011-12-08 12:30:00,5,534.06,178,2,730,106.81,5,4,2,542,Loyal Customers
17437,2010-06-28 11:11:00,2010-06-28 11:11:00,1,369.68,283,530,0,369.68,1,2,2,122,Lost Customers
17438,2010-03-08 16:53:00,2011-03-31 10:26:00,5,1422.77,553,254,387,284.55,2,4,4,244,At Risk
17439,2010-02-22 12:48:00,2010-02-22 12:48:00,1,325.74,370,656,0,325.74,1,2,2,122,Lost Customers
17440,2010-06-08 14:40:00,2011-07-06 11:54:00,4,323.58,282,157,392,80.9,3,4,2,342,Loyal Customers
17441,2009-12-07 13:32:00,2009-12-07 13:32:00,1,293.35,245,732,0,293.35,1,2,2,122,Lost Customers
17442,2010-02-15 15:54:00,2011-11-03 09:17:00,15,4620.3,3134,37,625,308.02,4,5,5,455,Champions
17443,2011-05-04 10:47:00,2011-05-04 10:47:00,1,534.24,504,220,0,534.24,2,2,2,222,Hibernating
17444,2011-06-20 09:04:00,2011-07-15 12:05:00,3,2940.04,2119,148,25,980.01,3,3,4,334,Big Spenders
17446,2011-02-02 14:40:00,2011-06-16 10:42:00,2,120.9,198,177,133,60.45,3,3,1,331,Need Attention
17447,2011-09-29 10:10:00,2011-10-30 14:18:00,2,541.53,443,40,31,270.76,4,3,2,432,Potential Loyalists
17448,2010-03-04 17:29:00,2010-07-30 14:07:00,46,14523.67,11534,497,147,315.73,1,5,5,155,At Risk
17449,2009-12-09 14:16:00,2011-12-07 16:56:00,13,4868.15,2483,2,728,374.47,5,5,5,555,Champions
17450,2010-09-27 16:59:00,2011-12-01 13:29:00,51,246813.09,84700,8,429,4839.47,5,5,5,555,Champions
17451,2011-08-26 11:54:00,2011-12-08 15:02:00,7,1721.4,1203,1,104,245.91,5,4,4,544,Champions
17453,2011-10-06 17:02:00,2011-11-22 09:42:00,2,486.72,219,18,46,243.36,5,3,2,532,Potential Loyalists
17454,2010-01-15 15:40:00,2011-05-31 13:58:00,10,1547.94,727,192,500,154.79,2,5,4,254,At Risk
17455,2011-05-20 12:31:00,2011-05-20 12:31:00,1,131.7,66,204,0,131.7,2,2,1,221,Hibernating
17456,2010-09-09 15:28:00,2010-12-09 15:23:00,2,1225.42,730,365,90,612.71,2,3,3,233,Hibernating
17457,2009-12-07 14:52:00,2011-08-05 12:48:00,14,5984.81,2695,127,605,427.49,3,5,5,355,Loyal Customers
17458,2010-11-23 11:43:00,2011-11-24 13:01:00,2,529.58,282,15,366,264.79,5,3,2,532,Potential Loyalists
17459,2011-10-10 17:00:00,2011-10-27 13:25:00,2,657.3,537,43,16,328.65,4,3,3,433,Potential Loyalists
17460,2010-01-22 13:25:00,2011-09-06 15:04:00,16,2228.27,980,94,592,139.27,3,5,4,354,Loyal Customers
17461,2011-11-10 12:01:00,2011-11-17 10:21:00,3,735.82,770,23,6,245.27,4,3,3,433,Potential Loyalists
17462,2011-02-28 17:01:00,2011-10-10 13:56:00,2,675.69,227,60,223,337.84,3,3,3,333,Need Attention
17463,2010-04-29 17:57:00,2011-11-23 13:40:00,7,2535.26,1480,16,572,362.18,5,4,4,544,Champions
17464,2010-03-30 13:15:00,2011-07-04 13:19:00,3,907.14,608,158,461,302.38,3,3,3,333,Need Attention
17465,2009-12-03 13:25:00,2010-10-10 11:56:00,7,2542.79,1477,426,310,363.26,1,4,4,144,At Risk
17466,2011-09-22 09:16:00,2011-11-29 13:15:00,2,763.28,306,10,68,381.64,5,3,3,533,Potential Loyalists
17467,2010-11-09 12:58:00,2010-11-09 12:58:00,1,102.6,20,395,0,102.6,2,2,1,221,Hibernating
17468,2010-11-29 17:25:00,2011-11-29 15:33:00,3,194.8,184,10,364,64.93,5,3,1,531,Potential Loyalists
17469,2009-12-16 15:06:00,2011-11-23 13:15:00,17,5051.25,2304,16,706,297.13,5,5,5,555,Champions
17470,2010-07-19 16:16:00,2011-10-26 12:42:00,11,2804.87,2843,45,463,254.99,4,5,4,454,Champions
17471,2010-08-22 11:53:00,2010-08-22 11:53:00,1,321.65,153,475,0,321.65,1,2,2,122,Lost Customers
17472,2010-03-21 13:27:00,2011-06-01 14:57:00,4,922.35,551,191,437,230.59,2,4,3,243,At Risk
17473,2010-09-09 19:03:00,2010-10-27 11:45:00,2,607.0,270,409,47,303.5,2,3,2,232,Hibernating
17474,2010-04-19 10:43:00,2010-04-19 10:43:00,1,1047.0,200,600,0,1047.0,1,2,3,123,Lost Customers
17475,2011-09-21 14:55:00,2011-09-21 14:55:00,1,194.37,178,79,0,194.37,3,2,1,321,Need Attention
17476,2009-12-02 12:09:00,2010-11-09 10:21:00,2,489.86,224,396,341,244.93,2,3,2,232,Hibernating
17477,2010-03-02 11:53:00,2010-04-06 10:06:00,2,1144.3,225,613,34,572.15,1,3,3,133,Hibernating
17478,2010-03-16 14:19:00,2010-10-27 15:01:00,2,1272.8,516,408,225,636.4,2,3,4,234,Hibernating
17479,2010-03-17 09:26:00,2010-03-17 09:26:00,1,389.26,266,633,0,389.26,1,2,2,122,Lost Customers
17480,2010-09-21 12:31:00,2011-09-23 11:39:00,2,882.23,581,78,366,441.12,3,3,3,333,Need Attention
17481,2011-09-07 09:57:00,2011-12-06 12:28:00,4,1255.59,1061,4,90,313.9,5,4,4,544,Champions
17482,2010-05-10 14:10:00,2010-08-09 15:33:00,2,775.64,240,487,91,387.82,1,3,3,133,Hibernating
17483,2010-10-21 12:43:00,2011-10-05 13:10:00,4,591.73,265,65,349,147.93,3,4,2,342,Loyal Customers
17484,2010-03-25 16:17:00,2010-05-12 15:41:00,2,209.57,339,576,47,104.78,1,3,1,131,Hibernating
17486,2011-03-23 14:00:00,2011-03-23 14:00:00,1,396.87,191,261,0,396.87,2,2,2,222,Hibernating
17487,2009-12-11 15:06:00,2009-12-11 15:06:00,1,160.55,37,728,0,160.55,1,2,1,121,Lost Customers
17488,2010-03-08 14:07:00,2010-03-08 14:07:00,1,336.5,136,641,0,336.5,1,2,2,122,Lost Customers
17489,2011-05-11 11:34:00,2011-10-12 08:56:00,2,376.64,428,59,153,188.32,3,3,2,332,Need Attention
17490,2010-05-19 12:40:00,2011-12-09 09:08:00,9,2750.5,1531,1,568,305.61,5,5,4,554,Champions
17491,2010-04-28 11:57:00,2011-12-08 16:18:00,17,5981.07,3630,1,589,351.83,5,5,5,555,Champions
17492,2010-07-09 13:27:00,2011-04-05 15:21:00,3,1122.42,450,248,270,374.14,2,3,3,233,Hibernating
17493,2010-11-19 16:57:00,2010-11-19 16:57:00,1,100.91,62,385,0,100.91,2,2,1,221,Hibernating
17494,2010-07-26 10:06:00,2010-07-26 10:06:00,1,54.7,26,502,0,54.7,1,2,1,121,Lost Customers
17495,2010-11-14 11:50:00,2011-12-02 12:08:00,3,806.72,367,8,383,268.91,5,3,3,533,Potential Loyalists
17496,2010-01-14 13:36:00,2010-12-16 08:39:00,4,1412.89,675,359,335,353.22,2,4,4,244,At Risk
17497,2010-04-08 08:01:00,2010-11-14 14:17:00,2,287.25,59,390,220,143.62,2,3,1,231,Hibernating
17498,2011-09-25 12:25:00,2011-09-25 12:25:00,1,272.22,394,76,0,272.22,3,2,1,321,Need Attention
17499,2010-05-27 09:59:00,2011-02-23 09:14:00,2,1341.39,1086,290,271,670.7,2,3,4,234,Hibernating
17500,2011-11-10 09:08:00,2011-11-22 14:25:00,3,1138.0,17,17,12,379.33,5,3,3,533,Potential Loyalists
17501,2011-05-03 09:46:00,2011-05-03 09:47:00,2,288.6,160,221,0,144.3,2,3,1,231,Hibernating
17502,2011-11-10 16:39:00,2011-11-30 13:13:00,4,689.1,376,9,19,172.28,5,4,3,543,Loyal Customers
17503,2011-11-01 11:12:00,2011-12-07 09:18:00,2,558.96,486,3,35,279.48,5,3,2,532,Potential Loyalists
17504,2010-02-08 09:22:00,2011-05-17 12:59:00,18,9490.17,5420,206,463,527.23,2,5,5,255,At Risk
17505,2010-04-13 16:33:00,2011-07-01 12:50:00,5,2435.48,1242,162,443,487.1,3,4,4,344,Loyal Customers
17506,2011-09-25 11:39:00,2011-09-25 11:39:00,1,302.2,139,76,0,302.2,3,2,2,322,Need Attention
17507,2011-02-03 18:08:00,2011-03-23 11:48:00,2,605.58,359,262,47,302.79,2,3,2,232,Hibernating
17508,2009-12-07 11:46:00,2011-03-04 08:10:00,8,4579.23,2891,281,451,572.4,2,5,5,255,At Risk
17509,2011-10-07 13:14:00,2011-10-13 10:26:00,8,6083.64,3512,58,5,760.46,4,5,5,455,Champions
17510,2010-10-15 10:20:00,2011-11-15 10:00:00,2,514.56,422,25,395,257.28,4,3,2,432,Potential Loyalists
17511,2009-12-02 10:52:00,2011-12-07 10:12:00,60,175603.55,119656,3,734,2926.73,5,5,5,555,Champions
17512,2009-12-10 19:35:00,2011-11-11 12:11:00,18,5467.82,5434,29,700,303.77,4,5,5,455,Champions
17513,2010-08-17 15:08:00,2011-09-28 16:42:00,3,1158.8,440,72,407,386.27,3,3,3,333,Need Attention
17514,2010-02-08 14:00:00,2011-08-03 15:45:00,2,522.0,284,128,541,261.0,3,3,2,332,Need Attention
17515,2010-06-07 13:29:00,2011-11-08 14:04:00,9,1602.51,527,31,519,178.06,4,5,4,454,Champions
17516,2010-11-26 12:50:00,2011-11-24 16:51:00,6,947.5,522,15,363,157.92,5,4,3,543,Loyal Customers
17517,2011-02-04 11:48:00,2011-02-04 11:48:00,1,153.94,102,309,0,153.94,2,2,1,221,Hibernating
17518,2010-03-28 13:31:00,2010-10-10 12:40:00,2,329.42,267,426,195,164.71,1,3,2,132,Hibernating
17519,2009-12-01 09:57:00,2011-11-22 16:43:00,15,5109.47,3414,17,721,340.63,5,5,5,555,Champions
17520,2011-10-17 12:04:00,2011-10-17 12:04:00,1,546.81,365,54,0,546.81,4,2,2,422,Potential Loyalists
17521,2010-10-01 11:49:00,2011-11-10 11:22:00,5,1278.06,806,30,404,255.61,4,4,4,444,Champions
17522,2011-05-05 16:31:00,2011-12-08 12:31:00,5,1070.71,1034,2,216,214.14,5,4,3,543,Loyal Customers
17523,2011-11-20 13:40:00,2011-11-28 13:20:00,4,652.74,872,11,7,163.18,5,4,3,543,Loyal Customers
17524,2010-09-27 16:20:00,2010-12-13 14:32:00,3,539.14,362,361,76,179.71,2,3,2,232,Hibernating
17525,2010-10-07 09:12:00,2010-12-15 12:05:00,3,1161.9,338,360,69,387.3,2,3,3,233,Hibernating
17526,2009-12-17 16:18:00,2011-12-05 11:05:00,12,4166.04,1482,5,717,347.17,5,5,5,555,Champions
17527,2011-05-05 13:43:00,2011-10-17 12:32:00,4,939.37,488,54,164,234.84,4,4,3,443,Loyal Customers
17528,2011-09-29 13:04:00,2011-12-08 13:27:00,8,3628.5,2138,1,70,453.56,5,5,5,555,Champions
17529,2010-01-11 12:29:00,2010-04-08 17:51:00,2,1240.25,790,610,87,620.12,1,3,4,134,Hibernating
17530,2009-12-06 16:17:00,2011-12-08 18:42:00,12,3092.33,1935,1,732,257.69,5,5,5,555,Champions
17531,2010-03-31 12:57:00,2011-06-02 19:17:00,3,1266.82,472,190,428,422.27,2,3,4,234,Hibernating
17532,2010-11-19 08:13:00,2010-11-19 08:13:00,1,65.34,30,386,0,65.34,2,2,1,221,Hibernating
17533,2010-10-01 09:14:00,2010-10-01 09:14:00,1,34.8,24,435,0,34.8,1,2,1,121,Lost Customers
17534,2010-02-25 16:55:00,2011-10-17 12:47:00,5,1668.83,860,54,598,333.77,4,4,4,444,Champions
17535,2011-03-04 15:20:00,2011-03-04 15:20:00,1,164.4,136,280,0,164.4,2,2,1,221,Hibernating
17536,2010-01-26 12:00:00,2011-06-15 13:23:00,3,364.83,201,177,505,121.61,3,3,2,332,Need Attention
17537,2011-02-09 13:37:00,2011-11-10 10:56:00,2,887.67,699,30,273,443.84,4,3,3,433,Potential Loyalists
17538,2011-11-14 12:12:00,2011-11-14 12:12:00,1,98.42,134,26,0,98.42,4,2,1,421,Potential Loyalists
17539,2009-12-13 12:36:00,2010-04-01 12:07:00,4,1176.84,708,618,108,294.21,1,4,3,143,At Risk
17540,2010-04-19 09:47:00,2011-11-15 11:56:00,6,1590.6,588,25,575,265.1,4,4,4,444,Champions
17541,2010-07-18 11:36:00,2010-07-18 11:36:00,1,119.86,44,510,0,119.86,1,2,1,121,Lost Customers
17542,2010-03-08 12:08:00,2011-03-15 11:45:00,3,340.85,323,270,371,113.62,2,3,2,232,Hibernating
17543,2010-06-08 12:41:00,2010-06-08 12:41:00,1,120.05,62,550,0,120.05,1,2,1,121,Lost Customers
17544,2010-11-14 14:47:00,2010-11-14 15:08:00,3,944.82,410,390,0,314.94,2,3,3,233,Hibernating
17545,2010-05-11 10:04:00,2011-10-27 14:04:00,6,1409.86,682,43,534,234.98,4,4,4,444,Champions
17547,2010-02-12 14:34:00,2010-11-29 09:41:00,2,727.85,223,376,289,363.92,2,3,3,233,Hibernating
17548,2010-11-08 16:19:00,2011-04-20 12:01:00,4,731.26,494,234,162,182.82,2,4,3,243,At Risk
17549,2011-10-19 10:05:00,2011-11-16 09:59:00,2,148.86,210,24,27,74.43,4,3,1,431,Potential Loyalists
17550,2010-02-07 15:07:00,2011-05-26 14:09:00,9,2506.64,968,197,472,278.52,2,5,4,254,At Risk
17551,2010-12-15 14:12:00,2010-12-15 14:12:00,1,290.34,142,359,0,290.34,2,2,2,222,Hibernating
17552,2010-03-22 09:19:00,2011-10-10 17:00:00,12,3085.29,2095,60,567,257.11,3,5,5,355,Loyal Customers
17553,2010-04-08 09:44:00,2011-08-02 10:00:00,4,3757.6,2288,130,481,939.4,3,4,5,345,Loyal Customers
17554,2011-07-14 20:01:00,2011-12-08 14:15:00,5,1952.45,1763,1,146,390.49,5,4,4,544,Champions
17555,2010-05-02 16:02:00,2011-11-20 12:22:00,5,1045.74,739,20,566,209.15,4,4,3,443,Loyal Customers
17556,2010-11-25 17:00:00,2011-05-18 10:48:00,2,300.67,184,206,173,150.34,2,3,2,232,Hibernating
17557,2009-12-07 10:15:00,2011-11-25 12:57:00,4,575.46,310,14,718,143.86,5,4,2,542,Loyal Customers
17558,2010-11-11 14:36:00,2010-11-11 14:36:00,1,259.17,54,393,0,259.17,2,2,1,221,Hibernating
17559,2010-07-15 12:02:00,2010-07-15 12:02:00,1,167.62,270,513,0,167.62,1,2,1,121,Lost Customers
17560,2010-02-17 12:11:00,2011-09-06 09:18:00,8,1895.8,1588,95,565,236.98,3,5,4,354,Loyal Customers
17561,2009-12-06 13:29:00,2011-11-20 12:53:00,4,703.02,381,19,713,175.76,4,4,3,443,Loyal Customers
17562,2011-06-19 13:06:00,2011-11-25 14:21:00,7,1122.38,817,14,159,160.34,5,4,3,543,Loyal Customers
17563,2010-04-07 10:02:00,2010-05-10 14:54:00,2,392.38,256,578,33,196.19,1,3,2,132,Hibernating
17564,2011-09-20 14:00:00,2011-11-15 13:27:00,3,454.01,146,24,55,151.34,4,3,2,432,Potential Loyalists
17565,2010-05-02 11:54:00,2010-05-02 11:54:00,1,131.83,67,587,0,131.83,1,2,1,121,Lost Customers
17566,2011-11-14 13:42:00,2011-12-01 19:54:00,2,869.77,497,8,17,434.88,5,3,3,533,Potential Loyalists
17567,2010-09-24 10:48:00,2011-12-02 15:48:00,9,5356.03,3152,7,434,595.11,5,5,5,555,Champions
17568,2010-03-16 16:45:00,2010-03-16 16:45:00,1,374.45,275,633,0,374.45,1,2,2,122,Lost Customers
17569,2011-01-11 14:15:00,2011-01-11 14:15:00,1,344.14,159,332,0,344.14,2,2,2,222,Hibernating
17570,2010-11-23 11:56:00,2010-11-23 11:56:00,1,100.0,1,382,0,100.0,2,2,1,221,Hibernating
17571,2010-06-15 12:50:00,2011-10-20 15:57:00,5,1630.91,991,50,492,326.18,4,4,4,444,Champions
17572,2009-12-15 10:00:00,2011-09-29 17:53:00,10,723.01,351,71,653,72.3,3,5,3,353,Loyal Customers
17573,2011-09-07 10:36:00,2011-11-10 13:01:00,3,380.6,308,29,64,126.87,4,3,2,432,Potential Loyalists
17574,2011-04-11 09:47:00,2011-04-11 09:47:00,1,185.65,77,243,0,185.65,2,2,1,221,Hibernating
17575,2010-02-10 13:48:00,2010-02-10 13:48:00,1,171.7,72,667,0,171.7,1,2,1,121,Lost Customers
17576,2009-12-03 16:54:00,2011-12-01 17:56:00,41,8831.6,4640,8,728,215.4,5,5,5,555,Champions
17577,2010-02-09 10:10:00,2010-03-04 13:01:00,2,348.75,179,645,23,174.38,1,3,2,132,Hibernating
17578,2010-06-28 11:55:00,2011-05-05 18:38:00,7,1047.33,529,218,311,149.62,2,4,3,243,At Risk
17579,2010-05-10 14:28:00,2011-12-05 12:28:00,4,753.28,375,5,573,188.32,5,4,3,543,Loyal Customers
17580,2010-10-13 14:28:00,2011-04-01 12:41:00,5,541.02,223,253,169,108.2,2,4,2,242,At Risk
17581,2009-12-03 12:34:00,2011-12-09 12:21:00,43,18737.95,9960,1,735,435.77,5,5,5,555,Champions
17582,2010-03-26 12:23:00,2011-04-17 13:18:00,5,1446.95,603,236,387,289.39,2,4,4,244,At Risk
17583,2010-05-28 14:24:00,2010-05-28 14:24:00,1,135.95,55,560,0,135.95,1,2,1,121,Lost Customers
17584,2010-01-25 08:17:00,2011-12-02 17:12:00,6,5309.42,2464,7,676,884.9,5,4,5,545,Champions
17585,2010-08-18 16:39:00,2011-08-22 13:30:00,7,2064.71,2510,109,368,294.96,3,4,4,344,Loyal Customers
17586,2010-03-30 13:12:00,2010-03-30 13:12:00,1,167.4,68,619,0,167.4,1,2,1,121,Lost Customers
17587,2010-03-21 14:16:00,2010-03-21 14:16:00,1,176.71,67,628,0,176.71,1,2,1,121,Lost Customers
17588,2010-03-12 12:34:00,2011-08-31 13:37:00,7,2939.55,1379,100,537,419.94,3,4,4,344,Loyal Customers
17589,2010-03-07 13:48:00,2011-10-10 16:58:00,18,13837.94,8704,60,582,768.77,3,5,5,355,Loyal Customers
17590,2011-10-30 14:05:00,2011-12-07 12:55:00,3,1468.02,822,2,37,489.34,5,3,4,534,Potential Loyalists
17591,2010-01-17 16:09:00,2011-09-27 13:42:00,8,2723.62,1152,73,617,340.45,3,5,4,354,Loyal Customers
17592,2009-12-01 10:49:00,2009-12-01 10:49:00,1,148.3,38,739,0,148.3,1,2,1,121,Lost Customers
17593,2009-12-04 14:35:00,2011-12-06 10:30:00,11,8092.32,5595,4,731,735.67,5,5,5,555,Champions
17594,2010-04-14 08:53:00,2011-09-15 16:34:00,4,2497.88,1368,85,519,624.47,3,4,4,344,Loyal Customers
17595,2011-11-02 16:19:00,2011-11-27 16:08:00,2,386.69,228,12,24,193.34,5,3,2,532,Potential Loyalists
17596,2009-12-15 13:21:00,2011-11-16 14:11:00,13,4882.43,7539,23,701,375.57,4,5,5,455,Champions
17597,2010-05-05 15:33:00,2011-05-10 11:54:00,5,3484.09,2215,214,369,696.82,2,4,5,245,At Risk
17598,2010-11-23 17:43:00,2010-11-23 17:43:00,1,409.98,126,381,0,409.98,2,2,2,222,Hibernating
17599,2010-08-19 12:50:00,2010-08-19 12:50:00,1,52.05,11,478,0,52.05,1,2,1,121,Lost Customers
17600,2011-11-22 09:43:00,2011-11-22 09:43:00,1,161.67,144,18,0,161.67,5,2,1,521,Potential Loyalists
17601,2010-11-24 14:29:00,2011-04-14 18:02:00,2,413.08,295,239,141,206.54,2,3,2,232,Hibernating
17602,2010-03-30 17:25:00,2011-12-07 13:53:00,14,7354.43,5880,2,616,525.32,5,5,5,555,Champions
17603,2009-12-10 09:44:00,2011-09-22 14:18:00,4,1788.38,638,78,651,447.1,3,4,4,344,Loyal Customers
17604,2010-01-27 12:19:00,2011-05-06 13:43:00,6,942.38,614,217,464,157.06,2,4,3,243,At Risk
17605,2010-04-28 14:45:00,2010-04-28 14:45:00,1,160.75,71,590,0,160.75,1,2,1,121,Lost Customers
17606,2009-12-02 13:32:00,2009-12-02 13:32:00,1,87.3,42,737,0,87.3,1,2,1,121,Lost Customers
17607,2010-11-28 13:11:00,2010-11-28 13:11:00,1,333.81,269,376,0,333.81,2,2,2,222,Hibernating
17608,2010-04-11 13:37:00,2011-11-06 13:06:00,4,488.06,528,33,573,122.02,4,4,2,442,Loyal Customers
17609,2010-04-09 16:54:00,2011-10-30 12:28:00,11,1887.9,1321,41,568,171.63,4,5,4,454,Champions
17610,2009-12-06 16:07:00,2010-06-17 16:34:00,5,1511.94,893,540,193,302.39,1,4,4,144,At Risk
17611,2009-12-01 13:29:00,2011-12-02 13:29:00,28,8337.53,5341,7,731,297.77,5,5,5,555,Champions
17612,2009-12-17 11:59:00,2011-10-17 14:59:00,18,5394.86,3521,53,669,299.71,4,5,5,455,Champions
17613,2011-02-07 11:20:00,2011-11-17 10:51:00,14,4544.55,2490,23,282,324.61,4,5,5,455,Champions
17614,2011-10-13 16:01:00,2011-10-13 16:01:00,1,386.32,235,57,0,386.32,4,2,2,422,Potential Loyalists
17615,2010-08-11 12:54:00,2011-08-01 14:06:00,6,721.8,378,130,355,120.3,3,4,3,343,Loyal Customers
17616,2010-09-14 10:43:00,2011-06-19 10:11:00,4,1060.8,416,174,277,265.2,3,4,3,343,Loyal Customers
17617,2010-05-30 12:48:00,2010-05-30 12:48:00,1,385.19,249,559,0,385.19,1,2,2,122,Lost Customers
17618,2010-01-24 11:03:00,2011-12-04 11:50:00,11,4001.64,1798,6,679,363.79,5,5,5,555,Champions
17619,2011-01-31 14:18:00,2011-01-31 14:18:00,1,214.37,124,312,0,214.37,2,2,1,221,Hibernating
17620,2011-10-11 12:08:00,2011-10-11 12:08:00,1,81.44,60,60,0,81.44,3,2,1,321,Need Attention
17621,2010-10-04 09:37:00,2011-11-18 17:11:00,6,3175.12,1110,21,410,529.19,4,4,5,445,Champions
17622,2010-04-20 13:38:00,2010-04-21 12:36:00,2,1130.21,379,598,0,565.1,1,3,3,133,Hibernating
17623,2009-12-14 14:36:00,2011-11-07 11:32:00,7,2365.77,799,33,692,337.97,4,4,4,444,Champions
17624,2009-12-20 12:35:00,2011-11-25 10:52:00,4,1568.63,958,15,704,392.16,5,4,4,544,Champions
17625,2009-12-15 11:49:00,2011-11-21 13:36:00,8,5978.9,3505,18,706,747.36,5,5,5,555,Champions
17626,2010-04-16 12:15:00,2010-04-16 12:15:00,1,254.0,202,603,0,254.0,1,2,1,121,Lost Customers
17627,2010-08-18 11:27:00,2010-08-18 11:27:00,1,296.36,676,479,0,296.36,1,2,2,122,Lost Customers
17628,2011-09-19 15:21:00,2011-09-19 15:21:00,1,75.75,79,81,0,75.75,3,2,1,321,Need Attention
17629,2010-10-14 13:35:00,2011-12-04 10:56:00,10,2455.52,1903,6,415,245.55,5,5,4,554,Champions
17630,2011-04-21 14:03:00,2011-06-23 11:58:00,2,503.6,158,170,62,251.8,3,3,2,332,Need Attention
17631,2009-12-09 14:15:00,2011-12-08 09:47:00,7,998.49,591,2,728,142.64,5,4,3,543,Loyal Customers
17633,2010-11-15 14:55:00,2011-11-08 13:25:00,7,2057.39,899,31,357,293.91,4,4,4,444,Champions
17634,2011-01-06 12:45:00,2011-11-03 13:09:00,9,2358.59,838,36,301,262.07,4,5,4,454,Champions
17635,2010-04-28 10:51:00,2010-10-11 15:12:00,3,1265.58,770,424,166,421.86,1,3,4,134,Hibernating
17636,2011-11-20 14:40:00,2011-11-20 14:40:00,1,285.56,182,19,0,285.56,4,2,1,421,Potential Loyalists
17637,2011-08-16 13:25:00,2011-11-08 12:51:00,2,547.06,280,31,83,273.53,4,3,2,432,Potential Loyalists
17638,2009-12-18 09:58:00,2010-03-02 14:32:00,2,842.4,432,647,74,421.2,1,3,3,133,Hibernating
17639,2010-08-13 11:59:00,2011-03-08 15:22:00,6,615.17,576,276,207,102.53,2,4,3,243,At Risk
17640,2010-03-23 09:15:00,2011-09-14 09:13:00,6,3168.94,1692,87,539,528.16,3,4,5,345,Loyal Customers
17642,2009-12-05 16:01:00,2011-08-12 09:11:00,5,1824.49,1475,120,614,364.9,3,4,4,344,Loyal Customers
17643,2010-07-22 13:07:00,2010-12-01 14:38:00,2,541.25,297,373,132,270.62,2,3,2,232,Hibernating
17644,2010-02-16 08:44:00,2011-12-08 13:43:00,20,6028.6,3469,1,660,301.43,5,5,5,555,Champions
17646,2009-12-16 09:37:00,2011-05-04 13:17:00,12,4149.79,1418,219,504,345.82,2,5,5,255,At Risk
17647,2010-02-08 14:39:00,2011-10-05 15:38:00,3,331.66,82,65,604,110.55,3,3,2,332,Need Attention
17648,2010-11-19 16:41:00,2011-10-10 09:41:00,5,2216.37,954,61,324,443.27,3,4,4,344,Loyal Customers
17649,2010-08-24 13:01:00,2011-07-24 15:53:00,3,1578.89,723,138,334,526.3,3,3,4,334,Big Spenders
17650,2011-11-18 14:52:00,2011-11-18 14:52:00,1,166.08,150,21,0,166.08,4,2,1,421,Potential Loyalists
17651,2010-07-01 12:17:00,2011-11-28 10:29:00,16,5703.52,4086,12,514,356.47,5,5,5,555,Champions
17652,2011-03-03 14:05:00,2011-11-14 12:55:00,12,4867.72,2509,25,255,405.64,4,5,5,455,Champions
17653,2011-08-11 15:24:00,2011-11-03 12:46:00,4,1207.56,1409,37,83,301.89,4,4,3,443,Loyal Customers
17654,2011-03-07 13:17:00,2011-03-07 13:17:00,1,117.55,41,277,0,117.55,2,2,1,221,Hibernating
17655,2010-10-19 10:20:00,2011-11-29 11:34:00,9,3652.48,1542,11,406,405.83,5,5,5,555,Champions
17656,2011-08-03 10:45:00,2011-09-27 13:04:00,5,1674.69,1399,73,55,334.94,3,4,4,344,Loyal Customers
17657,2010-10-05 14:52:00,2010-10-05 14:52:00,1,126.0,60,430,0,126.0,1,2,1,121,Lost Customers
17658,2011-05-12 15:23:00,2011-11-14 12:07:00,2,595.42,616,26,185,297.71,4,3,2,432,Potential Loyalists
17659,2010-11-18 14:20:00,2011-11-22 13:29:00,14,3834.79,1816,17,368,273.91,5,5,5,555,Champions
17660,2009-12-02 16:02:00,2011-07-21 13:37:00,2,342.22,259,141,595,171.11,3,3,2,332,Need Attention
17662,2009-12-17 09:54:00,2010-02-16 09:38:00,2,412.92,184,662,60,206.46,1,3,2,132,Hibernating
17663,2010-03-04 11:42:00,2011-11-14 08:56:00,17,5175.83,2297,26,619,304.46,4,5,5,455,Champions
17664,2010-03-29 17:17:00,2011-11-21 11:29:00,4,1166.23,1058,19,601,291.56,4,4,3,443,Loyal Customers
17665,2010-08-03 13:12:00,2010-08-03 13:12:00,1,563.1,690,493,0,563.1,1,2,2,122,Lost Customers
17666,2010-06-30 12:03:00,2011-12-06 09:06:00,5,2047.8,1552,4,523,409.56,5,4,4,544,Champions
17667,2010-02-23 09:57:00,2011-10-04 14:32:00,9,3950.7,2192,66,588,438.97,3,5,5,355,Loyal Customers
17668,2011-11-01 14:45:00,2011-12-08 13:25:00,2,347.75,93,1,36,173.88,5,3,2,532,Potential Loyalists
17669,2010-04-01 18:48:00,2011-10-28 08:53:00,10,6142.35,3505,43,574,614.24,4,5,5,455,Champions
17670,2011-04-26 09:12:00,2011-04-26 09:12:00,1,205.7,110,228,0,205.7,2,2,1,221,Hibernating
17671,2010-11-29 11:53:00,2011-11-24 12:21:00,5,2403.34,1177,16,360,480.67,5,4,4,544,Champions
17672,2010-01-26 17:20:00,2011-10-20 14:18:00,7,5778.63,2758,50,631,825.52,4,4,5,445,Champions
17673,2010-03-19 14:02:00,2011-12-08 12:50:00,13,4173.88,3284,2,628,321.07,5,5,5,555,Champions
17674,2010-12-06 10:20:00,2011-09-26 13:35:00,2,851.7,1021,74,294,425.85,3,3,3,333,Need Attention
17675,2009-12-10 16:10:00,2011-12-08 18:03:00,70,38259.6,16416,1,728,546.57,5,5,5,555,Champions
17676,2010-03-30 10:49:00,2011-12-05 15:16:00,10,2749.34,1922,4,615,274.93,5,5,4,554,Champions
17677,2009-12-16 11:23:00,2011-12-08 09:56:00,54,36675.06,21933,2,721,679.17,5,5,5,555,Champions
17678,2010-04-15 13:54:00,2011-03-21 11:52:00,2,599.76,368,264,339,299.88,2,3,2,232,Hibernating
17679,2009-12-03 17:32:00,2011-10-18 07:43:00,7,3577.61,1755,53,683,511.09,4,4,5,445,Champions
17680,2010-07-16 16:07:00,2011-11-16 12:42:00,3,497.45,155,24,487,165.82,4,3,2,432,Potential Loyalists
17681,2010-01-15 11:53:00,2010-04-21 17:22:00,5,731.2,450,597,96,146.24,1,4,3,143,At Risk
17682,2010-03-08 09:49:00,2011-11-29 15:59:00,11,4456.78,2491,10,631,405.16,5,5,5,555,Champions
17683,2010-06-03 17:15:00,2010-11-19 10:11:00,3,819.01,781,386,168,273.0,2,3,3,233,Hibernating
17684,2011-10-27 11:10:00,2011-10-27 11:10:00,1,239.41,145,44,0,239.41,4,2,1,421,Potential Loyalists
17685,2010-02-11 13:44:00,2011-11-23 11:36:00,12,5907.47,3805,17,649,492.29,5,5,5,555,Champions
17686,2010-06-24 09:49:00,2011-12-02 15:39:00,9,8296.81,3583,7,526,921.87,5,5,5,555,Champions
17687,2010-10-15 12:30:00,2010-10-15 12:30:00,1,432.68,210,421,0,432.68,1,2,2,122,Lost Customers
17688,2010-11-11 10:41:00,2010-11-11 10:41:00,1,304.2,114,394,0,304.2,2,2,2,222,Hibernating
17689,2010-08-22 13:54:00,2010-11-16 13:22:00,2,317.08,300,388,85,158.54,2,3,2,232,Hibernating
17690,2010-02-03 14:26:00,2011-11-09 15:17:00,20,7412.0,3121,30,644,370.6,4,5,5,455,Champions
17691,2010-06-11 11:50:00,2010-12-16 17:20:00,4,780.05,373,358,188,195.01,2,4,3,243,At Risk
17692,2010-06-17 11:14:00,2011-08-04 14:01:00,12,2975.8,2338,127,413,247.98,3,5,5,355,Loyal Customers
17693,2011-07-25 15:48:00,2011-07-25 15:48:00,1,200.47,231,137,0,200.47,3,2,1,321,Need Attention
17694,2010-05-26 08:27:00,2011-07-21 12:00:00,3,1695.97,1493,142,421,565.32,3,3,4,334,Big Spenders
17695,2010-01-28 09:27:00,2011-07-31 10:40:00,5,1746.04,1809,132,549,349.21,3,4,4,344,Loyal Customers
17696,2009-12-10 17:09:00,2011-11-01 13:43:00,27,7679.59,5891,38,690,284.43,4,5,5,455,Champions
17697,2011-04-17 15:40:00,2011-04-17 15:40:00,1,338.95,93,236,0,338.95,2,2,2,222,Hibernating
17698,2011-03-24 11:34:00,2011-03-24 11:34:00,1,154.95,93,261,0,154.95,2,2,1,221,Hibernating
17699,2010-05-27 11:53:00,2010-08-20 09:39:00,2,442.0,208,477,84,221.0,1,3,2,132,Hibernating
17700,2009-12-01 11:37:00,2011-11-23 11:51:00,14,6679.97,3469,17,722,477.14,5,5,5,555,Champions
17701,2011-04-01 12:25:00,2011-04-01 12:25:00,1,417.95,109,253,0,417.95,2,2,2,222,Hibernating
17702,2010-11-04 12:09:00,2011-11-09 16:03:00,6,3144.04,2153,30,370,524.01,4,4,5,445,Champions
17703,2010-10-17 16:16:00,2011-11-04 15:51:00,4,1094.84,897,35,382,273.71,4,4,3,443,Loyal Customers
17704,2011-04-14 09:28:00,2011-06-24 09:40:00,2,885.19,343,169,71,442.6,3,3,3,333,Need Attention
17705,2010-05-12 09:47:00,2011-12-06 13:45:00,11,2083.9,1301,3,573,189.45,5,5,4,554,Champions
17706,2010-01-19 12:13:00,2011-12-05 13:34:00,31,20749.98,8049,4,685,669.35,5,5,5,555,Champions
17707,2009-12-07 12:19:00,2011-06-07 15:03:00,8,609.3,546,185,547,76.16,3,5,2,352,Loyal Customers
17708,2010-10-12 12:13:00,2011-06-05 10:12:00,4,884.18,387,188,235,221.04,3,4,3,343,Loyal Customers
17709,2010-04-15 14:48:00,2011-06-23 11:55:00,5,671.01,295,170,433,134.2,3,4,3,343,Loyal Customers
17710,2010-10-12 07:49:00,2010-10-12 07:49:00,1,293.5,158,424,0,293.5,1,2,2,122,Lost Customers
17711,2011-02-23 11:32:00,2011-11-29 11:40:00,2,385.1,246,11,279,192.55,5,3,2,532,Potential Loyalists
17712,2011-10-26 12:28:00,2011-10-26 12:28:00,1,522.91,215,45,0,522.91,4,2,2,422,Potential Loyalists
17713,2010-06-09 09:33:00,2010-11-22 16:50:00,4,1198.09,989,382,166,299.52,2,4,3,243,At Risk
17714,2010-07-14 10:41:00,2011-01-23 10:32:00,5,1410.18,608,321,192,282.04,2,4,4,244,At Risk
17715,2010-04-26 12:17:00,2011-05-23 12:32:00,2,489.6,576,201,392,244.8,2,3,2,232,Hibernating
17716,2009-12-02 17:18:00,2011-11-17 12:00:00,24,15956.97,8819,23,714,664.87,4,5,5,455,Champions
17717,2010-10-14 12:54:00,2010-10-14 12:54:00,1,376.92,344,421,0,376.92,1,2,2,122,Lost Customers
17718,2010-03-05 08:01:00,2011-04-21 13:39:00,2,439.18,274,232,412,219.59,2,3,2,232,Hibernating
17719,2011-03-29 11:29:00,2011-11-02 10:36:00,15,5396.04,2466,38,217,359.74,4,5,5,455,Champions
17720,2010-05-10 09:58:00,2011-11-13 15:04:00,10,2768.91,1613,26,552,276.89,4,5,4,454,Champions
17721,2010-02-18 15:18:00,2010-02-18 15:18:00,1,307.21,107,659,0,307.21,1,2,2,122,Lost Customers
17722,2010-11-29 09:44:00,2011-09-04 15:22:00,5,4430.36,2937,96,279,886.07,3,4,5,345,Loyal Customers
17723,2010-11-29 10:35:00,2011-08-04 18:37:00,7,3378.4,912,127,248,482.63,3,4,5,345,Loyal Customers
17724,2011-07-24 13:26:00,2011-09-29 15:26:00,3,1033.0,300,71,67,344.33,3,3,3,333,Need Attention
17725,2011-03-17 19:47:00,2011-11-23 16:34:00,11,3439.08,2162,16,250,312.64,5,5,5,555,Champions
17726,2010-01-26 14:58:00,2010-11-09 13:37:00,7,1092.06,444,395,286,156.01,2,4,3,243,At Risk
17727,2011-11-24 17:06:00,2011-11-24 17:06:00,1,1060.25,645,15,0,1060.25,5,2,3,523,Potential Loyalists
17728,2010-09-12 14:58:00,2011-12-06 08:52:00,5,4238.76,2146,4,449,847.75,5,4,5,545,Champions
17729,2010-04-22 15:03:00,2010-04-22 15:03:00,1,438.65,247,596,0,438.65,1,2,2,122,Lost Customers
17730,2010-04-29 11:48:00,2011-12-06 15:43:00,20,7773.8,5300,3,586,388.69,5,5,5,555,Champions
17731,2010-02-09 12:37:00,2011-09-21 15:02:00,6,1708.99,707,79,589,284.83,3,4,4,344,Loyal Customers
17732,2010-08-09 08:41:00,2010-12-02 09:29:00,8,2470.39,1151,373,115,308.8,2,5,4,254,At Risk
17733,2011-03-23 09:54:00,2011-11-01 08:16:00,2,692.19,463,39,222,346.1,4,3,3,433,Potential Loyalists
17734,2010-03-07 13:55:00,2011-10-17 12:33:00,6,1442.32,741,54,588,240.39,4,4,4,444,Champions
17735,2010-07-30 13:25:00,2011-12-07 16:47:00,26,17244.93,10901,2,495,663.27,5,5,5,555,Champions
17736,2011-08-18 14:33:00,2011-11-30 15:36:00,3,377.44,238,9,104,125.81,5,3,2,532,Potential Loyalists
17737,2011-10-12 14:42:00,2011-11-30 15:16:00,2,168.24,108,9,49,84.12,5,3,1,531,Potential Loyalists
17738,2010-03-19 10:07:00,2011-11-20 15:05:00,13,4183.56,2776,19,611,321.81,4,5,5,455,Champions
17739,2009-12-07 10:48:00,2011-11-28 09:12:00,18,7730.59,2335,12,720,429.48,5,5,5,555,Champions
17740,2010-01-11 13:11:00,2010-11-15 16:33:00,6,426.9,222,389,308,71.15,2,4,2,242,At Risk
17741,2010-05-28 12:11:00,2010-10-29 11:59:00,2,101.1,114,407,153,50.55,2,3,1,231,Hibernating
17742,2009-12-01 13:16:00,2011-08-18 15:28:00,11,2098.48,653,113,625,190.77,3,5,4,354,Loyal Customers
17743,2010-09-17 14:54:00,2010-09-17 14:54:00,1,229.2,96,448,0,229.2,1,2,1,121,Lost Customers
17744,2010-11-24 09:34:00,2011-12-06 12:11:00,7,2649.14,3826,4,377,378.45,5,4,4,544,Champions
17745,2010-06-02 09:03:00,2010-08-19 12:30:00,2,600.34,164,478,78,300.17,1,3,2,132,Hibernating
17746,2010-04-08 12:54:00,2011-04-13 14:31:00,4,904.18,688,240,370,226.04,2,4,3,243,At Risk
17747,2011-08-19 08:13:00,2011-08-19 08:13:00,1,71.4,12,113,0,71.4,3,2,1,321,Need Attention
17748,2010-06-30 13:49:00,2010-06-30 13:49:00,1,358.15,111,527,0,358.15,1,2,2,122,Lost Customers
17749,2010-06-11 14:56:00,2011-06-14 15:45:00,3,1026.18,446,178,368,342.06,3,3,3,333,Need Attention
17750,2011-06-28 15:44:00,2011-12-04 14:09:00,9,1710.45,3747,5,158,190.05,5,5,4,554,Champions
17751,2010-10-14 13:57:00,2010-10-14 13:57:00,1,157.86,147,421,0,157.86,1,2,1,121,Lost Customers
17752,2010-12-15 16:19:00,2010-12-15 16:19:00,1,80.64,192,359,0,80.64,2,2,1,221,Hibernating
17753,2010-01-06 14:20:00,2010-09-01 15:49:00,4,382.06,124,464,238,95.52,1,4,2,142,At Risk
17754,2009-12-11 15:52:00,2011-12-09 11:20:00,13,4451.22,4366,1,727,342.4,5,5,5,555,Champions
17756,2010-11-10 12:54:00,2010-11-29 12:20:00,3,728.75,399,376,18,242.92,2,3,3,233,Hibernating
17757,2010-01-13 15:56:00,2011-12-08 15:31:00,56,9366.5,5151,1,693,167.26,5,5,5,555,Champions
17758,2010-05-20 13:18:00,2011-11-20 14:45:00,12,4964.03,3199,19,549,413.67,4,5,5,455,Champions
17759,2010-05-05 11:40:00,2011-11-22 16:02:00,5,1261.88,965,17,566,252.38,5,4,4,544,Champions
17760,2010-02-28 12:15:00,2011-11-18 10:56:00,6,918.93,696,22,627,153.16,4,4,3,443,Loyal Customers
17761,2011-11-07 10:23:00,2011-11-07 10:23:00,1,712.78,398,33,0,712.78,4,2,3,423,Potential Loyalists
17762,2010-09-09 17:40:00,2010-09-09 17:40:00,1,129.75,129,456,0,129.75,1,2,1,121,Lost Customers
17763,2010-02-18 14:32:00,2011-03-21 14:25:00,4,86.15,41,263,395,21.54,2,4,1,241,At Risk
17764,2009-12-03 14:28:00,2011-10-20 11:03:00,5,1513.57,674,51,685,302.71,4,4,4,444,Champions
17765,2010-09-17 12:45:00,2011-07-04 12:41:00,4,524.0,195,159,289,131.0,3,4,2,342,Loyal Customers
17766,2010-11-23 14:17:00,2010-11-23 14:29:00,2,299.61,155,381,0,149.8,2,3,2,232,Hibernating
17767,2010-10-25 16:22:00,2011-11-24 14:42:00,2,413.05,198,15,394,206.52,5,3,2,532,Potential Loyalists
17768,2009-12-02 12:26:00,2011-12-01 13:22:00,7,3292.73,2339,8,729,470.39,5,4,5,545,Champions
17769,2010-01-19 11:33:00,2011-11-27 11:18:00,17,7053.38,3157,13,676,414.9,5,5,5,555,Champions
17770,2011-03-02 13:35:00,2011-05-25 12:34:00,5,1143.27,365,199,83,228.65,2,4,3,243,At Risk
17771,2010-04-29 13:21:00,2011-10-14 11:43:00,4,387.41,373,57,532,96.85,4,4,2,442,Loyal Customers
17772,2010-11-12 11:31:00,2011-11-29 11:05:00,3,360.75,113,11,381,120.25,5,3,2,532,Potential Loyalists
17773,2010-01-18 14:32:00,2010-07-13 14:07:00,2,575.37,254,514,175,287.68,1,3,2,132,Hibernating
17774,2010-02-08 16:06:00,2011-09-04 12:49:00,9,3273.83,1585,97,572,363.76,3,5,5,355,Loyal Customers
17775,2011-03-30 10:50:00,2011-03-30 10:50:00,1,56.4,72,255,0,56.4,2,2,1,221,Hibernating
17776,2009-12-16 14:59:00,2010-11-18 12:14:00,2,330.56,273,387,336,165.28,2,3,2,232,Hibernating
17777,2011-08-31 14:35:00,2011-11-15 12:02:00,3,647.56,501,25,75,215.85,4,3,3,433,Potential Loyalists
17778,2010-02-16 12:44:00,2010-02-16 12:44:00,1,197.7,214,662,0,197.7,1,2,1,121,Lost Customers
17779,2011-07-19 12:19:00,2011-11-18 14:15:00,3,650.32,396,21,122,216.77,4,3,3,433,Potential Loyalists
17780,2010-01-24 11:21:00,2010-02-10 13:43:00,3,346.56,156,667,17,115.52,1,3,2,132,Hibernating
17781,2011-03-31 19:54:00,2011-07-03 16:00:00,2,188.02,34,159,93,94.01,3,3,1,331,Need Attention
17782,2010-11-22 10:03:00,2010-11-22 11:15:00,2,679.02,538,383,0,339.51,2,3,3,233,Hibernating
17783,2010-07-15 12:50:00,2011-09-28 16:07:00,3,376.96,438,72,440,125.65,3,3,2,332,Need Attention
17784,2010-06-07 16:08:00,2010-06-07 16:08:00,1,112.86,72,550,0,112.86,1,2,1,121,Lost Customers
17785,2010-05-23 13:01:00,2011-10-17 13:43:00,3,403.38,227,53,512,134.46,4,3,2,432,Potential Loyalists
17786,2011-01-26 14:35:00,2011-09-15 12:51:00,2,266.85,195,85,231,133.43,3,3,1,331,Need Attention
17787,2010-12-03 13:43:00,2011-07-10 11:24:00,4,2553.82,1252,153,218,638.46,3,4,4,344,Loyal Customers
17788,2011-08-02 10:38:00,2011-09-27 10:09:00,2,1117.9,211,74,55,558.95,3,3,3,333,Need Attention
17789,2010-02-16 13:16:00,2011-03-03 13:14:00,2,397.15,199,281,379,198.58,2,3,2,232,Hibernating
17790,2010-06-13 13:30:00,2011-11-13 11:30:00,20,2779.41,1387,27,517,138.97,4,5,4,454,Champions
17791,2011-11-10 12:09:00,2011-11-10 12:09:00,1,106.1,46,30,0,106.1,4,2,1,421,Potential Loyalists
17792,2010-08-18 13:08:00,2010-08-29 14:30:00,2,368.35,149,467,11,184.18,1,3,2,132,Hibernating
17793,2011-11-14 14:24:00,2011-11-14 14:24:00,1,300.34,226,25,0,300.34,4,2,2,422,Potential Loyalists
17794,2010-01-20 12:17:00,2010-01-22 10:18:00,2,147.3,46,687,1,73.65,1,3,1,131,Hibernating
17795,2011-03-20 12:02:00,2011-06-13 12:36:00,2,342.83,305,180,85,171.42,3,3,2,332,Need Attention
17796,2010-10-14 13:37:00,2011-10-30 15:38:00,7,1351.04,375,40,381,193.01,4,4,4,444,Champions
17797,2009-12-15 14:30:00,2011-11-17 13:21:00,8,1971.87,1086,22,701,246.48,4,5,4,454,Champions
17798,2010-05-07 11:42:00,2010-05-07 11:42:00,1,178.07,138,582,0,178.07,1,2,1,121,Lost Customers
17799,2009-12-13 16:03:00,2011-11-17 15:16:00,20,6246.93,3674,22,703,312.35,4,5,5,455,Champions
17800,2011-01-09 13:50:00,2011-11-02 12:57:00,9,1187.21,732,37,296,131.91,4,5,3,453,Loyal Customers
17801,2010-01-17 11:31:00,2010-09-14 14:32:00,3,770.03,820,451,240,256.68,1,3,3,133,Hibernating
17802,2009-12-13 13:39:00,2011-09-18 14:56:00,10,5046.42,2780,82,644,504.64,3,5,5,355,Loyal Customers
17803,2010-11-12 13:53:00,2010-11-12 13:53:00,1,184.66,98,392,0,184.66,2,2,1,221,Hibernating
17804,2009-12-01 12:22:00,2010-11-28 14:01:00,3,383.78,194,376,362,127.93,2,3,2,232,Hibernating
17805,2010-04-08 14:36:00,2011-09-27 11:49:00,2,927.03,1126,74,536,463.52,3,3,3,333,Need Attention
17806,2011-11-28 14:12:00,2011-11-28 14:12:00,1,546.04,727,11,0,546.04,5,2,2,522,Potential Loyalists
17807,2010-01-04 14:00:00,2010-11-09 16:21:00,3,437.87,262,395,309,145.96,2,3,2,232,Hibernating
17808,2010-05-07 16:26:00,2010-06-09 10:44:00,4,262.64,143,549,32,65.66,1,4,1,141,At Risk
17809,2009-12-02 14:52:00,2011-11-23 12:59:00,20,11337.39,3353,16,720,566.87,5,5,5,555,Champions
17810,2010-01-25 10:26:00,2010-02-09 10:47:00,2,373.16,118,669,15,186.58,1,3,2,132,Hibernating
17811,2010-09-20 11:24:00,2011-12-05 13:46:00,47,9519.8,5278,4,441,202.55,5,5,5,555,Champions
17812,2010-06-27 13:34:00,2011-11-27 11:47:00,7,1105.29,571,13,517,157.9,5,4,3,543,Loyal Customers
17813,2011-09-29 15:57:00,2011-11-25 16:13:00,5,1698.07,752,14,57,339.61,5,4,4,544,Champions
17814,2010-10-13 14:03:00,2010-11-29 14:21:00,2,1609.37,1435,375,47,804.68,2,3,4,234,Hibernating
17815,2010-11-11 14:39:00,2010-11-11 14:39:00,1,591.96,612,393,0,591.96,2,2,2,222,Hibernating
17816,2009-12-15 15:27:00,2011-11-03 11:34:00,6,112.32,96,37,687,18.72,4,4,1,441,Loyal Customers
17817,2010-10-13 15:07:00,2011-12-05 14:39:00,6,788.15,353,4,417,131.36,5,4,3,543,Loyal Customers
17818,2009-12-02 11:34:00,2009-12-02 11:34:00,1,124.78,86,738,0,124.78,1,2,1,121,Lost Customers
17819,2009-12-13 15:24:00,2011-09-29 10:52:00,12,6612.52,1849,72,654,551.04,3,5,5,355,Loyal Customers
17820,2010-11-30 17:43:00,2010-11-30 17:43:00,1,180.61,111,374,0,180.61,2,2,1,221,Hibernating
17821,2010-10-29 13:20:00,2010-10-29 13:20:00,1,334.62,162,406,0,334.62,2,2,2,222,Hibernating
17822,2010-05-28 12:15:00,2010-10-15 13:47:00,5,2162.93,1375,420,140,432.59,1,4,4,144,At Risk
17823,2010-10-14 16:14:00,2010-10-14 16:24:00,2,449.25,252,421,0,224.62,1,3,2,132,Hibernating
17824,2011-10-19 14:14:00,2011-10-19 14:14:00,1,298.4,408,51,0,298.4,4,2,2,422,Potential Loyalists
17825,2009-12-14 12:09:00,2010-04-20 12:01:00,4,701.96,516,599,126,175.49,1,4,3,143,At Risk
17826,2010-11-30 13:23:00,2010-11-30 13:23:00,1,133.34,84,374,0,133.34,2,2,1,221,Hibernating
17827,2010-03-28 12:20:00,2011-12-04 15:00:00,6,2376.17,1582,5,616,396.03,5,4,4,544,Champions
17828,2011-06-08 08:31:00,2011-11-17 08:41:00,4,1820.09,667,23,162,455.02,4,4,4,444,Champions
17829,2010-02-22 15:39:00,2011-02-14 12:46:00,5,4756.74,3009,299,356,951.35,2,4,5,245,At Risk
17830,2011-02-24 10:15:00,2011-12-08 12:28:00,3,398.7,92,2,287,132.9,5,3,2,532,Potential Loyalists
17831,2011-11-06 15:09:00,2011-11-06 15:09:00,1,35.4,12,33,0,35.4,4,2,1,421,Potential Loyalists
17832,2011-10-21 11:43:00,2011-10-21 11:43:00,1,155.37,208,50,0,155.37,4,2,1,421,Potential Loyalists
17833,2009-12-16 13:40:00,2009-12-16 13:40:00,1,338.46,143,723,0,338.46,1,2,2,122,Lost Customers
17834,2010-09-20 15:32:00,2010-10-21 12:09:00,2,689.67,639,415,30,344.84,1,3,3,133,Hibernating
17835,2011-11-16 16:30:00,2011-12-07 11:48:00,3,342.24,344,3,20,114.08,5,3,2,532,Potential Loyalists
17836,2011-10-23 16:13:00,2011-10-23 16:13:00,1,110.21,88,47,0,110.21,4,2,1,421,Potential Loyalists
17837,2011-06-29 16:44:00,2011-10-28 16:13:00,8,1541.23,510,42,120,192.65,4,5,4,454,Champions
17838,2010-03-19 09:53:00,2011-11-13 11:20:00,13,6507.5,4023,27,604,500.58,4,5,5,455,Champions
17839,2011-10-28 17:27:00,2011-10-28 17:27:00,1,318.15,257,42,0,318.15,4,2,2,422,Potential Loyalists
17840,2010-09-22 12:24:00,2010-09-22 12:24:00,1,175.9,128,444,0,175.9,1,2,1,121,Lost Customers
17841,2009-12-02 15:41:00,2011-12-08 12:07:00,211,70081.86,37166,2,735,332.14,5,5,5,555,Champions
17842,2010-04-16 14:23:00,2010-04-16 14:23:00,1,430.69,89,602,0,430.69,1,2,2,122,Lost Customers
17843,2010-10-24 10:56:00,2011-02-09 15:33:00,2,320.4,251,303,108,160.2,2,3,2,232,Hibernating
17844,2011-08-25 11:27:00,2011-08-25 11:27:00,1,51.56,52,107,0,51.56,3,2,1,321,Need Attention
17845,2010-05-12 13:04:00,2010-06-02 15:20:00,4,596.09,195,555,21,149.02,1,4,2,142,At Risk
17846,2011-09-15 15:20:00,2011-09-15 15:20:00,1,2033.1,1,85,0,2033.1,3,2,4,324,Big Spenders
17847,2010-03-04 12:57:00,2010-07-12 10:00:00,2,129.69,29,516,129,64.84,1,3,1,131,Hibernating
17848,2009-12-06 13:19:00,2011-09-19 16:49:00,30,3559.11,1404,81,652,118.64,3,5,5,355,Loyal Customers
17849,2010-03-14 15:17:00,2011-05-05 13:46:00,8,1063.76,224,218,416,132.97,2,5,3,253,At Risk
17850,2009-12-05 12:28:00,2010-12-02 15:27:00,155,56600.08,22785,372,362,365.16,2,5,5,255,At Risk
17851,2009-12-03 17:46:00,2010-10-13 15:13:00,6,1552.35,933,422,313,258.72,1,4,4,144,At Risk
17852,2009-12-08 12:51:00,2011-11-28 12:36:00,5,657.81,372,12,719,131.56,5,4,3,543,Loyal Customers
17853,2009-12-03 15:09:00,2010-10-28 15:29:00,3,1596.29,625,407,329,532.1,2,3,4,234,Hibernating
17854,2009-12-08 11:13:00,2011-06-07 16:21:00,6,1068.5,607,185,546,178.08,3,4,3,343,Loyal Customers
17855,2010-12-02 09:44:00,2010-12-02 09:44:00,1,417.94,394,373,0,417.94,2,2,2,222,Hibernating
17856,2011-03-03 11:40:00,2011-12-08 09:40:00,4,1418.03,842,2,279,354.51,5,4,4,544,Champions
17857,2010-03-08 12:09:00,2011-12-05 13:13:00,24,28682.24,22060,4,637,1195.09,5,5,5,555,Champions
17858,2009-12-06 15:41:00,2011-12-04 11:56:00,30,12754.9,5458,6,727,425.16,5,5,5,555,Champions
17859,2011-02-08 10:32:00,2011-02-08 10:32:00,1,141.92,102,305,0,141.92,2,2,1,221,Hibernating
17860,2009-12-11 16:48:00,2010-12-06 12:41:00,4,943.84,789,369,359,235.96,2,4,3,243,At Risk
17861,2009-12-10 11:27:00,2011-12-06 16:21:00,18,5088.29,4541,3,726,282.68,5,5,5,555,Champions
17862,2010-05-25 17:22:00,2011-01-20 12:23:00,4,1254.89,440,324,239,313.72,2,4,4,244,At Risk
17863,2010-02-25 12:01:00,2011-10-11 13:45:00,12,5745.2,4952,59,593,478.77,3,5,5,355,Loyal Customers
17864,2010-10-08 11:49:00,2011-11-27 11:15:00,5,876.57,1015,13,414,175.31,5,4,3,543,Loyal Customers
17865,2009-12-01 10:49:00,2011-11-09 12:08:00,46,26312.19,12950,31,708,572.0,4,5,5,455,Champions
17866,2009-12-14 16:01:00,2011-07-20 11:07:00,3,1134.95,535,143,582,378.32,3,3,3,333,Need Attention
17867,2009-12-02 13:39:00,2011-11-09 14:15:00,15,1582.05,638,30,707,105.47,4,5,4,454,Champions
17868,2010-11-18 18:55:00,2010-11-18 18:55:00,1,227.15,85,386,0,227.15,2,2,1,221,Hibernating
17869,2010-06-10 13:47:00,2011-08-24 16:16:00,7,1027.96,558,107,440,146.85,3,4,3,343,Loyal Customers
17870,2010-11-23 11:39:00,2011-12-07 15:07:00,13,3079.69,1827,2,379,236.9,5,5,5,555,Champions
17871,2010-01-15 14:48:00,2011-05-19 11:32:00,5,1068.95,665,205,488,213.79,2,4,3,243,At Risk
17872,2010-11-23 12:02:00,2010-11-23 12:02:00,1,235.87,176,382,0,235.87,2,2,1,221,Hibernating
17873,2009-12-16 15:11:00,2011-09-20 16:41:00,18,6470.28,4276,80,643,359.46,3,5,5,355,Loyal Customers
17874,2011-03-29 11:25:00,2011-06-07 12:54:00,6,683.46,221,185,70,113.91,3,4,3,343,Loyal Customers
17875,2010-01-20 15:30:00,2010-01-20 15:30:00,1,167.1,98,688,0,167.1,1,2,1,121,Lost Customers
17876,2010-02-02 13:00:00,2010-11-05 10:52:00,3,3424.02,1958,400,275,1141.34,2,3,5,235,Hibernating
17877,2011-06-22 13:00:00,2011-06-22 13:00:00,1,237.61,98,170,0,237.61,3,2,1,321,Need Attention
17878,2010-11-09 13:50:00,2011-10-27 11:24:00,3,1378.93,1014,44,351,459.64,4,3,4,434,Potential Loyalists
17879,2011-06-19 12:36:00,2011-06-19 12:36:00,1,178.52,45,174,0,178.52,3,2,1,321,Need Attention
17880,2009-12-09 16:13:00,2010-12-10 10:21:00,3,824.92,466,365,365,274.97,2,3,3,233,Hibernating
17881,2011-02-08 17:16:00,2011-02-08 17:16:00,1,133.35,32,304,0,133.35,2,2,1,221,Hibernating
17882,2010-11-25 14:35:00,2010-11-25 14:40:00,2,291.56,130,379,0,145.78,2,3,2,232,Hibernating
17883,2010-02-25 20:07:00,2011-12-06 17:49:00,7,988.42,476,3,648,141.2,5,4,3,543,Loyal Customers
17884,2009-12-04 16:23:00,2011-12-06 11:33:00,20,3020.99,2984,4,731,151.05,5,5,5,555,Champions
17885,2011-11-27 14:40:00,2011-11-27 14:40:00,1,156.34,110,12,0,156.34,5,2,1,521,Potential Loyalists
17886,2010-04-29 11:10:00,2011-11-08 10:09:00,6,1572.55,711,32,557,262.09,4,4,4,444,Champions
17887,2011-08-02 17:29:00,2011-08-02 17:29:00,1,111.35,30,129,0,111.35,3,2,1,321,Need Attention
17888,2009-12-21 16:34:00,2011-11-18 13:45:00,25,1807.44,1536,21,696,72.3,4,5,4,454,Champions
17889,2010-03-31 10:54:00,2011-05-11 16:26:00,7,746.42,403,212,406,106.63,2,4,3,243,At Risk
17890,2010-12-13 15:12:00,2011-01-21 11:19:00,2,586.89,402,323,38,293.44,2,3,2,232,Hibernating
17891,2011-06-30 20:08:00,2011-06-30 20:08:00,1,203.86,393,162,0,203.86,3,2,1,321,Need Attention
17892,2011-07-07 12:56:00,2011-10-14 16:49:00,3,244.1,109,56,99,81.37,4,3,1,431,Potential Loyalists
17893,2011-04-28 13:50:00,2011-04-28 13:50:00,1,107.21,149,225,0,107.21,2,2,1,221,Hibernating
17894,2010-08-27 14:13:00,2011-09-29 09:23:00,18,2411.35,977,72,397,133.96,3,5,4,354,Loyal Customers
17895,2011-10-26 17:00:00,2011-10-26 17:00:00,1,95.45,127,44,0,95.45,4,2,1,421,Potential Loyalists
17896,2011-11-16 13:59:00,2011-11-16 13:59:00,1,256.32,288,23,0,256.32,4,2,1,421,Potential Loyalists
17897,2010-05-12 16:03:00,2011-06-20 11:23:00,9,2510.56,1015,173,403,278.95,3,5,4,354,Loyal Customers
17898,2010-05-21 17:22:00,2011-09-15 14:56:00,4,299.18,251,85,481,74.8,3,4,2,342,Loyal Customers
17899,2011-07-03 14:58:00,2011-07-03 14:58:00,1,154.55,170,159,0,154.55,3,2,1,321,Need Attention
17900,2011-06-02 14:28:00,2011-06-02 14:38:00,2,112.2,73,190,0,56.1,2,3,1,231,Hibernating
17901,2010-07-06 10:54:00,2011-11-10 17:29:00,3,260.08,38,29,492,86.69,4,3,1,431,Potential Loyalists
17902,2010-06-11 12:25:00,2010-06-11 12:25:00,1,216.4,526,547,0,216.4,1,2,1,121,Lost Customers
17903,2010-11-10 15:39:00,2010-11-10 15:39:00,1,381.09,142,394,0,381.09,2,2,2,222,Hibernating
17904,2011-11-18 12:57:00,2011-11-18 12:57:00,1,181.07,59,21,0,181.07,4,2,1,421,Potential Loyalists
17905,2010-01-28 17:54:00,2011-09-29 17:33:00,13,2379.37,1370,71,608,183.03,3,5,4,354,Loyal Customers
17906,2011-04-06 17:25:00,2011-04-06 17:25:00,1,72.9,26,247,0,72.9,2,2,1,221,Hibernating
17907,2010-03-09 12:33:00,2010-03-09 12:33:00,1,291.76,1046,641,0,291.76,1,2,2,122,Lost Customers
17908,2009-12-14 12:24:00,2010-12-01 11:45:00,5,1374.5,839,374,351,274.9,2,4,4,244,At Risk
17909,2009-12-02 13:10:00,2009-12-02 13:10:00,1,110.05,35,737,0,110.05,1,2,1,121,Lost Customers
17910,2009-12-13 16:04:00,2009-12-13 16:04:00,1,261.7,121,726,0,261.7,1,2,1,121,Lost Customers
17911,2011-11-30 14:52:00,2011-11-30 14:52:00,1,366.23,223,9,0,366.23,5,2,2,522,Potential Loyalists
17912,2010-11-29 13:53:00,2011-02-02 14:25:00,6,374.55,215,310,65,62.42,2,4,2,242,At Risk
17913,2009-12-03 13:02:00,2011-10-12 10:45:00,14,3429.29,1725,59,677,244.95,3,5,5,355,Loyal Customers
17914,2011-12-06 11:58:00,2011-12-06 11:58:00,1,329.36,457,4,0,329.36,5,2,2,522,Potential Loyalists
17915,2010-06-06 13:22:00,2010-06-06 13:22:00,1,225.78,184,551,0,225.78,1,2,1,121,Lost Customers
17916,2009-12-06 14:10:00,2010-03-21 12:26:00,2,43.87,90,629,104,21.94,1,3,1,131,Hibernating
17917,2010-12-12 12:08:00,2011-10-25 13:20:00,3,335.03,184,45,317,111.68,4,3,2,432,Potential Loyalists
17918,2010-07-22 14:20:00,2010-07-27 11:51:00,3,396.39,352,501,4,132.13,1,3,2,132,Hibernating
17919,2010-09-27 10:40:00,2011-09-12 13:41:00,2,1840.32,1452,88,350,920.16,3,3,4,334,Big Spenders
17920,2009-12-06 10:37:00,2011-12-05 14:29:00,54,24256.74,12544,4,729,449.2,5,5,5,555,Champions
17921,2010-07-15 20:05:00,2011-10-06 18:56:00,10,2394.36,991,64,447,239.44,3,5,4,354,Loyal Customers
17922,2010-06-14 16:32:00,2010-06-14 16:32:00,1,170.4,49,543,0,170.4,1,2,1,121,Lost Customers
17923,2010-06-13 13:58:00,2011-03-02 15:15:00,3,497.0,140,282,262,165.67,2,3,2,232,Hibernating
17924,2010-10-21 12:17:00,2011-11-28 09:11:00,8,3536.7,1268,12,402,442.09,5,5,5,555,Champions
17925,2010-12-02 10:10:00,2010-12-02 10:10:00,1,488.16,144,373,0,488.16,2,2,2,222,Hibernating
17926,2010-05-09 14:07:00,2011-07-29 14:39:00,5,1035.49,572,133,446,207.1,3,4,3,343,Loyal Customers
17927,2009-12-18 11:03:00,2009-12-18 11:03:00,1,294.0,108,722,0,294.0,1,2,2,122,Lost Customers
17928,2010-05-17 15:30:00,2011-10-25 13:52:00,3,341.24,222,45,525,113.75,4,3,2,432,Potential Loyalists
17929,2009-12-09 11:40:00,2011-11-28 16:01:00,12,3082.1,434,11,719,256.84,5,5,5,555,Champions
17930,2010-03-04 10:41:00,2011-11-04 10:23:00,13,4275.22,3795,36,609,328.86,4,5,5,455,Champions
17931,2010-02-16 15:47:00,2011-07-28 18:33:00,14,3402.24,1919,134,527,243.02,3,5,5,355,Loyal Customers
17932,2011-05-12 13:58:00,2011-11-10 19:49:00,3,1331.57,789,29,182,443.86,4,3,4,434,Potential Loyalists
17933,2010-03-17 15:11:00,2010-03-17 15:11:00,1,114.69,63,632,0,114.69,1,2,1,121,Lost Customers
17934,2010-10-29 12:23:00,2011-10-19 11:16:00,3,1049.15,628,52,354,349.72,4,3,3,433,Potential Loyalists
17935,2009-12-04 14:33:00,2011-07-24 13:18:00,7,686.14,244,138,596,98.02,3,4,3,343,Loyal Customers
17936,2011-12-04 13:32:00,2011-12-04 13:32:00,1,380.13,257,5,0,380.13,5,2,2,522,Potential Loyalists
17937,2010-12-12 14:43:00,2011-12-01 11:45:00,7,4301.22,1754,9,353,614.46,5,4,5,545,Champions
17938,2010-10-15 14:27:00,2010-10-15 14:27:00,1,144.29,53,420,0,144.29,1,2,1,121,Lost Customers
17939,2011-07-03 12:27:00,2011-07-03 12:27:00,1,99.14,40,160,0,99.14,3,2,1,321,Need Attention
17940,2009-12-03 12:31:00,2011-10-21 13:27:00,16,30306.79,85148,49,687,1894.17,4,5,5,455,Champions
17941,2010-01-06 15:37:00,2011-08-01 08:30:00,4,1433.28,1108,131,571,358.32,3,4,4,344,Loyal Customers
17942,2011-12-02 10:45:00,2011-12-02 10:45:00,1,77.5,38,8,0,77.5,5,2,1,521,Potential Loyalists
17944,2010-10-12 16:25:00,2010-10-12 16:25:00,1,74.99,84,423,0,74.99,1,2,1,121,Lost Customers
17945,2010-01-12 11:33:00,2010-01-12 11:40:00,3,360.35,244,697,0,120.12,1,3,2,132,Hibernating
17946,2011-03-25 14:34:00,2011-04-20 17:00:00,2,149.58,75,233,26,74.79,2,3,1,231,Hibernating
17947,2011-11-02 13:05:00,2011-11-02 13:05:00,1,176.68,168,37,0,176.68,4,2,1,421,Potential Loyalists
17948,2011-07-15 12:58:00,2011-07-15 12:58:00,1,358.56,144,147,0,358.56,3,2,2,322,Need Attention
17949,2009-12-02 11:07:00,2011-12-08 18:46:00,118,118628.08,60658,1,736,1005.32,5,5,5,555,Champions
17950,2010-01-04 17:39:00,2011-09-28 15:18:00,7,1429.46,845,72,631,204.21,3,4,4,344,Loyal Customers
17951,2010-10-31 15:15:00,2011-10-31 12:30:00,4,1636.08,898,40,364,409.02,4,4,4,444,Champions
17952,2010-06-16 11:54:00,2010-11-26 13:54:00,4,788.46,477,378,163,197.12,2,4,3,243,At Risk
17953,2010-06-17 15:08:00,2010-06-17 15:08:00,1,159.17,98,540,0,159.17,1,2,1,121,Lost Customers
17954,2009-12-09 13:22:00,2011-12-04 14:15:00,19,3933.06,3242,5,725,207.0,5,5,5,555,Champions
17955,2010-02-12 16:27:00,2011-05-25 12:00:00,6,949.9,681,199,466,158.32,2,4,3,243,At Risk
17956,2011-04-04 13:47:00,2011-04-04 13:47:00,1,12.75,1,249,0,12.75,2,2,1,221,Hibernating
17957,2011-10-04 14:58:00,2011-10-04 14:58:00,1,111.68,287,66,0,111.68,3,2,1,321,Need Attention
17958,2009-12-11 15:37:00,2011-08-15 12:19:00,2,973.88,284,117,611,486.94,3,3,3,333,Need Attention
17959,2010-04-26 14:12:00,2010-04-26 14:12:00,1,140.75,49,592,0,140.75,1,2,1,121,Lost Customers
17960,2010-03-08 12:22:00,2011-06-21 14:15:00,3,135.08,60,171,470,45.03,3,3,1,331,Need Attention
17961,2009-12-01 14:48:00,2011-11-18 16:55:00,100,2994.29,1536,21,717,29.94,4,5,5,455,Champions
17962,2010-01-13 15:24:00,2011-07-20 14:16:00,4,666.96,633,142,552,166.74,3,4,3,343,Loyal Customers
17963,2010-01-19 17:25:00,2010-08-25 15:58:00,4,643.16,341,471,217,160.79,1,4,3,143,At Risk
17964,2010-12-02 13:32:00,2011-11-08 10:44:00,2,724.97,489,32,340,362.48,4,3,3,433,Potential Loyalists
17965,2009-12-14 13:19:00,2011-11-02 09:31:00,29,7157.2,4440,38,687,246.8,4,5,5,455,Champions
17966,2010-01-18 13:24:00,2011-11-02 10:26:00,10,1963.92,3918,38,652,196.39,4,5,4,454,Champions
17967,2010-10-19 13:19:00,2010-12-03 11:19:00,2,335.69,184,372,44,167.84,2,3,2,232,Hibernating
17968,2010-07-15 15:01:00,2010-12-01 12:23:00,4,855.54,503,374,138,213.88,2,4,3,243,At Risk
17969,2009-12-06 13:53:00,2011-06-26 13:00:00,20,2354.29,1014,166,566,117.71,3,5,4,354,Loyal Customers
17970,2011-05-12 20:03:00,2011-05-12 20:03:00,1,562.79,513,211,0,562.79,2,2,2,222,Hibernating
17971,2010-06-09 14:04:00,2010-06-09 14:04:00,1,161.94,62,548,0,161.94,1,2,1,121,Lost Customers
17972,2011-04-12 12:16:00,2011-04-12 12:16:00,1,135.19,36,242,0,135.19,2,2,1,221,Hibernating
17973,2011-10-19 10:34:00,2011-10-19 10:34:00,1,337.04,176,52,0,337.04,4,2,2,422,Potential Loyalists
17974,2010-10-28 20:03:00,2011-11-15 11:37:00,6,1739.09,1189,25,382,289.85,4,4,4,444,Champions
17975,2010-08-06 11:24:00,2011-11-24 13:27:00,24,7010.43,2265,15,475,292.1,5,5,5,555,Champions
17976,2010-12-02 13:49:00,2010-12-02 13:49:00,1,643.58,186,372,0,643.58,2,2,3,223,Hibernating
17977,2010-11-04 14:26:00,2011-11-10 13:28:00,2,1511.45,1948,29,370,755.72,4,3,4,434,Potential Loyalists
17978,2009-12-08 13:27:00,2010-12-09 14:05:00,4,1460.91,1796,365,366,365.23,2,4,4,244,At Risk
17979,2011-03-25 11:34:00,2011-11-04 12:05:00,4,732.41,383,36,224,183.1,4,4,3,443,Loyal Customers
17980,2010-11-11 14:42:00,2011-06-27 12:01:00,4,1012.72,771,166,227,253.18,3,4,3,343,Loyal Customers
17981,2010-10-25 10:40:00,2010-10-25 10:40:00,1,239.12,260,411,0,239.12,1,2,1,121,Lost Customers
17982,2010-01-28 09:38:00,2010-01-28 09:38:00,1,138.18,117,681,0,138.18,1,2,1,121,Lost Customers
17983,2010-11-09 13:23:00,2010-11-09 13:24:00,1,171.71,108,395,0,171.71,2,2,1,221,Hibernating
17984,2009-12-01 11:51:00,2011-07-17 15:59:00,5,1152.19,939,145,593,230.44,3,4,3,343,Loyal Customers
17985,2011-11-17 14:24:00,2011-11-17 14:24:00,1,631.35,171,22,0,631.35,4,2,3,423,Potential Loyalists
17986,2011-10-14 14:22:00,2011-10-14 14:22:00,1,20.8,10,56,0,20.8,4,2,1,421,Potential Loyalists
17987,2010-06-07 11:23:00,2011-06-07 14:22:00,5,965.44,981,185,365,193.09,3,4,3,343,Loyal Customers
17988,2009-12-07 13:35:00,2011-11-28 11:00:00,14,489.54,186,12,720,34.97,5,5,2,552,Loyal Customers
17989,2010-11-25 13:49:00,2010-11-25 13:49:00,1,207.33,300,379,0,207.33,2,2,1,221,Hibernating
17990,2009-12-07 15:19:00,2011-04-17 11:44:00,6,1527.61,777,237,495,254.6,2,4,4,244,At Risk
17991,2010-04-27 12:46:00,2011-04-28 15:58:00,3,300.3,93,225,366,100.1,2,3,2,232,Hibernating
17992,2010-11-15 13:04:00,2010-11-15 13:04:00,1,252.88,130,389,0,252.88,2,2,1,221,Hibernating
17993,2010-04-01 14:23:00,2010-04-01 14:23:00,1,225.99,108,617,0,225.99,1,2,1,121,Lost Customers
17994,2010-03-29 10:37:00,2011-08-10 11:41:00,11,2270.03,2181,122,499,206.37,3,5,4,354,Loyal Customers
17995,2010-11-17 17:01:00,2011-03-03 12:30:00,3,495.48,263,282,105,165.16,2,3,2,232,Hibernating
17996,2010-06-11 11:48:00,2010-11-25 11:00:00,3,482.33,587,380,166,160.78,2,3,2,232,Hibernating
17997,2011-06-28 17:28:00,2011-09-26 16:13:00,8,1962.46,2273,74,89,245.31,3,5,4,354,Loyal Customers
17998,2009-12-01 13:07:00,2010-11-24 15:31:00,3,639.24,561,380,358,213.08,2,3,3,233,Hibernating
17999,2010-11-26 13:16:00,2011-11-02 15:56:00,3,718.8,380,37,341,239.6,4,3,3,433,Potential Loyalists
18000,2010-05-24 17:34:00,2010-05-24 17:34:00,1,124.25,109,564,0,124.25,1,2,1,121,Lost Customers
18001,2009-12-02 15:38:00,2011-11-27 16:02:00,6,924.14,874,12,725,154.02,5,4,3,543,Loyal Customers
18002,2009-12-08 11:07:00,2010-11-29 10:57:00,4,244.37,71,376,355,61.09,2,4,1,241,At Risk
18003,2010-11-28 15:09:00,2010-11-28 15:09:00,1,353.51,297,376,0,353.51,2,2,2,222,Hibernating
18004,2010-12-12 13:47:00,2010-12-12 13:47:00,1,157.92,75,362,0,157.92,2,2,1,221,Hibernating
18005,2011-10-23 14:40:00,2011-12-06 11:51:00,2,226.47,86,4,43,113.24,5,3,1,531,Potential Loyalists
18006,2009-12-17 12:27:00,2011-11-16 16:52:00,4,969.51,395,23,699,242.38,4,4,3,443,Loyal Customers
18007,2010-11-12 11:08:00,2010-11-12 11:08:00,1,215.22,246,393,0,215.22,2,2,1,221,Hibernating
18008,2010-01-06 12:35:00,2011-09-30 15:17:00,23,19759.08,7825,70,632,859.09,3,5,5,355,Loyal Customers
18009,2010-02-25 11:49:00,2011-04-18 13:36:00,8,2144.23,651,235,417,268.03,2,5,4,254,At Risk
18010,2011-03-28 12:27:00,2011-03-28 12:27:00,1,174.8,60,257,0,174.8,2,2,1,221,Hibernating
18011,2010-05-21 13:28:00,2010-12-01 17:35:00,2,513.58,196,373,194,256.79,2,3,2,232,Hibernating
18012,2009-12-16 13:16:00,2009-12-16 13:16:00,1,115.3,63,723,0,115.3,1,2,1,121,Lost Customers
18013,2011-07-07 14:08:00,2011-07-07 14:11:00,2,187.29,285,155,0,93.64,3,3,1,331,Need Attention
18014,2011-11-11 15:28:00,2011-11-11 15:28:00,1,162.22,66,28,0,162.22,4,2,1,421,Potential Loyalists
18015,2011-12-05 14:49:00,2011-12-05 14:49:00,1,120.03,157,4,0,120.03,5,2,1,521,Potential Loyalists
18016,2010-01-27 16:00:00,2011-11-07 13:25:00,7,1954.56,1207,32,648,279.22,4,4,4,444,Champions
18017,2010-10-04 15:11:00,2011-09-19 16:15:00,4,688.0,400,81,350,172.0,3,4,3,343,Loyal Customers
18018,2010-10-15 11:05:00,2011-08-23 17:37:00,4,297.99,186,108,312,74.5,3,4,2,342,Loyal Customers
18019,2011-10-19 12:10:00,2011-10-19 12:10:00,1,38.45,7,52,0,38.45,4,2,1,421,Potential Loyalists
18020,2010-06-14 12:31:00,2010-06-14 12:31:00,1,190.48,67,544,0,190.48,1,2,1,121,Lost Customers
18021,2010-07-15 18:47:00,2010-07-18 10:52:00,2,216.41,168,510,2,108.2,1,3,1,131,Hibernating
18022,2010-06-11 13:59:00,2011-11-04 12:45:00,5,1507.25,1311,36,510,301.45,4,4,4,444,Champions
18024,2011-07-10 12:28:00,2011-07-10 12:40:00,2,389.78,184,153,0,194.89,3,3,2,332,Need Attention
18025,2010-03-30 17:33:00,2010-11-25 12:37:00,6,1177.72,1053,380,239,196.29,2,4,3,243,At Risk
18026,2010-07-22 16:21:00,2010-07-27 10:37:00,2,2074.07,530,501,4,1037.04,1,3,4,134,Hibernating
18027,2011-09-02 10:38:00,2011-09-02 10:38:00,1,115.31,78,99,0,115.31,3,2,1,321,Need Attention
18028,2010-05-05 13:28:00,2010-05-05 13:28:00,1,192.05,133,583,0,192.05,1,2,1,121,Lost Customers
18029,2010-03-07 15:30:00,2010-03-07 15:30:00,1,433.77,253,642,0,433.77,1,2,2,122,Lost Customers
18030,2011-10-28 13:55:00,2011-12-05 16:37:00,2,230.65,67,4,38,115.32,5,3,1,531,Potential Loyalists
18031,2010-11-26 11:00:00,2010-11-26 11:00:00,1,451.3,298,379,0,451.3,2,2,2,222,Hibernating
18032,2011-01-09 15:32:00,2011-01-09 15:32:00,1,73.5,42,334,0,73.5,2,2,1,221,Hibernating
18033,2011-10-05 17:28:00,2011-10-05 17:28:00,1,93.82,252,65,0,93.82,3,2,1,321,Need Attention
18034,2010-11-29 12:36:00,2011-11-18 12:22:00,3,754.2,951,22,353,251.4,4,3,3,433,Potential Loyalists
18035,2010-11-19 13:42:00,2011-11-04 12:39:00,5,1260.23,1134,36,349,252.05,4,4,4,444,Champions
18036,2009-12-18 12:04:00,2011-11-07 14:40:00,11,1545.49,741,32,689,140.5,4,5,4,454,Champions
18037,2009-12-01 13:48:00,2011-07-08 13:39:00,15,167.42,37,154,583,11.16,3,5,1,351,Loyal Customers
18038,2010-06-01 15:59:00,2010-06-01 15:59:00,1,141.48,80,556,0,141.48,1,2,1,121,Lost Customers
18039,2010-03-09 11:19:00,2010-11-30 13:07:00,4,548.22,555,374,266,137.06,2,4,2,242,At Risk
18040,2011-04-08 08:27:00,2011-11-20 14:20:00,2,357.2,148,19,226,178.6,4,3,2,432,Potential Loyalists
18041,2010-01-14 10:04:00,2011-11-28 11:39:00,38,8633.66,7784,12,683,227.2,5,5,5,555,Champions
18042,2010-06-16 10:53:00,2011-10-17 11:49:00,2,281.15,69,54,488,140.57,4,3,1,431,Potential Loyalists
18043,2010-12-08 12:35:00,2011-11-15 12:48:00,3,817.2,422,25,342,272.4,4,3,3,433,Potential Loyalists
18044,2010-05-28 15:31:00,2011-12-05 14:26:00,18,3505.61,1598,4,555,194.76,5,5,5,555,Champions
18045,2011-10-25 13:07:00,2011-10-25 13:07:00,1,178.34,138,45,0,178.34,4,2,1,421,Potential Loyalists
18046,2010-02-28 11:36:00,2010-02-28 11:36:00,1,189.63,44,650,0,189.63,1,2,1,121,Lost Customers
18047,2010-11-23 12:57:00,2010-11-23 13:11:00,2,326.09,130,381,0,163.04,2,3,2,232,Hibernating
18048,2010-08-03 13:03:00,2011-05-20 14:58:00,3,394.93,256,203,290,131.64,2,3,2,232,Hibernating
18049,2010-04-28 13:24:00,2010-09-28 14:26:00,2,500.92,402,437,153,250.46,1,3,2,132,Hibernating
18050,2010-11-11 15:51:00,2010-12-15 14:25:00,2,412.06,250,359,33,206.03,2,3,2,232,Hibernating
18051,2009-12-09 12:17:00,2010-03-15 13:58:00,7,2282.28,1661,634,96,326.04,1,4,4,144,At Risk
18052,2010-05-24 11:11:00,2010-05-24 11:11:00,1,10877.18,17766,565,0,10877.18,1,2,5,125,Lost Customers
18053,2010-06-30 12:36:00,2011-09-30 09:05:00,3,571.07,409,71,456,190.36,3,3,2,332,Need Attention
18054,2010-11-12 08:18:00,2010-11-12 08:18:00,1,176.5,96,393,0,176.5,2,2,1,221,Hibernating
18055,2010-10-22 13:27:00,2011-12-02 14:25:00,14,11143.12,3828,7,406,795.94,5,5,5,555,Champions
18056,2010-03-31 12:29:00,2011-02-24 14:27:00,2,554.6,334,288,330,277.3,2,3,2,232,Hibernating
18057,2010-01-18 12:42:00,2010-11-11 16:55:00,3,1188.46,970,393,297,396.15,2,3,3,233,Hibernating
18058,2010-02-10 09:38:00,2011-11-30 08:38:00,3,774.06,394,10,657,258.02,5,3,3,533,Potential Loyalists
18059,2011-10-03 09:30:00,2011-11-16 16:49:00,3,306.46,258,23,44,102.15,4,3,2,432,Potential Loyalists
18060,2010-05-24 08:34:00,2010-10-27 16:41:00,2,1185.46,902,408,156,592.73,2,3,3,233,Hibernating
18061,2009-12-04 11:36:00,2011-11-18 11:20:00,28,6488.97,3607,22,713,231.75,4,5,5,455,Champions
18062,2010-04-21 08:55:00,2011-06-19 14:47:00,6,1632.67,831,173,424,272.11,3,4,4,344,Loyal Customers
18063,2010-03-16 13:05:00,2010-11-14 10:46:00,2,186.6,48,391,242,93.3,2,3,1,231,Hibernating
18064,2010-02-01 15:01:00,2011-07-29 16:39:00,11,4481.83,2685,133,543,407.44,3,5,5,355,Loyal Customers
18065,2009-12-09 16:00:00,2011-12-04 10:30:00,29,5866.63,2265,6,724,202.3,5,5,5,555,Champions
18066,2010-10-20 11:42:00,2011-09-25 15:30:00,3,1440.4,535,75,340,480.13,3,3,4,334,Big Spenders
18067,2011-10-30 15:58:00,2011-10-30 15:58:00,1,396.33,189,40,0,396.33,4,2,2,422,Potential Loyalists
18068,2011-02-23 14:50:00,2011-02-23 14:50:00,1,101.7,6,289,0,101.7,2,2,1,221,Hibernating
18069,2010-02-28 16:14:00,2011-11-13 16:03:00,11,4464.92,3168,26,622,405.9,4,5,5,455,Champions
18070,2010-02-08 13:28:00,2010-02-08 13:28:00,1,314.1,86,669,0,314.1,1,2,2,122,Lost Customers
18071,2009-12-05 10:31:00,2011-03-27 11:59:00,6,1428.63,835,258,477,238.1,2,4,4,244,At Risk
18072,2011-06-07 10:44:00,2011-06-07 10:44:00,1,247.44,288,186,0,247.44,3,2,1,321,Need Attention
18073,2011-05-26 19:38:00,2011-08-17 14:02:00,12,3859.82,3102,114,82,321.65,3,5,5,355,Loyal Customers
18074,2010-07-22 10:31:00,2010-12-01 09:53:00,2,1509.04,551,374,131,754.52,2,3,4,234,Hibernating
18075,2010-07-29 11:47:00,2011-11-16 15:21:00,20,5783.29,3281,23,475,289.16,4,5,5,455,Champions
18076,2010-11-24 14:02:00,2010-11-24 14:02:00,1,151.49,164,380,0,151.49,2,2,1,221,Hibernating
18077,2009-12-07 11:40:00,2011-12-01 13:32:00,18,4283.66,3191,8,724,237.98,5,5,5,555,Champions
18078,2010-03-21 15:50:00,2011-05-06 14:32:00,4,725.53,370,217,410,181.38,2,4,3,243,At Risk
18079,2010-08-05 12:19:00,2011-10-25 15:27:00,5,4203.93,8730,45,446,840.79,4,4,5,445,Champions
18080,2011-04-11 10:10:00,2011-11-21 08:02:00,2,1231.5,642,19,223,615.75,4,3,3,433,Potential Loyalists
18081,2011-07-29 11:56:00,2011-11-03 16:30:00,3,343.45,195,36,97,114.48,4,3,2,432,Potential Loyalists
18082,2011-11-14 12:45:00,2011-11-14 12:45:00,1,680.84,608,26,0,680.84,4,2,3,423,Potential Loyalists
18083,2010-11-07 11:44:00,2010-11-07 11:44:00,1,463.53,268,398,0,463.53,2,2,2,222,Hibernating
18084,2010-11-16 08:09:00,2011-11-23 13:57:00,3,795.23,755,16,372,265.08,5,3,3,533,Potential Loyalists
18085,2010-03-21 11:57:00,2011-01-13 15:17:00,4,1645.75,585,330,298,411.44,2,4,4,244,At Risk
18086,2011-03-10 13:34:00,2011-03-10 13:34:00,1,101.34,106,274,0,101.34,2,2,1,221,Hibernating
18087,2009-12-01 09:43:00,2011-09-02 15:12:00,17,14761.52,7775,98,640,868.32,3,5,5,355,Loyal Customers
18088,2011-10-09 13:41:00,2011-10-09 13:41:00,1,166.03,107,61,0,166.03,3,2,1,321,Need Attention
18089,2010-09-19 11:57:00,2010-09-19 11:57:00,1,428.45,95,447,0,428.45,1,2,2,122,Lost Customers
18090,2010-10-14 12:32:00,2010-10-14 12:32:00,1,321.9,307,422,0,321.9,1,2,2,122,Lost Customers
18091,2010-04-25 13:18:00,2010-04-25 13:18:00,1,360.85,539,593,0,360.85,1,2,2,122,Lost Customers
18092,2009-12-04 12:37:00,2011-12-07 13:14:00,18,16179.44,8830,2,733,898.86,5,5,5,555,Champions
18093,2010-03-31 10:27:00,2011-09-07 15:43:00,8,4452.71,3429,93,525,556.59,3,5,5,355,Loyal Customers
18094,2010-01-07 11:16:00,2011-09-19 09:28:00,13,6391.52,4164,82,619,491.66,3,5,5,355,Loyal Customers
18095,2010-04-19 14:09:00,2011-01-31 12:50:00,5,2303.09,1623,313,286,460.62,2,4,4,244,At Risk
18096,2010-07-14 14:30:00,2011-11-28 12:44:00,6,1657.87,1409,12,501,276.31,5,4,4,544,Champions
18097,2009-12-17 11:06:00,2011-12-02 11:16:00,11,4627.92,2716,8,715,420.72,5,5,5,555,Champions
18098,2010-11-08 16:31:00,2010-11-08 16:31:00,1,527.94,215,396,0,527.94,2,2,2,222,Hibernating
18099,2011-08-04 15:52:00,2011-08-04 15:52:00,1,168.31,149,127,0,168.31,3,2,1,321,Need Attention
18100,2010-06-07 14:19:00,2010-06-07 14:19:00,1,451.56,440,550,0,451.56,1,2,2,122,Lost Customers
18101,2010-02-03 13:52:00,2011-11-28 13:37:00,5,622.01,247,11,662,124.4,5,4,3,543,Loyal Customers
18102,2009-12-01 09:24:00,2011-12-09 11:50:00,145,608821.65,188340,1,738,4198.77,5,5,5,555,Champions
18103,2010-06-08 13:36:00,2010-06-08 13:36:00,1,105.8,23,549,0,105.8,1,2,1,121,Lost Customers
18104,2011-11-02 14:07:00,2011-11-02 14:07:00,1,754.64,362,37,0,754.64,4,2,3,423,Potential Loyalists
18105,2011-11-02 12:04:00,2011-11-02 12:04:00,1,113.48,46,38,0,113.48,4,2,1,421,Potential Loyalists
18106,2010-01-15 11:36:00,2011-01-14 12:23:00,6,1441.06,506,330,364,240.18,2,4,4,244,At Risk
18107,2010-09-23 13:03:00,2010-09-23 13:03:00,1,165.88,65,442,0,165.88,1,2,1,121,Lost Customers
18108,2009-12-02 12:47:00,2011-03-30 13:56:00,3,848.81,261,254,483,282.94,2,3,3,233,Hibernating
18109,2010-07-01 12:13:00,2011-12-08 11:36:00,38,9833.16,4877,2,524,258.77,5,5,5,555,Champions
18110,2010-10-24 14:21:00,2011-11-20 12:34:00,2,392.28,169,20,391,196.14,4,3,2,432,Potential Loyalists
18111,2010-04-29 12:58:00,2010-04-29 12:58:00,1,405.85,232,589,0,405.85,1,2,2,122,Lost Customers
18112,2010-06-06 12:40:00,2011-11-27 14:43:00,4,773.36,443,12,539,193.34,5,4,3,543,Loyal Customers
18113,2010-12-06 12:31:00,2010-12-06 12:31:00,1,152.64,144,369,0,152.64,2,2,1,221,Hibernating
18114,2011-02-22 13:20:00,2011-02-22 13:20:00,1,220.1,55,290,0,220.1,2,2,1,221,Hibernating
18115,2010-01-11 11:57:00,2010-01-11 11:57:00,1,9.7,3,698,0,9.7,1,2,1,121,Lost Customers
18116,2010-10-24 15:29:00,2011-10-03 11:00:00,13,2134.49,1267,68,343,164.19,3,5,4,354,Loyal Customers
18117,2011-11-14 12:47:00,2011-11-14 12:47:00,1,315.65,605,26,0,315.65,4,2,2,422,Potential Loyalists
18118,2010-11-23 13:36:00,2011-11-29 11:32:00,29,6693.13,3395,11,370,230.8,5,5,5,555,Champions
18119,2010-12-07 11:59:00,2010-12-07 11:59:00,1,361.4,248,368,0,361.4,2,2,2,222,Hibernating
18120,2011-05-09 13:45:00,2011-05-09 13:45:00,1,111.15,31,214,0,111.15,2,2,1,221,Hibernating
18121,2011-07-08 12:14:00,2011-07-13 12:53:00,2,653.3,438,149,5,326.65,3,3,3,333,Need Attention
18122,2011-07-12 11:37:00,2011-12-01 13:08:00,6,1793.06,1225,8,142,298.84,5,4,4,544,Champions
18123,2010-07-14 12:47:00,2011-11-15 14:23:00,3,666.64,616,24,489,222.21,4,3,3,433,Potential Loyalists
18124,2010-08-24 17:21:00,2010-08-24 17:21:00,1,102.65,47,472,0,102.65,1,2,1,121,Lost Customers
18125,2011-01-27 15:02:00,2011-11-10 12:29:00,4,1131.75,800,30,286,282.94,4,4,3,443,Loyal Customers
18126,2011-10-10 12:19:00,2011-10-10 12:19:00,1,200.92,135,61,0,200.92,3,2,1,321,Need Attention
18127,2010-11-01 13:56:00,2011-11-20 14:05:00,4,556.13,250,19,384,139.03,4,4,2,442,Loyal Customers
18128,2010-06-20 13:19:00,2010-06-20 13:19:00,1,399.29,216,537,0,399.29,1,2,2,122,Lost Customers
18129,2011-04-10 14:16:00,2011-04-10 14:16:00,1,112.55,48,243,0,112.55,2,2,1,221,Hibernating
18130,2011-10-13 15:58:00,2011-11-24 14:40:00,3,1059.39,824,15,41,353.13,5,3,3,533,Potential Loyalists
18131,2010-03-18 08:48:00,2010-03-18 08:48:00,1,222.96,552,632,0,222.96,1,2,1,121,Lost Customers
18132,2010-07-23 16:54:00,2010-07-23 16:54:00,1,220.13,212,504,0,220.13,1,2,1,121,Lost Customers
18133,2011-05-11 14:14:00,2011-05-11 14:14:00,1,931.5,1350,212,0,931.5,2,2,3,223,Hibernating
18134,2010-01-14 11:59:00,2010-04-20 14:02:00,2,445.0,128,598,96,222.5,1,3,2,132,Hibernating
18135,2010-03-15 13:55:00,2011-11-10 19:32:00,10,1249.62,753,29,605,124.96,4,5,4,454,Champions
18136,2010-09-14 15:50:00,2011-10-07 15:40:00,5,1631.36,860,63,387,326.27,3,4,4,344,Loyal Customers
18137,2010-06-06 13:45:00,2010-06-06 14:18:00,2,145.99,59,551,0,73.0,1,3,1,131,Hibernating
18138,2011-02-17 14:51:00,2011-02-17 14:51:00,1,152.65,38,295,0,152.65,2,2,1,221,Hibernating
18139,2011-11-21 14:06:00,2011-11-22 10:44:00,6,8438.34,5557,18,0,1406.39,5,4,5,545,Champions
18140,2010-08-23 11:58:00,2010-08-23 11:58:00,1,536.41,395,474,0,536.41,1,2,2,122,Lost Customers
18141,2010-04-29 15:32:00,2010-11-03 11:44:00,2,882.47,433,402,187,441.24,2,3,3,233,Hibernating
18142,2011-05-08 12:31:00,2011-07-05 13:19:00,2,1019.52,1276,157,58,509.76,3,3,3,333,Need Attention
18143,2011-07-21 10:44:00,2011-08-15 12:07:00,2,1000.16,570,117,25,500.08,3,3,3,333,Need Attention
18144,2009-12-16 15:57:00,2011-12-02 12:46:00,19,5058.0,2239,8,715,266.21,5,5,5,555,Champions
18145,2009-12-08 12:30:00,2011-11-27 11:22:00,11,5609.74,5104,13,718,509.98,5,5,5,555,Champions
18146,2011-05-03 16:35:00,2011-07-22 12:08:00,2,160.35,153,141,79,80.18,3,3,1,331,Need Attention
18147,2011-08-23 12:22:00,2011-10-25 11:46:00,2,179.34,203,46,62,89.67,4,3,1,431,Potential Loyalists
18148,2010-03-03 11:40:00,2010-03-03 11:40:00,1,112.85,63,647,0,112.85,1,2,1,121,Lost Customers
18149,2010-03-14 12:41:00,2011-10-20 12:04:00,7,1553.96,869,51,584,221.99,4,4,4,444,Champions
18150,2011-05-22 10:47:00,2011-11-07 16:49:00,3,566.58,332,32,169,188.86,4,3,2,432,Potential Loyalists
18151,2010-03-04 10:47:00,2011-07-28 11:35:00,6,1879.44,986,135,511,313.24,3,4,4,344,Loyal Customers
18152,2010-03-03 15:26:00,2010-03-03 15:26:00,1,426.69,75,646,0,426.69,1,2,2,122,Lost Customers
18153,2010-02-18 15:50:00,2010-02-18 15:50:00,1,246.22,200,659,0,246.22,1,2,1,121,Lost Customers
18154,2010-08-06 09:18:00,2011-12-06 16:41:00,5,932.6,626,3,487,186.52,5,4,3,543,Loyal Customers
18155,2011-02-21 10:36:00,2011-09-25 13:32:00,3,371.62,266,75,216,123.87,3,3,2,332,Need Attention
18156,2010-12-05 12:29:00,2011-11-27 12:24:00,2,862.52,351,13,356,431.26,5,3,3,533,Potential Loyalists
18157,2010-05-17 14:09:00,2010-05-17 14:09:00,1,213.9,145,571,0,213.9,1,2,1,121,Lost Customers
18158,2011-09-12 09:03:00,2011-11-30 16:19:00,2,453.4,354,9,79,226.7,5,3,2,532,Potential Loyalists
18159,2011-02-11 14:26:00,2011-02-11 14:26:00,1,530.15,139,301,0,530.15,2,2,2,222,Hibernating
18160,2010-11-18 16:33:00,2011-10-13 15:50:00,3,1003.88,519,57,328,334.63,4,3,3,433,Potential Loyalists
18161,2010-11-25 15:55:00,2011-11-24 16:40:00,6,1803.1,965,15,364,300.52,5,4,4,544,Champions
18162,2009-12-07 13:24:00,2009-12-07 13:24:00,1,371.51,332,732,0,371.51,1,2,2,122,Lost Customers
18163,2010-05-04 14:51:00,2010-05-04 14:51:00,1,728.84,452,584,0,728.84,1,2,3,123,Lost Customers
18164,2011-11-02 12:56:00,2011-11-02 12:56:00,1,399.65,184,37,0,399.65,4,2,2,422,Potential Loyalists
18165,2011-06-15 13:23:00,2011-06-15 13:23:00,1,302.46,254,177,0,302.46,3,2,2,322,Need Attention
18166,2010-03-26 12:26:00,2010-03-26 12:26:00,1,175.5,90,624,0,175.5,1,2,1,121,Lost Customers
18167,2011-08-26 11:40:00,2011-11-16 15:56:00,3,1384.86,382,23,82,461.62,4,3,4,434,Potential Loyalists
18168,2009-12-03 17:29:00,2011-06-16 19:21:00,16,3698.8,2128,176,560,231.18,3,5,5,355,Loyal Customers
18169,2011-10-10 12:18:00,2011-10-10 12:18:00,1,202.65,61,61,0,202.65,3,2,1,321,Need Attention
18170,2010-01-08 14:10:00,2011-11-06 14:35:00,9,2878.0,1184,33,667,319.78,4,5,4,454,Champions
18171,2010-01-05 10:46:00,2011-10-12 09:13:00,9,2437.31,991,59,644,270.81,3,5,4,354,Loyal Customers
18172,2009-12-11 09:58:00,2011-11-25 11:12:00,52,17467.24,7407,15,714,335.91,5,5,5,555,Champions
18173,2010-04-06 10:43:00,2011-09-14 11:26:00,5,2696.36,1730,87,526,539.27,3,4,4,344,Loyal Customers
18174,2010-04-15 12:17:00,2011-12-02 16:56:00,2,162.5,80,7,596,81.25,5,3,1,531,Potential Loyalists
18175,2010-02-02 10:25:00,2010-02-02 10:25:00,1,176.1,70,676,0,176.1,1,2,1,121,Lost Customers
18176,2010-12-16 15:45:00,2010-12-16 15:45:00,1,476.35,283,358,0,476.35,2,2,2,222,Hibernating
18177,2009-12-15 18:57:00,2011-11-08 14:44:00,9,2216.32,1238,31,692,246.26,4,5,4,454,Champions
18178,2010-02-18 14:25:00,2011-08-03 09:30:00,11,6103.74,3850,129,530,554.89,3,5,5,355,Loyal Customers
18179,2010-02-14 15:51:00,2011-11-30 16:23:00,8,2547.55,1811,9,654,318.44,5,5,4,554,Champions
18180,2011-07-20 08:59:00,2011-12-05 08:39:00,6,1843.75,1721,5,137,307.29,5,4,4,544,Champions
18181,2009-12-04 15:30:00,2011-11-15 15:08:00,5,1188.34,510,24,710,237.67,4,4,3,443,Loyal Customers
18182,2010-09-02 14:25:00,2010-09-02 14:25:00,1,291.13,167,463,0,291.13,1,2,2,122,Lost Customers
18183,2011-03-10 10:08:00,2011-04-26 15:26:00,2,632.07,371,227,47,316.04,2,3,3,233,Hibernating
18184,2011-11-24 15:28:00,2011-11-24 15:28:00,1,49.8,60,15,0,49.8,5,2,1,521,Potential Loyalists
18185,2011-04-04 13:42:00,2011-04-04 13:42:00,1,304.25,183,249,0,304.25,2,2,2,222,Hibernating
18186,2009-12-17 10:22:00,2009-12-17 10:22:00,1,329.58,338,723,0,329.58,1,2,2,122,Lost Customers
18187,2010-03-18 09:49:00,2010-03-18 09:49:00,1,724.89,310,632,0,724.89,1,2,3,123,Lost Customers
18188,2010-03-26 11:37:00,2011-11-24 16:46:00,6,3280.59,1888,15,608,546.76,5,4,5,545,Champions
18189,2010-03-24 09:57:00,2011-09-23 12:40:00,3,1403.73,836,78,548,467.91,3,3,4,334,Big Spenders
18190,2009-12-22 12:05:00,2011-05-31 14:48:00,5,745.62,490,192,525,149.12,2,4,3,243,At Risk
18191,2010-08-19 17:42:00,2011-03-23 12:08:00,2,529.4,332,262,215,264.7,2,3,2,232,Hibernating
18192,2011-09-29 09:53:00,2011-09-29 09:53:00,1,957.97,339,72,0,957.97,3,2,3,323,Need Attention
18193,2010-09-23 13:33:00,2011-06-27 13:58:00,3,1207.35,926,165,277,402.45,3,3,3,333,Need Attention
18194,2010-01-28 15:30:00,2011-09-18 13:29:00,6,4162.04,1774,82,597,693.67,3,4,5,345,Loyal Customers
18195,2010-11-17 15:03:00,2010-11-17 15:03:00,1,101.16,60,387,0,101.16,2,2,1,221,Hibernating
18196,2010-03-17 14:55:00,2011-09-05 16:22:00,4,1457.19,1038,95,537,364.3,3,4,4,344,Loyal Customers
18197,2010-05-13 10:46:00,2010-05-13 10:46:00,1,230.1,166,576,0,230.1,1,2,1,121,Lost Customers
18198,2011-01-07 13:39:00,2011-12-05 14:49:00,17,5425.56,4074,4,332,319.15,5,5,5,555,Champions
18199,2010-01-25 11:32:00,2010-01-25 11:32:00,1,344.75,99,684,0,344.75,1,2,2,122,Lost Customers
18200,2011-08-25 18:45:00,2011-08-25 18:45:00,1,150.35,104,106,0,150.35,3,2,1,321,Need Attention
18201,2009-12-17 08:55:00,2009-12-17 08:55:00,1,447.53,191,723,0,447.53,1,2,2,122,Lost Customers
18202,2011-02-01 13:36:00,2011-05-24 12:12:00,3,1396.99,581,200,111,465.66,2,3,4,234,Hibernating
18203,2009-12-08 13:19:00,2011-07-05 13:07:00,4,492.52,111,157,573,123.13,3,4,2,342,Loyal Customers
18204,2011-05-31 15:26:00,2011-09-29 16:44:00,3,1975.35,1190,71,121,658.45,3,3,4,334,Big Spenders
18205,2011-09-26 12:02:00,2011-11-03 13:22:00,2,517.36,192,36,38,258.68,4,3,2,432,Potential Loyalists
18206,2010-06-04 13:47:00,2010-06-04 13:47:00,1,314.66,246,553,0,314.66,1,2,2,122,Lost Customers
18207,2010-07-28 14:26:00,2010-07-28 14:26:00,1,544.47,325,499,0,544.47,1,2,2,122,Lost Customers
18208,2010-05-23 11:54:00,2010-05-23 11:54:00,1,360.08,82,566,0,360.08,1,2,2,122,Lost Customers
18209,2011-11-11 12:07:00,2011-11-11 12:07:00,1,139.1,58,29,0,139.1,4,2,1,421,Potential Loyalists
18210,2010-11-22 09:39:00,2011-12-08 11:02:00,7,2768.83,1499,2,381,395.55,5,4,4,544,Champions
18211,2011-03-06 12:09:00,2011-11-14 08:10:00,5,600.07,359,26,252,120.01,4,4,2,442,Loyal Customers
18212,2010-01-31 14:42:00,2011-01-17 16:14:00,2,514.37,158,326,351,257.18,2,3,2,232,Hibernating
18213,2011-04-17 10:21:00,2011-04-17 10:21:00,1,232.48,232,237,0,232.48,2,2,1,221,Hibernating
18214,2010-06-03 19:47:00,2010-06-27 11:21:00,4,1780.34,989,531,23,445.08,1,4,4,144,At Risk
18215,2010-03-26 13:03:00,2011-09-11 16:05:00,5,2232.49,1131,89,534,446.5,3,4,4,344,Loyal Customers
18216,2011-11-08 16:55:00,2011-11-08 16:55:00,1,481.75,200,31,0,481.75,4,2,2,422,Potential Loyalists
18217,2010-07-01 15:39:00,2011-11-10 13:18:00,4,945.04,740,29,496,236.26,4,4,3,443,Loyal Customers
18218,2010-02-17 15:11:00,2011-05-12 12:53:00,4,1121.84,1028,211,448,280.46,2,4,3,243,At Risk
18219,2009-12-07 13:17:00,2011-12-07 11:43:00,17,3562.89,1653,3,729,209.58,5,5,5,555,Champions
18220,2009-12-15 11:42:00,2011-04-27 09:03:00,6,1921.76,1352,227,497,320.29,2,4,4,244,At Risk
18221,2010-11-14 15:46:00,2011-11-17 14:40:00,6,1424.94,1000,22,367,237.49,4,4,4,444,Champions
18222,2011-09-08 10:45:00,2011-09-08 10:45:00,1,443.0,335,93,0,443.0,3,2,2,322,Need Attention
18223,2009-12-04 12:20:00,2011-12-05 09:11:00,26,14000.85,6644,5,730,538.49,5,5,5,555,Champions
18224,2011-03-21 10:30:00,2011-03-21 10:30:00,1,158.95,69,264,0,158.95,2,2,1,221,Hibernating
18225,2009-12-04 16:52:00,2011-12-06 13:27:00,26,13044.8,7298,3,731,501.72,5,5,5,555,Champions
18226,2010-03-05 10:05:00,2011-10-26 13:36:00,26,11878.88,7883,44,600,456.88,4,5,5,455,Champions
18227,2010-08-12 16:45:00,2011-05-06 12:23:00,2,388.75,22,218,266,194.38,2,3,2,232,Hibernating
18228,2011-09-21 10:48:00,2011-10-14 09:21:00,2,779.9,238,57,22,389.95,4,3,3,433,Potential Loyalists
18229,2009-12-03 14:42:00,2011-11-28 09:48:00,28,10803.71,3183,12,724,385.85,5,5,5,555,Champions
18230,2010-07-02 10:01:00,2011-11-30 13:22:00,9,4291.06,1996,9,516,476.78,5,5,5,555,Champions
18231,2010-01-10 12:13:00,2011-05-31 14:18:00,28,6854.17,2915,192,506,244.79,2,5,5,255,At Risk
18232,2011-05-26 16:30:00,2011-09-19 11:49:00,4,592.97,302,82,115,148.24,3,4,2,342,Loyal Customers
18233,2011-01-18 08:44:00,2011-01-18 08:44:00,1,440.0,4,326,0,440.0,2,2,2,222,Hibernating
18234,2010-06-06 11:22:00,2010-06-06 11:22:00,1,179.6,80,552,0,179.6,1,2,1,121,Lost Customers
18235,2011-05-06 13:35:00,2011-09-29 08:27:00,3,1796.48,1578,72,145,598.83,3,3,4,334,Big Spenders
18236,2010-04-15 13:39:00,2011-11-10 08:06:00,12,1795.35,696,30,573,149.61,4,5,4,454,Champions
18237,2011-07-28 13:05:00,2011-12-07 12:49:00,5,987.1,622,3,131,197.42,5,4,3,543,Loyal Customers
18238,2010-07-12 12:51:00,2010-07-12 12:51:00,1,270.92,114,515,0,270.92,1,2,1,121,Lost Customers
18239,2010-10-13 10:11:00,2011-05-05 12:38:00,6,2150.36,1052,219,204,358.39,2,4,4,244,At Risk
18240,2011-10-24 13:06:00,2011-10-24 13:06:00,1,422.58,126,46,0,422.58,4,2,2,422,Potential Loyalists
18241,2010-04-01 11:55:00,2011-11-30 12:10:00,21,2986.99,1471,10,608,142.24,5,5,5,555,Champions
18242,2010-01-11 08:49:00,2011-09-28 13:43:00,8,3605.21,2021,72,625,450.65,3,5,5,355,Loyal Customers
18243,2010-10-21 14:29:00,2010-10-21 14:29:00,1,515.78,221,414,0,515.78,1,2,2,122,Lost Customers
18244,2010-07-25 10:30:00,2010-10-05 11:15:00,2,568.64,856,431,72,284.32,1,3,2,132,Hibernating
18245,2010-03-08 15:26:00,2011-12-02 14:48:00,20,6324.98,5098,7,633,316.25,5,5,5,555,Champions
18246,2010-04-09 10:19:00,2011-11-16 11:49:00,3,758.82,214,24,586,252.94,4,3,3,433,Potential Loyalists
18247,2010-03-18 15:52:00,2010-10-21 09:49:00,3,839.73,335,415,216,279.91,1,3,3,133,Hibernating
18248,2011-06-06 13:18:00,2011-08-09 10:19:00,2,804.02,511,123,63,402.01,3,3,3,333,Need Attention
18249,2011-11-22 15:07:00,2011-11-22 15:07:00,1,95.34,128,17,0,95.34,5,2,1,521,Potential Loyalists
18250,2011-02-02 13:16:00,2011-02-02 13:16:00,1,349.27,199,310,0,349.27,2,2,2,222,Hibernating
18251,2009-12-22 12:01:00,2011-09-13 15:03:00,9,26278.86,39639,87,630,2919.87,3,5,5,355,Loyal Customers
18252,2009-12-18 16:13:00,2011-10-20 12:43:00,7,1533.69,932,51,670,219.1,4,4,4,444,Champions
18253,2010-03-07 12:38:00,2010-03-07 12:38:00,1,317.88,128,643,0,317.88,1,2,2,122,Lost Customers
18254,2010-05-07 14:37:00,2010-05-07 14:37:00,1,267.9,188,581,0,267.9,1,2,1,121,Lost Customers
18255,2010-09-09 16:31:00,2011-09-11 13:16:00,2,303.15,201,89,366,151.57,3,3,2,332,Need Attention
18256,2010-11-17 08:53:00,2010-11-17 08:53:00,1,110.7,180,388,0,110.7,2,2,1,221,Hibernating
18257,2010-02-18 16:20:00,2011-10-31 14:48:00,12,4600.15,2369,39,619,383.35,4,5,5,455,Champions
18258,2010-05-16 11:35:00,2010-09-01 14:20:00,6,2059.67,1981,464,108,343.28,1,4,4,144,At Risk
18259,2009-12-08 08:38:00,2011-11-15 12:34:00,7,4318.2,1390,25,707,616.89,4,4,5,445,Champions
18260,2009-12-15 13:50:00,2011-06-20 12:37:00,23,9947.26,5244,173,551,432.49,3,5,5,355,Loyal Customers
18261,2011-09-05 09:34:00,2011-10-27 15:36:00,2,324.24,146,43,52,162.12,4,3,2,432,Potential Loyalists
18262,2010-04-16 09:05:00,2011-07-22 16:04:00,3,577.54,552,140,462,192.51,3,3,2,332,Need Attention
18263,2011-04-01 11:48:00,2011-11-14 09:00:00,3,1213.16,1468,26,226,404.39,4,3,3,433,Potential Loyalists
18264,2010-07-29 10:02:00,2010-07-29 10:02:00,1,603.25,241,499,0,603.25,1,2,2,122,Lost Customers
18265,2011-07-04 15:26:00,2011-09-28 14:10:00,2,801.51,311,72,85,400.76,3,3,3,333,Need Attention
18266,2010-10-01 15:33:00,2010-10-01 15:33:00,1,251.1,138,434,0,251.1,1,2,1,121,Lost Customers
18267,2010-02-05 08:43:00,2010-02-05 08:43:00,1,269.37,135,673,0,269.37,1,2,1,121,Lost Customers
18268,2009-12-11 10:27:00,2011-07-28 19:13:00,6,1490.23,711,134,594,248.37,3,4,4,344,Loyal Customers
18269,2010-12-08 13:53:00,2010-12-08 13:53:00,1,337.2,152,366,0,337.2,2,2,2,222,Hibernating
18270,2010-10-03 10:49:00,2011-11-01 13:57:00,3,444.55,209,38,394,148.18,4,3,2,432,Potential Loyalists
18271,2009-12-08 11:27:00,2010-04-09 09:26:00,2,680.85,319,610,121,340.42,1,3,3,133,Hibernating
18272,2010-03-04 12:53:00,2011-12-07 12:43:00,9,4385.98,2880,3,642,487.33,5,5,5,555,Champions
18273,2010-04-28 12:24:00,2011-12-07 13:16:00,4,357.0,140,2,588,89.25,5,4,2,542,Loyal Customers
18274,2011-11-09 17:03:00,2011-11-09 17:03:00,1,175.92,88,30,0,175.92,4,2,1,421,Potential Loyalists
18275,2009-12-08 16:23:00,2010-05-10 15:46:00,2,741.85,417,578,152,370.92,1,3,3,133,Hibernating
18276,2009-12-10 17:14:00,2011-10-27 10:54:00,6,1656.52,1246,44,685,276.09,4,4,4,444,Champions
18277,2010-08-02 10:26:00,2011-10-12 15:22:00,5,1180.05,449,58,436,236.01,4,4,3,443,Loyal Customers
18278,2010-10-31 12:13:00,2011-09-27 11:58:00,2,414.2,140,74,330,207.1,3,3,2,332,Need Attention
18279,2010-07-08 14:48:00,2010-07-08 14:48:00,1,231.34,630,519,0,231.34,1,2,1,121,Lost Customers
18280,2010-11-10 15:51:00,2011-03-07 09:52:00,2,488.15,194,278,116,244.08,2,3,2,232,Hibernating
18281,2010-05-11 10:49:00,2011-06-12 10:53:00,2,201.14,146,181,397,100.57,3,3,1,331,Need Attention
18282,2011-08-05 13:35:00,2011-12-02 11:43:00,2,178.05,103,8,118,89.02,5,3,1,531,Potential Loyalists
18283,2010-02-19 17:16:00,2011-12-06 12:02:00,22,2664.9,1679,4,654,121.13,5,5,4,554,Champions
18284,2010-10-04 11:33:00,2010-10-04 11:33:00,1,461.68,494,432,0,461.68,1,2,2,122,Lost Customers
18285,2010-02-17 10:24:00,2010-02-17 10:24:00,1,427.0,145,661,0,427.0,1,2,2,122,Lost Customers
18286,2009-12-16 10:45:00,2010-08-20 11:57:00,2,1296.43,608,477,247,648.22,1,3,4,134,Hibernating
18287,2010-05-17 11:55:00,2011-10-28 09:29:00,7,4182.99,3013,43,528,597.57,4,4,5,445,Champions
