customer_id,revenue,orders,units_purchased,first_purchase,latest_purchase
18102,608821.65,145,188340,2009-12-01 09:24:00,2011-12-09 11:50:00
14646,528602.52,151,367193,2009-12-02 16:52:00,2011-12-08 12:12:00
14156,313759.82,156,165873,2009-12-01 12:30:00,2011-11-30 10:54:00
14911,295832.39,398,149949,2009-12-01 11:41:00,2011-12-08 15:54:00
17450,246813.09,51,84700,2010-09-27 16:59:00,2011-12-01 13:29:00
13694,196482.81,143,189205,2009-12-04 15:26:00,2011-12-06 09:32:00
17511,175603.55,60,119656,2009-12-02 10:52:00,2011-12-07 10:12:00
16446,168472.5,2,80997,2011-05-18 09:52:00,2011-12-09 09:15:00
16684,147142.77,55,104810,2009-12-07 12:56:00,2011-12-05 14:06:00
12415,144458.37,28,91447,2010-06-30 08:30:00,2011-11-15 14:22:00
15061,137818.52,127,80711,2009-12-01 12:18:00,2011-12-06 12:06:00
16029,122035.14,107,56386,2009-12-08 11:23:00,2011-11-01 10:27:00
17949,118628.08,118,60658,2009-12-02 11:07:00,2011-12-08 18:46:00
13089,116647.53,203,60150,2009-12-02 15:44:00,2011-12-07 09:02:00
15311,116575.49,208,70931,2009-12-01 11:21:00,2011-12-09 12:00:00
12931,92347.34,57,62906,2009-12-01 11:46:00,2011-11-18 12:39:00
14298,91194.49,82,100272,2009-12-11 13:49:00,2011-12-01 13:12:00
15769,88704.32,46,49104,2009-12-11 09:58:00,2011-12-02 13:52:00
12346,77556.46,12,74285,2009-12-14 08:34:00,2011-01-18 10:01:00
13798,75836.87,110,48347,2009-12-08 16:21:00,2011-12-08 15:51:00
15838,74163.0,34,64664,2009-12-15 09:51:00,2011-11-28 14:00:00
17841,70081.86,211,37166,2009-12-02 15:41:00,2011-12-08 12:07:00
16754,67502.47,29,67831,2010-03-08 11:32:00,2010-12-02 17:38:00
14096,65164.79,17,16352,2011-08-30 10:49:00,2011-12-05 17:17:00
14088,64036.8,16,15276,2010-10-14 19:46:00,2011-11-29 16:16:00
16422,63589.07,109,66273,2010-01-12 11:57:00,2011-11-22 14:00:00
13081,59205.15,28,41423,2009-12-08 13:58:00,2011-11-28 10:54:00
14680,57369.38,58,27358,2009-12-04 12:36:00,2011-11-14 16:59:00
17389,57215.33,61,17880,2009-12-04 12:06:00,2011-12-09 09:38:00
16013,57140.44,84,25880,2009-12-08 10:24:00,2011-12-06 10:36:00
17850,56600.08,155,22785,2009-12-05 12:28:00,2010-12-02 15:27:00
13777,56478.42,61,26742,2009-12-02 09:47:00,2011-12-09 12:25:00
12748,55511.09,336,38396,2009-12-04 17:31:00,2011-12-09 12:20:00
13093,54943.65,55,26227,2009-12-04 10:32:00,2011-03-09 12:14:00
13408,51733.46,106,29499,2009-12-04 09:31:00,2011-12-08 09:05:00
17404,47781.12,23,50679,2010-01-07 11:31:00,2011-12-05 16:26:00
13881,45179.1,43,29760,2010-03-04 14:41:00,2011-12-06 12:50:00
15749,44534.3,3,18028,2011-01-11 12:55:00,2011-04-18 13:20:00
16705,43515.05,42,22302,2009-12-09 13:34:00,2011-12-09 12:08:00
14031,40919.58,44,14468,2009-12-03 15:35:00,2011-12-02 17:13:00
17381,40002.37,38,45767,2010-06-09 12:55:00,2011-12-01 11:59:00
12471,39918.19,79,16858,2009-12-07 10:41:00,2011-12-07 15:43:00
15098,39916.5,3,121,2011-06-10 15:22:00,2011-06-10 15:33:00
15039,39726.89,93,18036,2009-12-10 11:39:00,2011-11-30 11:31:00
16210,38489.51,35,14263,2009-12-02 12:54:00,2011-12-08 12:36:00
17675,38259.6,70,16416,2009-12-10 16:10:00,2011-12-08 18:03:00
17677,36675.06,54,21933,2009-12-16 11:23:00,2011-12-08 09:56:00
12921,35921.04,74,21708,2009-12-01 13:43:00,2011-11-30 16:22:00
13767,35540.53,73,15235,2009-12-01 10:52:00,2011-12-07 15:00:00
12678,34281.18,21,22372,2010-01-07 16:46:00,2011-10-28 13:04:00
13902,34095.26,5,220600,2009-12-15 10:02:00,2010-03-17 13:09:00
15856,33847.27,52,20225,2009-12-03 14:02:00,2011-12-05 17:09:00
16779,33165.94,53,19544,2009-12-03 13:03:00,2011-12-07 14:54:00
14258,32051.34,25,17488,2009-12-04 08:36:00,2011-11-30 15:27:00
17428,31819.76,45,17504,2009-12-01 17:28:00,2011-12-09 09:45:00
12681,30868.28,45,17596,2009-12-13 13:31:00,2011-11-25 11:33:00
12709,30814.46,34,13911,2009-12-09 13:49:00,2011-11-24 15:38:00
14606,30558.25,192,15474,2009-12-03 12:40:00,2011-12-08 19:28:00
17940,30306.79,16,85148,2009-12-03 12:31:00,2011-10-21 13:27:00
13078,29532.45,57,12183,2009-12-01 09:06:00,2011-12-06 15:36:00
13098,28882.44,28,15968,2011-01-26 13:46:00,2011-12-08 14:14:00
17857,28682.24,24,22060,2010-03-08 12:09:00,2011-12-05 13:13:00
14527,27764.21,122,6755,2009-12-02 12:06:00,2011-12-07 12:19:00
15513,27750.55,35,10831,2010-01-13 14:59:00,2011-11-06 14:36:00
16333,26626.8,22,32184,2011-02-03 10:50:00,2011-12-02 12:19:00
17865,26312.19,46,12950,2009-12-01 10:49:00,2011-11-09 12:08:00
18251,26278.86,9,39639,2009-12-22 12:01:00,2011-09-13 15:03:00
13802,26259.11,19,14129,2010-02-16 10:11:00,2011-07-24 10:54:00
15498,25949.58,44,12598,2009-12-16 17:27:00,2011-12-07 12:48:00
12731,25775.71,17,11641,2010-03-02 09:23:00,2011-11-16 11:59:00
14062,25585.65,24,12794,2009-12-10 14:28:00,2011-11-30 10:04:00
12744,25317.06,11,6994,2010-04-27 16:19:00,2011-10-19 11:18:00
12939,25264.8,20,10328,2010-01-12 11:27:00,2011-10-06 14:33:00
14895,25119.54,38,10714,2009-12-10 14:22:00,2011-12-02 09:23:00
12621,24775.81,35,13933,2010-02-09 12:01:00,2011-12-08 11:25:00
16525,24562.74,48,14628,2009-12-02 13:53:00,2011-12-07 15:07:00
17920,24256.74,54,12544,2009-12-06 10:37:00,2011-12-05 14:29:00
13001,24042.65,33,13448,2009-12-03 16:21:00,2011-12-05 14:51:00
12682,24025.51,52,10998,2009-12-01 09:28:00,2011-12-06 10:00:00
15640,23828.03,29,12320,2009-12-14 16:36:00,2011-12-05 14:35:00
14607,23763.13,22,15335,2009-12-15 11:25:00,2011-11-24 10:35:00
12482,23691.4,29,27042,2010-02-24 10:24:00,2010-05-12 16:51:00
12409,23419.29,7,13143,2010-05-23 15:21:00,2011-09-22 10:38:00
16133,22992.26,56,13653,2010-03-31 12:21:00,2011-12-06 11:24:00
14063,22710.2,9,3850,2009-12-08 13:46:00,2010-09-27 16:18:00
14051,22394.4,37,5923,2009-12-03 11:53:00,2011-12-09 10:20:00
16839,22310.49,44,11527,2010-02-11 15:02:00,2011-12-01 09:03:00
17340,22289.22,18,11162,2010-02-14 14:54:00,2011-11-10 10:45:00
12540,22254.49,33,11019,2009-12-07 16:56:00,2011-11-20 11:31:00
15159,22116.73,34,13512,2010-10-04 09:31:00,2011-12-08 12:05:00
13340,22100.56,12,9636,2010-02-22 14:54:00,2011-10-25 13:15:00
13319,22082.5,58,9270,2009-12-06 14:46:00,2011-12-04 13:34:00
14667,21593.05,54,12705,2009-12-02 12:38:00,2011-11-29 11:30:00
12753,21429.39,6,11421,2010-12-12 11:44:00,2011-11-17 10:52:00
15615,21373.97,47,12090,2009-12-02 15:28:00,2011-11-29 14:42:00
14866,20850.22,19,9233,2010-08-26 11:54:00,2011-11-29 11:45:00
17706,20749.98,31,8049,2010-01-19 12:13:00,2011-12-05 13:34:00
12433,20581.26,10,17116,2010-08-20 09:23:00,2011-12-09 10:02:00
17243,20460.48,69,8024,2009-12-01 15:36:00,2011-12-08 13:26:00
15251,20324.54,21,12108,2010-01-29 12:42:00,2011-11-30 15:02:00
12477,20276.37,9,6119,2010-03-26 14:01:00,2011-11-17 09:51:00
18008,19759.08,23,7825,2010-01-06 12:35:00,2011-09-30 15:17:00
16843,19571.43,35,18502,2009-12-10 11:40:00,2011-10-28 09:06:00
17139,19566.76,25,9853,2010-01-11 11:31:00,2011-11-24 10:12:00
17581,18737.95,43,9960,2009-12-03 12:34:00,2011-12-09 12:21:00
12557,18716.14,8,6782,2009-12-17 10:39:00,2011-11-23 16:59:00
14194,18670.59,36,10037,2010-01-06 12:16:00,2011-12-05 10:38:00
13113,18603.04,37,4540,2010-03-28 16:13:00,2011-12-09 12:49:00
12357,18287.66,3,6587,2010-11-16 10:05:00,2011-11-06 16:07:00
17377,18232.57,78,7524,2009-12-02 12:39:00,2011-11-16 11:17:00
15808,18133.3,21,7080,2009-12-01 16:30:00,2011-02-06 14:33:00
16746,18046.75,42,11900,2009-12-04 13:00:00,2011-12-05 12:33:00
12647,17924.35,36,6878,2010-01-13 15:06:00,2011-11-17 12:56:00
12472,17880.59,19,11350,2009-12-14 10:49:00,2011-11-07 14:01:00
15078,17761.88,53,8990,2009-12-04 12:03:00,2011-12-02 15:41:00
12901,17654.54,28,23075,2011-03-14 10:41:00,2011-12-01 10:07:00
14952,17629.35,32,6977,2009-12-03 15:34:00,2011-10-11 10:33:00
16652,17550.39,16,7477,2010-03-17 10:22:00,2011-10-12 09:38:00
15189,17524.38,46,6902,2010-07-18 13:37:00,2011-12-08 13:22:00
18172,17467.24,52,7407,2009-12-11 09:58:00,2011-11-25 11:12:00
16019,17329.16,27,6959,2009-12-14 14:12:00,2011-10-24 11:51:00
17416,17298.45,22,8769,2009-12-14 16:29:00,2011-11-10 12:47:00
15523,17259.19,16,15633,2009-12-02 15:16:00,2011-09-16 16:29:00
17735,17244.93,26,10901,2010-07-30 13:25:00,2011-12-07 16:47:00
13027,17239.2,19,42840,2010-01-20 10:41:00,2011-08-18 09:39:00
14277,17197.61,9,89806,2009-12-13 15:43:00,2011-11-24 15:01:00
15358,17050.41,42,15378,2009-12-07 12:19:00,2011-12-05 09:04:00
13564,17035.02,37,9133,2009-12-02 11:55:00,2011-07-18 14:33:00
15125,17024.87,24,8433,2010-03-31 13:29:00,2011-11-14 13:57:00
16656,16833.17,30,15433,2009-12-04 12:59:00,2011-11-17 14:43:00
12454,16679.78,5,7703,2010-10-14 17:33:00,2011-10-14 17:13:00
16553,16584.01,33,16427,2010-02-11 18:46:00,2011-06-29 15:42:00
13199,16432.89,67,12019,2009-12-05 10:11:00,2011-12-06 12:30:00
14961,16410.15,22,8372,2009-12-04 11:32:00,2011-11-29 09:42:00
13225,16260.07,16,7401,2009-12-17 09:09:00,2011-12-06 13:29:00
16180,16249.87,13,9813,2010-06-23 13:19:00,2011-08-31 16:28:00
12980,16245.78,21,1910,2009-12-02 11:26:00,2011-07-05 09:34:00
18092,16179.44,18,8830,2009-12-04 12:37:00,2011-12-07 13:14:00
14733,16165.17,15,6479,2010-11-02 15:42:00,2011-11-23 15:39:00
17107,16052.72,10,7530,2010-01-31 15:47:00,2011-11-06 14:14:00
15044,16024.15,35,5241,2009-12-16 15:13:00,2011-11-20 13:20:00
12971,15972.79,116,14587,2009-12-15 19:04:00,2011-12-06 12:20:00
17716,15956.97,24,8819,2009-12-02 17:18:00,2011-11-17 12:00:00
14849,15763.45,43,12026,2010-01-10 11:40:00,2011-11-18 10:58:00
16191,15677.82,24,9348,2009-12-11 12:24:00,2011-12-07 11:26:00
13488,15587.88,23,7891,2010-01-25 10:13:00,2011-11-22 14:41:00
12949,15526.7,22,8233,2009-12-03 15:56:00,2011-11-09 11:25:00
14769,15514.11,17,11058,2009-12-16 09:17:00,2011-12-07 10:24:00
15768,15308.89,34,4215,2009-12-03 12:10:00,2011-08-16 10:48:00
15601,14960.12,30,11061,2009-12-01 14:53:00,2011-11-28 15:15:00
18087,14761.52,17,7775,2009-12-01 09:43:00,2011-09-02 15:12:00
16126,14644.6,15,6140,2009-12-02 13:34:00,2011-11-10 16:03:00
17133,14622.33,12,10107,2010-03-21 12:31:00,2011-11-24 12:27:00
16873,14617.39,12,8601,2010-02-09 14:17:00,2011-12-05 12:05:00
14543,14587.87,39,2639,2009-12-01 13:47:00,2011-11-11 12:45:00
16713,14529.99,32,8671,2009-12-15 12:49:00,2011-11-21 12:36:00
17448,14523.67,46,11534,2010-03-04 17:29:00,2010-07-30 14:07:00
14299,14499.49,27,8228,2009-12-02 10:58:00,2011-12-01 16:05:00
12583,14447.44,27,8984,2009-12-06 11:57:00,2011-12-07 08:07:00
15482,14417.36,19,6516,2009-12-02 16:59:00,2011-11-24 10:46:00
15093,14326.11,23,11657,2009-12-08 12:46:00,2011-11-21 13:09:00
17017,14110.61,29,10591,2009-12-03 13:22:00,2011-12-07 09:32:00
13090,14100.14,24,3444,2010-08-02 13:58:00,2011-12-01 12:39:00
12714,14093.71,12,8774,2009-12-04 10:00:00,2011-11-30 15:43:00
12476,14083.91,23,5631,2010-07-26 09:04:00,2011-11-24 12:40:00
13178,14059.19,21,8778,2009-12-16 14:00:00,2011-11-13 16:14:00
18223,14000.85,26,6644,2009-12-04 12:20:00,2011-12-05 09:11:00
15005,13977.08,56,8784,2009-12-01 14:19:00,2011-11-24 12:25:00
15502,13933.27,14,5849,2010-06-03 11:12:00,2011-11-24 12:48:00
12435,13925.93,6,4958,2009-12-02 13:58:00,2011-09-21 09:06:00
15760,13916.34,2,2,2010-03-19 11:35:00,2010-03-19 11:45:00
16558,13873.51,38,8088,2009-12-03 18:11:00,2011-12-09 10:20:00
15291,13846.56,40,5017,2009-12-03 11:09:00,2011-11-14 11:02:00
17589,13837.94,18,8704,2010-03-07 13:48:00,2011-10-10 16:58:00
15032,13780.65,8,8259,2009-12-10 15:27:00,2011-03-28 15:03:00
15382,13733.55,12,9178,2009-12-04 14:13:00,2011-11-25 10:58:00
12567,13709.86,15,6086,2010-02-11 10:30:00,2011-11-17 11:02:00
12989,13551.75,33,6935,2009-12-10 13:27:00,2011-12-06 15:28:00
13468,13375.51,72,5812,2009-12-03 13:32:00,2011-12-08 10:39:00
15738,13372.97,41,9285,2009-12-10 15:52:00,2011-11-21 08:26:00
13629,13370.86,19,7722,2010-02-11 17:34:00,2011-11-16 13:21:00
13097,13324.1,28,5345,2009-12-01 13:31:00,2011-11-07 10:43:00
13969,13291.05,35,6773,2010-03-25 13:15:00,2011-12-02 15:11:00
16923,13157.13,32,6190,2010-01-31 11:14:00,2011-11-27 13:00:00
18225,13044.8,26,7298,2009-12-04 16:52:00,2011-12-06 13:27:00
14049,13023.4,13,8480,2010-04-01 14:52:00,2011-11-23 12:20:00
14110,12987.95,33,5825,2009-12-01 09:50:00,2011-12-06 12:26:00
13668,12948.48,35,6096,2009-12-11 14:28:00,2011-12-07 12:11:00
13316,12940.82,10,19931,2010-03-10 10:01:00,2011-11-02 13:40:00
13952,12823.52,14,5947,2009-12-16 09:41:00,2011-05-06 09:00:00
16549,12781.8,34,7087,2010-03-28 15:45:00,2011-11-29 15:06:00
17858,12754.9,30,5458,2009-12-06 15:41:00,2011-12-04 11:56:00
16161,12744.26,43,6343,2010-02-08 11:06:00,2011-12-08 12:10:00
12683,12696.78,21,7683,2009-12-13 15:01:00,2011-12-05 16:31:00
12437,12683.4,39,8000,2009-12-02 16:24:00,2011-12-08 11:35:00
12451,12669.88,8,9359,2010-06-28 12:58:00,2011-11-29 08:40:00
15465,12636.15,32,2763,2009-12-10 09:42:00,2011-11-20 10:11:00
13013,12625.77,29,6463,2009-12-14 10:34:00,2011-12-08 15:01:00
12536,12601.83,3,2803,2011-10-11 14:52:00,2011-10-27 14:20:00
14040,12523.81,35,4972,2009-12-01 12:14:00,2011-10-30 12:42:00
15194,12427.69,28,9169,2009-12-03 10:37:00,2011-12-06 15:10:00
14936,12410.81,12,6274,2010-05-05 12:26:00,2011-11-06 10:30:00
16000,12393.7,3,5110,2011-12-07 12:14:00,2011-12-07 12:17:00
12474,12372.75,31,7940,2010-02-11 09:41:00,2011-11-22 14:39:00
12481,12344.89,15,7243,2010-04-11 13:10:00,2011-11-17 08:29:00
13050,12314.53,35,7197,2009-12-15 15:06:00,2011-11-25 09:18:00
14739,12287.5,25,10172,2009-12-02 13:23:00,2011-12-05 16:54:00
13854,12253.96,39,3710,2010-01-08 11:28:00,2011-12-01 09:06:00
14735,12240.16,56,4513,2009-12-04 11:32:00,2011-12-06 12:09:00
16814,12198.14,36,4951,2010-04-11 12:45:00,2011-11-25 13:27:00
13418,12182.9,31,7588,2009-12-11 12:51:00,2011-11-28 10:23:00
15144,12160.31,29,5251,2009-12-13 11:35:00,2011-12-01 15:12:00
15555,12062.69,36,9006,2009-12-06 11:58:00,2011-11-27 16:19:00
15023,12008.05,20,4984,2010-02-03 15:45:00,2011-12-06 17:23:00
14415,11980.09,23,6263,2009-12-16 14:08:00,2011-12-08 14:38:00
17364,11972.92,28,7464,2009-12-07 15:28:00,2011-12-09 09:00:00
17044,11962.3,12,5722,2009-12-07 12:25:00,2011-11-14 14:28:00
13458,11959.27,16,6760,2010-11-16 14:01:00,2011-12-02 15:29:00
16258,11942.52,15,7200,2010-03-10 14:19:00,2011-10-25 13:30:00
16523,11916.33,28,4979,2010-01-24 13:14:00,2011-12-08 09:06:00
17338,11889.33,17,5780,2010-03-10 16:09:00,2011-11-22 14:23:00
13687,11880.84,1,87167,2010-09-27 16:30:00,2010-09-27 16:30:00
14505,11879.08,19,5325,2009-12-09 14:48:00,2011-11-22 15:45:00
18226,11878.88,26,7883,2010-03-05 10:05:00,2011-10-26 13:36:00
12705,11762.1,14,7188,2010-06-24 09:51:00,2011-11-24 13:17:00
14426,11727.94,17,7023,2010-03-04 14:36:00,2011-11-16 12:25:00
13102,11696.92,37,6576,2010-05-06 13:12:00,2011-12-08 12:52:00
13004,11650.85,36,8768,2009-12-15 09:44:00,2011-11-28 11:27:00
13576,11551.74,28,4614,2009-12-08 15:12:00,2011-11-29 15:34:00
15218,11468.83,22,6530,2010-01-26 11:33:00,2011-11-29 11:48:00
13680,11419.67,12,5244,2009-12-04 14:14:00,2011-12-08 13:47:00
14016,11403.41,11,5722,2010-01-08 14:12:00,2011-07-01 11:29:00
12668,11383.03,10,5049,2010-01-31 15:45:00,2011-11-28 10:56:00
17809,11337.39,20,3353,2009-12-02 14:52:00,2011-11-23 12:59:00
14045,11313.03,16,4587,2010-01-08 10:08:00,2011-08-22 15:27:00
15874,11284.76,21,5102,2010-01-07 13:56:00,2011-10-07 12:31:00
12539,11214.75,7,4535,2009-12-23 13:00:00,2011-11-17 13:30:00
18055,11143.12,14,3828,2010-10-22 13:27:00,2011-12-02 14:25:00
12524,11126.11,17,7178,2010-02-08 14:41:00,2011-11-30 15:31:00
14134,11123.35,15,5814,2009-12-10 09:25:00,2010-11-22 12:26:00
13941,11122.3,15,5426,2009-12-16 16:10:00,2011-11-18 09:43:00
12918,10953.5,1,1,2010-03-23 15:22:00,2010-03-23 15:22:00
16985,10923.16,23,3103,2009-12-10 13:34:00,2011-11-22 13:33:00
18052,10877.18,1,17766,2010-05-24 11:11:00,2010-05-24 11:11:00
14796,10840.54,27,7622,2009-12-14 15:06:00,2011-12-08 15:31:00
15694,10810.81,24,2658,2009-12-07 15:43:00,2011-12-09 09:44:00
18229,10803.71,28,3183,2009-12-03 14:42:00,2011-11-28 09:48:00
12431,10790.47,27,4707,2010-01-15 09:04:00,2011-11-04 11:55:00
16033,10764.45,27,4252,2010-08-11 16:44:00,2011-12-04 12:44:00
16327,10695.24,16,8516,2009-12-14 13:06:00,2011-11-25 13:23:00
16168,10636.47,66,5099,2009-12-03 12:38:00,2011-11-29 12:45:00
13324,10513.47,18,8448,2010-05-25 10:23:00,2011-11-03 16:28:00
15290,10496.28,26,6567,2010-02-24 10:15:00,2011-12-05 11:39:00
14028,10396.5,3,7170,2010-06-07 12:02:00,2010-06-07 13:33:00
16984,10350.53,9,5127,2010-03-07 15:34:00,2011-09-12 13:43:00
15296,10323.03,12,5452,2010-01-21 13:48:00,2011-10-20 11:47:00
14422,10271.52,19,6067,2009-12-17 12:12:00,2011-12-09 11:26:00
17160,10209.16,17,8390,2009-12-04 10:57:00,2011-11-08 14:05:00
15719,10195.97,31,5356,2009-12-01 12:47:00,2011-11-07 12:29:00
13599,10163.88,33,6493,2009-12-01 12:30:00,2011-12-08 16:10:00
15805,10148.93,30,6205,2009-12-10 12:57:00,2011-11-16 16:32:00
12839,10071.73,26,6849,2009-12-07 09:18:00,2011-12-07 12:33:00
12766,10068.28,9,5446,2010-10-28 09:29:00,2011-12-06 08:46:00
15547,10057.05,26,7278,2009-12-06 13:40:00,2011-12-02 12:52:00
14085,10028.72,33,6540,2009-12-08 13:41:00,2011-12-07 13:46:00
13985,10020.86,22,4936,2010-02-09 13:56:00,2011-12-05 17:06:00
16782,10000.32,38,4112,2009-12-09 11:58:00,2011-11-29 13:20:00
16353,9999.46,38,3531,2009-12-07 13:55:00,2011-12-06 12:23:00
14755,9972.55,25,4401,2009-12-03 16:51:00,2011-11-30 11:24:00
16182,9971.65,9,5887,2010-03-09 09:34:00,2011-09-28 13:23:00
14101,9961.93,13,10542,2010-03-28 13:36:00,2011-09-27 12:28:00
16131,9957.42,12,4768,2009-12-02 10:09:00,2011-10-19 11:53:00
18260,9947.26,23,5244,2009-12-15 13:50:00,2011-06-20 12:37:00
17049,9942.53,19,4273,2010-03-04 10:23:00,2011-12-07 10:48:00
16701,9916.73,26,11046,2009-12-01 19:19:00,2011-12-01 11:10:00
12758,9903.24,7,6155,2009-12-01 14:40:00,2011-08-15 10:22:00
14329,9887.62,15,5913,2009-12-16 15:31:00,2011-11-22 15:50:00
13327,9879.48,20,4479,2009-12-18 15:35:00,2011-11-01 10:21:00
12590,9864.26,2,4283,2011-05-12 14:46:00,2011-05-12 14:52:00
14828,9839.46,13,9718,2009-12-07 11:19:00,2011-05-27 10:16:00
18109,9833.16,38,4877,2010-07-01 12:13:00,2011-12-08 11:36:00
12490,9823.64,21,5906,2009-12-01 12:52:00,2011-12-04 16:07:00
14944,9784.67,19,4864,2010-02-17 08:47:00,2011-11-10 09:10:00
17306,9782.35,21,13747,2010-11-01 11:38:00,2011-11-29 12:14:00
13018,9763.16,35,6746,2010-03-01 12:34:00,2011-11-23 13:28:00
13735,9762.77,13,4135,2009-12-13 13:31:00,2011-11-15 11:14:00
13267,9758.26,36,4104,2009-12-07 16:56:00,2011-12-07 11:12:00
12380,9676.3,11,3355,2010-02-15 12:05:00,2011-11-18 11:27:00
14135,9643.92,24,9355,2009-12-02 08:58:00,2011-12-08 11:38:00
13069,9616.95,38,15354,2010-06-14 14:27:00,2011-12-09 08:39:00
17315,9599.58,43,5088,2010-09-27 12:45:00,2011-12-08 12:15:00
14091,9530.08,2,3316,2010-01-10 13:41:00,2010-02-23 15:17:00
17811,9519.8,47,5278,2010-09-20 11:24:00,2011-12-05 13:46:00
14060,9519.08,30,8119,2010-03-11 09:47:00,2011-12-05 12:29:00
13999,9502.26,29,5043,2009-12-05 12:42:00,2011-11-29 13:40:00
17504,9490.17,18,5420,2010-02-08 09:22:00,2011-05-17 12:59:00
15298,9459.37,23,6286,2009-12-08 17:04:00,2011-12-07 17:17:00
14146,9450.3,12,5780,2010-01-13 16:04:00,2011-12-01 10:18:00
14439,9443.04,5,2244,2010-01-21 14:01:00,2011-01-24 11:39:00
13758,9416.98,15,5068,2009-12-01 10:06:00,2011-11-28 11:11:00
17230,9388.49,18,3753,2009-12-08 13:41:00,2011-03-20 16:12:00
15727,9371.71,15,5908,2010-01-24 12:12:00,2011-11-23 12:36:00
16550,9368.24,18,5662,2009-12-02 11:24:00,2011-08-23 11:12:00
17757,9366.5,56,5151,2010-01-13 15:56:00,2011-12-08 15:31:00
13174,9364.42,12,4468,2009-12-04 15:40:00,2011-11-23 14:35:00
15981,9362.77,21,4827,2010-03-29 10:07:00,2011-11-15 08:00:00
13162,9275.49,16,5755,2009-12-04 13:59:00,2011-08-09 15:59:00
15249,9266.0,18,4980,2010-03-26 14:51:00,2011-11-08 11:45:00
12747,9257.04,26,2748,2009-12-07 13:23:00,2011-12-07 14:34:00
15570,9254.14,25,4244,2010-03-28 14:04:00,2011-12-02 14:47:00
14367,9227.82,16,4426,2011-03-08 14:12:00,2011-12-01 13:19:00
14292,9226.25,16,3429,2010-03-19 11:10:00,2011-12-02 11:50:00
13448,9189.89,13,4357,2009-12-06 12:14:00,2011-11-23 12:33:00
13756,9188.75,23,5426,2009-12-15 15:18:00,2011-12-07 16:44:00
15260,9188.23,25,4722,2009-12-06 11:45:00,2011-08-31 13:55:00
16700,9167.71,25,6882,2009-12-02 10:51:00,2011-12-01 11:00:00
17068,9153.83,47,4431,2010-03-28 14:26:00,2011-11-27 13:14:00
15939,9060.39,16,6260,2010-11-30 12:07:00,2011-09-11 11:30:00
16709,9056.01,14,3261,2009-12-09 13:16:00,2011-09-16 10:56:00
15867,9034.95,31,5113,2009-12-14 15:16:00,2011-12-04 13:32:00
12755,9030.66,11,3781,2010-01-15 11:57:00,2011-03-04 12:42:00
16186,9026.11,26,6825,2009-12-09 15:36:00,2011-11-17 12:43:00
16722,8989.08,22,8580,2009-12-03 19:23:00,2011-11-22 13:28:00
15150,8977.94,13,6167,2010-06-14 12:01:00,2011-11-22 12:52:00
15903,8939.84,12,3926,2010-01-14 10:57:00,2011-11-30 08:08:00
13555,8891.84,13,4762,2010-01-19 13:20:00,2011-09-27 12:36:00
13269,8888.75,28,6563,2009-12-02 11:47:00,2011-12-08 14:53:00
14709,8886.33,25,4141,2009-12-05 15:26:00,2011-11-24 15:41:00
12359,8873.39,10,2739,2009-12-05 13:32:00,2011-10-13 12:47:00
17576,8831.6,41,4640,2009-12-03 16:54:00,2011-12-01 17:56:00
17396,8807.1,14,2419,2010-09-24 13:04:00,2011-10-31 14:12:00
13047,8795.16,24,3429,2009-12-16 11:43:00,2011-11-08 12:06:00
16532,8756.64,5,2544,2010-03-29 10:26:00,2011-11-22 11:08:00
12957,8706.97,13,4686,2009-12-11 12:01:00,2011-11-30 09:53:00
13263,8676.2,39,5372,2010-10-22 17:07:00,2011-12-08 13:59:00
15955,8658.36,22,4213,2010-02-23 16:36:00,2011-11-15 14:15:00
15497,8657.39,9,2937,2009-12-18 15:08:00,2011-11-22 11:51:00
18041,8633.66,38,7784,2010-01-14 10:04:00,2011-11-28 11:39:00
16945,8548.16,33,5889,2009-12-09 11:33:00,2011-11-18 11:39:00
15281,8543.57,16,5233,2010-10-08 12:14:00,2011-10-12 09:10:00
15270,8524.86,21,4010,2009-12-17 15:02:00,2011-11-24 09:24:00
15984,8515.72,30,5786,2009-12-01 13:38:00,2011-12-07 12:16:00
12798,8510.93,4,8455,2010-10-14 12:27:00,2011-11-29 15:52:00
13209,8509.51,13,5781,2010-01-24 14:30:00,2011-11-09 13:54:00
15786,8501.62,5,5957,2010-06-21 10:13:00,2011-10-24 14:13:00
13148,8497.82,26,4487,2009-12-07 15:26:00,2011-11-10 15:23:00
14286,8479.76,7,8795,2009-12-04 08:40:00,2011-11-16 10:34:00
18139,8438.34,6,5557,2011-11-21 14:06:00,2011-11-22 10:44:00
13715,8425.69,17,4907,2010-03-11 15:33:00,2011-03-03 19:21:00
14160,8421.47,7,4661,2010-01-10 12:06:00,2010-04-08 14:30:00
14676,8356.79,12,8792,2010-03-10 09:30:00,2011-11-08 13:29:00
14057,8346.66,22,6438,2009-12-03 13:17:00,2011-11-16 10:32:00
17611,8337.53,28,5341,2009-12-01 13:29:00,2011-12-02 13:29:00
13206,8308.19,13,7086,2009-12-07 13:48:00,2010-11-04 16:50:00
12643,8304.82,12,4665,2010-04-07 14:16:00,2011-08-03 12:56:00
17686,8296.81,9,3583,2010-06-24 09:49:00,2011-12-02 15:39:00
12637,8283.81,12,4257,2010-06-14 13:36:00,2011-10-03 13:46:00
15998,8274.14,16,5350,2009-12-01 11:45:00,2011-11-03 12:45:00
12720,8260.67,30,6317,2010-07-21 09:46:00,2011-12-07 08:03:00
15034,8231.2,14,4748,2010-05-11 13:30:00,2011-11-24 12:11:00
13381,8224.37,12,5125,2009-12-01 15:19:00,2011-11-08 11:58:00
13139,8202.98,8,4614,2010-09-28 09:12:00,2011-11-23 13:54:00
14030,8198.3,20,4312,2009-12-10 17:27:00,2011-11-21 16:48:00
17365,8184.49,15,8015,2010-02-01 11:56:00,2011-11-27 12:13:00
13426,8167.38,22,4868,2009-12-09 15:16:00,2011-12-09 08:59:00
15544,8162.43,20,7019,2010-01-28 14:39:00,2011-11-30 16:43:00
14056,8152.71,23,4252,2011-02-28 15:19:00,2011-12-08 13:36:00
16672,8134.94,20,2832,2011-03-18 10:15:00,2011-12-07 16:29:00
14395,8110.61,20,4046,2010-04-18 13:12:00,2011-12-07 14:34:00
17593,8092.32,11,5595,2009-12-04 14:35:00,2011-12-06 10:30:00
17426,8077.77,13,5187,2010-02-17 13:39:00,2011-12-01 18:07:00
16767,8056.76,15,7102,2010-04-28 16:49:00,2011-11-09 09:42:00
16670,8030.15,20,4534,2009-12-10 15:28:00,2011-11-23 09:34:00
14525,8026.54,17,5106,2009-12-13 14:01:00,2011-11-20 11:37:00
16556,8012.58,17,4353,2009-12-07 10:51:00,2011-10-04 11:36:00
13869,7996.87,10,4302,2010-01-17 14:53:00,2011-08-08 13:53:00
15299,7991.54,10,5453,2010-01-12 11:34:00,2011-10-03 14:19:00
12428,7956.46,9,3536,2011-03-01 09:33:00,2011-11-14 08:22:00
16303,7928.27,7,3859,2010-03-18 14:12:00,2011-11-14 10:49:00
14291,7904.1,23,6146,2009-12-09 10:46:00,2011-12-08 10:26:00
13871,7885.85,17,3502,2009-12-20 13:09:00,2011-11-17 10:49:00
14159,7860.8,20,6520,2009-12-03 12:31:00,2011-11-20 12:36:00
15622,7852.61,17,4091,2010-03-04 10:29:00,2011-10-27 16:44:00
17085,7847.67,28,3583,2009-12-06 12:16:00,2011-08-08 14:15:00
12757,7834.65,13,2395,2011-05-12 19:01:00,2011-11-24 12:30:00
12867,7829.26,13,7876,2009-12-16 16:25:00,2011-11-13 15:30:00
14282,7821.76,25,5466,2010-02-15 11:22:00,2011-12-06 17:04:00
16592,7807.91,28,5504,2009-12-18 15:57:00,2011-12-05 13:49:00
17409,7793.51,10,4089,2009-12-11 12:17:00,2011-06-08 10:36:00
17091,7789.2,19,3833,2009-12-16 15:45:00,2011-12-07 10:43:00
17730,7773.8,20,5300,2010-04-29 11:48:00,2011-12-06 15:43:00
15581,7752.74,38,3132,2009-12-02 12:19:00,2011-08-11 09:38:00
14800,7747.17,17,6938,2010-09-30 14:38:00,2011-10-23 12:46:00
17739,7730.59,18,2335,2009-12-07 10:48:00,2011-11-28 09:12:00
13534,7720.9,35,3869,2010-07-07 15:00:00,2011-12-07 14:52:00
17238,7701.76,32,3681,2009-12-01 10:59:00,2011-12-07 11:35:00
17696,7679.59,27,5891,2009-12-10 17:09:00,2011-11-01 13:43:00
14175,7678.88,8,3009,2010-03-22 10:43:00,2011-10-11 11:55:00
13141,7656.08,17,5159,2009-12-09 13:34:00,2011-09-16 09:54:00
14688,7635.4,28,5495,2010-09-09 12:35:00,2011-12-02 12:26:00
15046,7623.79,25,4585,2010-01-14 14:29:00,2011-11-30 15:50:00
14145,7600.05,7,1655,2010-04-08 09:47:00,2011-10-24 12:10:00
13373,7587.19,6,4263,2009-12-06 12:34:00,2011-10-10 10:51:00
13137,7586.94,16,4238,2010-07-25 15:40:00,2011-11-29 12:09:00
15301,7583.04,17,4266,2010-09-15 15:41:00,2011-10-20 09:57:00
13709,7571.35,18,4122,2010-01-11 10:40:00,2011-12-06 10:28:00
15179,7491.92,13,5416,2009-12-03 12:27:00,2011-11-21 12:53:00
12429,7485.91,8,3344,2010-06-11 13:28:00,2011-11-30 17:22:00
13815,7475.74,8,5381,2010-02-12 10:26:00,2011-11-17 14:19:00
12841,7464.19,40,5329,2010-07-08 15:38:00,2011-12-05 11:13:00
16570,7434.31,20,4292,2010-03-30 09:32:00,2011-11-24 17:02:00
14243,7431.05,17,3687,2010-08-20 13:41:00,2011-12-01 11:12:00
17690,7412.0,20,3121,2010-02-03 14:26:00,2011-11-09 15:17:00
16242,7404.65,14,3921,2010-03-15 16:02:00,2011-12-01 15:12:00
17602,7354.43,14,5880,2010-03-30 17:25:00,2011-12-07 13:53:00
13082,7335.75,21,8466,2009-12-22 15:37:00,2011-08-05 16:16:00
16253,7272.2,7,6030,2009-12-08 17:24:00,2011-10-04 09:09:00
14092,7229.45,24,3606,2009-12-16 16:24:00,2011-12-02 12:13:00
16729,7205.33,21,5722,2011-04-12 14:22:00,2011-11-01 14:29:00
12712,7193.66,21,2349,2009-12-09 10:46:00,2011-11-11 08:19:00
16745,7180.7,17,6719,2011-02-01 11:31:00,2011-09-14 11:58:00
14841,7163.0,14,4164,2009-12-02 16:49:00,2011-10-17 15:03:00
17965,7157.2,29,4440,2009-12-14 13:19:00,2011-11-02 09:31:00
15950,7120.91,10,3354,2010-01-26 11:39:00,2011-11-08 11:09:00
15521,7098.24,16,4507,2010-01-05 10:19:00,2011-10-30 13:42:00
14113,7092.61,16,3439,2009-12-08 07:42:00,2011-12-06 12:18:00
13451,7090.06,11,5229,2010-03-21 16:13:00,2011-11-13 15:58:00
13983,7083.25,21,4145,2009-12-09 13:53:00,2011-11-10 11:06:00
17231,7064.8,25,3681,2009-12-07 16:38:00,2011-11-27 15:18:00
17769,7053.38,17,3157,2010-01-19 11:33:00,2011-11-27 11:18:00
13183,7036.18,15,4027,2010-03-14 12:32:00,2011-12-02 10:30:00
17975,7010.43,24,2265,2010-08-06 11:24:00,2011-11-24 13:27:00
16938,6995.36,9,5041,2010-02-17 14:47:00,2011-12-01 10:20:00
13831,6993.54,18,2553,2009-12-10 14:50:00,2011-11-23 15:41:00
12662,6988.02,20,3581,2010-04-01 09:50:00,2011-12-09 11:59:00
16717,6970.93,14,3220,2009-12-07 15:55:00,2011-11-16 12:16:00
13552,6948.92,22,2630,2010-02-19 13:28:00,2011-10-04 15:19:00
15674,6948.23,13,3648,2009-12-08 17:08:00,2011-09-27 15:17:00
16265,6935.17,12,3214,2010-10-28 15:18:00,2011-11-30 16:41:00
16187,6911.44,15,5048,2011-02-28 13:34:00,2011-11-08 09:50:00
13520,6909.4,11,3289,2009-12-17 11:11:00,2011-10-12 10:20:00
12749,6897.36,9,2360,2010-07-06 15:05:00,2011-12-06 09:56:00
16170,6869.0,20,6056,2010-02-18 13:50:00,2011-10-20 08:21:00
15129,6860.18,23,4002,2010-04-08 17:15:00,2011-10-20 14:40:00
18231,6854.17,28,2915,2010-01-10 12:13:00,2011-05-31 14:18:00
16401,6849.15,23,6035,2010-06-02 13:13:00,2011-12-08 18:15:00
12613,6817.37,10,4157,2009-12-14 13:10:00,2011-10-13 14:59:00
12830,6814.64,6,9848,2011-06-21 10:53:00,2011-11-02 11:54:00
16145,6805.44,19,5270,2010-05-04 13:31:00,2011-12-01 10:33:00
15413,6798.72,5,2694,2009-12-01 10:18:00,2010-01-17 11:33:00
12417,6797.41,20,2884,2009-12-06 10:30:00,2011-12-06 14:52:00
14401,6795.9,22,6401,2009-12-14 13:22:00,2011-12-05 13:30:00
15750,6793.51,18,4589,2009-12-01 17:19:00,2011-12-07 12:34:00
16456,6788.34,13,3688,2010-03-29 11:16:00,2011-09-01 13:50:00
13993,6775.71,19,2135,2009-12-03 11:57:00,2011-10-28 09:06:00
12779,6722.27,14,3641,2009-12-03 07:25:00,2011-11-02 11:43:00
15321,6709.73,12,3653,2010-02-03 09:47:00,2011-09-30 09:40:00
14844,6702.43,10,4369,2010-04-12 12:50:00,2011-10-07 10:41:00
14388,6701.0,16,4360,2010-01-20 11:54:00,2011-11-29 13:32:00
12913,6700.86,13,3232,2009-12-01 12:18:00,2011-12-05 12:11:00
13734,6695.69,4,302,2010-04-16 08:42:00,2010-07-19 12:04:00
16497,6695.28,23,3050,2009-12-03 14:11:00,2011-10-21 10:55:00
18118,6693.13,29,3395,2010-11-23 13:36:00,2011-11-29 11:32:00
13384,6680.83,11,4142,2010-07-27 12:22:00,2011-11-09 11:04:00
17700,6679.97,14,3469,2009-12-01 11:37:00,2011-11-23 11:51:00
14702,6679.23,29,3040,2009-12-10 20:22:00,2011-12-08 19:29:00
14461,6676.91,13,3005,2010-01-18 12:48:00,2011-07-14 17:11:00
17001,6640.8,19,3782,2010-03-25 12:41:00,2011-12-09 09:38:00
13953,6640.68,12,5224,2009-12-11 12:58:00,2011-12-02 16:04:00
14440,6638.73,13,1755,2009-12-02 12:13:00,2011-12-01 15:42:00
14562,6638.15,26,2574,2010-02-07 14:10:00,2011-12-06 11:05:00
13394,6621.7,19,5354,2009-12-01 11:58:00,2011-12-08 11:36:00
12626,6620.48,9,3453,2011-01-17 11:01:00,2011-11-16 16:06:00
17819,6612.52,12,1849,2009-12-13 15:24:00,2011-09-29 10:52:00
12843,6583.36,30,3028,2009-12-13 11:41:00,2011-10-05 12:09:00
13015,6579.78,11,3527,2010-04-15 16:35:00,2011-10-17 13:19:00
13883,6560.02,15,3584,2009-12-08 17:26:00,2011-11-29 10:45:00
12836,6559.73,15,2231,2009-12-01 14:19:00,2011-10-11 15:10:00
14766,6556.13,11,4063,2010-06-06 11:11:00,2011-12-01 16:05:00
15332,6553.74,6,2958,2010-07-14 13:01:00,2010-12-08 14:43:00
15980,6543.68,7,4822,2010-06-01 14:40:00,2011-09-12 09:41:00
14855,6520.3,7,3510,2010-04-08 10:30:00,2011-08-12 14:02:00
14221,6517.49,17,3808,2010-04-06 14:10:00,2011-10-28 13:42:00
17838,6507.5,13,4023,2010-03-19 09:53:00,2011-11-13 11:20:00
12823,6501.5,18,930,2010-01-29 12:52:00,2011-09-26 07:35:00
17419,6500.52,18,3087,2010-01-25 13:19:00,2011-11-28 13:47:00
18061,6488.97,28,3607,2009-12-04 11:36:00,2011-11-18 11:20:00
13317,6486.09,19,3149,2009-12-13 11:11:00,2011-10-04 13:35:00
17873,6470.28,18,4276,2009-12-16 15:11:00,2011-09-20 16:41:00
14154,6460.7,8,3222,2010-01-13 12:47:00,2011-04-14 16:26:00
16940,6427.66,8,4503,2009-12-08 13:08:00,2011-10-18 13:15:00
16655,6423.26,13,3938,2010-01-31 15:40:00,2011-11-22 11:25:00
12656,6407.83,8,2860,2010-05-26 09:00:00,2011-11-22 13:42:00
15514,6392.06,18,4087,2009-12-04 16:37:00,2011-11-27 14:40:00
18094,6391.52,13,4164,2010-01-07 11:16:00,2011-09-19 09:28:00
12406,6390.36,5,3416,2010-01-11 14:04:00,2011-11-17 19:22:00
14390,6373.73,13,2904,2010-10-10 14:30:00,2011-11-29 13:49:00
12356,6371.73,6,3416,2010-10-11 09:42:00,2011-11-17 08:40:00
14227,6368.71,15,4048,2010-02-08 09:38:00,2011-11-13 15:48:00
12484,6354.1,12,3266,2010-01-27 16:41:00,2011-11-07 11:37:00
13590,6336.04,18,5271,2009-12-01 13:37:00,2011-11-28 12:54:00
18245,6324.98,20,5098,2010-03-08 15:26:00,2011-12-02 14:48:00
14180,6319.25,33,878,2010-06-09 14:56:00,2011-11-29 10:56:00
13654,6308.0,11,4762,2009-12-02 11:43:00,2011-10-27 16:24:00
16710,6291.77,22,4366,2009-12-04 13:41:00,2011-11-20 14:50:00
15480,6279.0,5,1852,2010-02-01 14:52:00,2011-08-15 14:32:00
13136,6274.56,13,3109,2009-12-08 18:30:00,2011-10-14 13:41:00
13615,6272.53,8,2910,2010-01-28 15:43:00,2011-01-25 08:21:00
14004,6258.45,11,3425,2010-09-30 09:39:00,2011-10-27 14:40:00
15369,6251.26,11,3288,2009-12-08 07:43:00,2010-08-04 13:54:00
12497,6248.5,3,5685,2010-03-05 09:39:00,2011-09-19 12:29:00
17799,6246.93,20,3674,2009-12-13 16:03:00,2011-11-17 15:16:00
16735,6217.41,14,4240,2009-12-08 09:24:00,2011-09-22 11:49:00
13230,6213.46,30,3553,2010-03-18 20:02:00,2011-12-05 16:03:00
15673,6204.32,9,3274,2010-02-22 14:28:00,2011-09-12 16:12:00
13334,6201.8,5,3198,2010-02-25 12:21:00,2011-09-18 15:21:00
16103,6191.71,22,2639,2010-01-08 12:08:00,2011-12-02 14:16:00
16156,6188.18,20,3205,2009-12-02 17:06:00,2011-12-01 12:42:00
14534,6187.66,26,2822,2010-03-15 14:16:00,2011-12-07 12:19:00
14907,6165.79,16,2817,2010-04-16 13:40:00,2011-12-06 14:14:00
17669,6142.35,10,3505,2010-04-01 18:48:00,2011-10-28 08:53:00
13266,6135.04,19,6837,2009-12-17 10:52:00,2011-11-28 14:39:00
14852,6132.43,18,4366,2010-03-05 14:51:00,2011-10-12 13:20:00
13935,6116.92,3,2252,2010-02-25 16:01:00,2010-04-22 11:21:00
14560,6114.03,44,4580,2009-12-02 10:15:00,2011-12-02 15:22:00
18178,6103.74,11,3850,2010-02-18 14:25:00,2011-08-03 09:30:00
14530,6088.87,16,2989,2010-01-21 11:25:00,2011-11-14 10:38:00
17509,6083.64,8,3512,2011-10-07 13:14:00,2011-10-13 10:26:00
16954,6081.88,20,4086,2010-01-18 14:49:00,2011-12-09 09:46:00
12664,6070.04,11,1495,2009-12-13 10:28:00,2011-12-01 17:07:00
17644,6028.6,20,3469,2010-02-16 08:44:00,2011-12-08 13:43:00
13658,6025.5,9,2171,2010-02-05 13:17:00,2011-11-30 10:13:00
15372,6017.06,8,6410,2010-02-14 11:24:00,2011-07-25 16:39:00
15202,6001.49,3,3,2010-10-15 12:39:00,2010-10-15 13:05:00
12835,5996.83,41,2349,2009-12-03 12:13:00,2010-10-08 10:59:00
15755,5993.12,17,4034,2009-12-04 08:24:00,2011-11-29 14:57:00
14105,5988.83,5,3534,2009-12-18 16:57:00,2011-04-14 17:58:00
17457,5984.81,14,2695,2009-12-07 14:52:00,2011-08-05 12:48:00
17491,5981.07,17,3630,2010-04-28 11:57:00,2011-12-08 16:18:00
17625,5978.9,8,3505,2009-12-15 11:49:00,2011-11-21 13:36:00
14535,5973.23,9,3214,2010-02-24 15:03:00,2011-10-10 15:39:00
15785,5969.93,16,4479,2009-12-15 16:28:00,2011-11-07 11:33:00
14918,5955.81,9,2551,2010-04-08 11:18:00,2011-08-16 11:50:00
12500,5955.21,19,3377,2010-02-04 15:05:00,2011-11-16 16:20:00
14257,5954.45,9,3332,2010-03-01 15:36:00,2011-10-06 16:54:00
17685,5907.47,12,3805,2010-02-11 13:44:00,2011-11-23 11:36:00
15971,5902.83,18,2251,2009-12-08 09:46:00,2011-11-22 12:50:00
12455,5879.95,10,3302,2009-12-18 12:33:00,2011-09-27 15:31:00
18065,5866.63,29,2265,2009-12-09 16:00:00,2011-12-04 10:30:00
14210,5861.52,16,2604,2010-01-06 10:17:00,2011-08-26 12:36:00
17146,5852.64,13,2188,2010-02-02 09:39:00,2011-08-26 12:44:00
16011,5838.96,29,3448,2009-12-01 12:02:00,2011-12-01 16:31:00
14112,5834.59,13,3539,2010-02-23 14:16:00,2011-11-17 12:30:00
14189,5814.39,16,4646,2010-11-16 09:28:00,2011-12-07 15:55:00
13769,5800.42,20,2574,2009-12-16 11:59:00,2011-12-07 15:08:00
12910,5796.52,13,3632,2010-03-28 13:10:00,2011-11-16 14:28:00
17069,5794.28,14,3333,2009-12-03 12:27:00,2011-11-11 17:13:00
18075,5783.29,20,3281,2010-07-29 11:47:00,2011-11-16 15:21:00
17672,5778.63,7,2758,2010-01-26 17:20:00,2011-10-20 14:18:00
14099,5750.91,20,3666,2009-12-10 11:55:00,2011-11-23 13:53:00
15485,5750.51,7,2544,2009-12-01 17:31:00,2011-11-09 14:31:00
17863,5745.2,12,4952,2010-02-25 12:01:00,2011-10-11 13:45:00
16316,5744.91,13,3057,2010-08-03 14:38:00,2011-10-06 13:48:00
12615,5740.98,8,3317,2010-03-18 14:09:00,2011-12-07 15:02:00
13771,5728.82,9,3140,2010-02-25 12:37:00,2011-10-06 14:18:00
13870,5712.08,15,3449,2010-02-08 12:08:00,2011-12-07 13:23:00
16607,5706.87,25,4436,2010-04-29 14:01:00,2011-11-22 10:24:00
17651,5703.52,16,4086,2010-07-01 12:17:00,2011-11-28 10:29:00
16279,5698.28,9,3683,2010-04-22 14:09:00,2011-11-18 15:00:00
16458,5690.89,30,3395,2010-05-26 14:38:00,2011-12-07 09:34:00
13157,5687.36,9,4762,2010-03-08 11:59:00,2011-10-21 13:50:00
12727,5679.53,10,2832,2010-02-23 09:54:00,2011-11-29 11:46:00
12633,5678.16,7,3238,2010-07-02 11:44:00,2011-10-12 11:40:00
13901,5676.34,15,3344,2010-01-05 09:29:00,2011-09-28 14:48:00
16409,5652.74,12,3664,2009-12-13 15:38:00,2011-11-03 16:45:00
15628,5652.26,17,3819,2009-12-13 13:39:00,2011-12-05 10:24:00
13722,5635.41,10,3059,2010-03-03 14:13:00,2011-07-31 12:44:00
12347,5633.32,8,3286,2010-10-31 14:20:00,2011-12-07 15:52:00
13842,5629.91,18,2879,2010-02-16 15:54:00,2011-10-12 10:51:00
16320,5628.99,6,3319,2010-01-27 13:29:00,2011-06-20 15:25:00
16003,5613.83,10,2210,2009-12-03 18:51:00,2011-11-10 09:57:00
18145,5609.74,11,5104,2009-12-08 12:30:00,2011-11-27 11:22:00
16200,5608.1,12,3068,2009-12-02 15:04:00,2011-12-05 14:40:00
16546,5606.47,5,4367,2010-09-23 15:43:00,2011-02-22 11:20:00
17059,5586.93,9,3578,2010-01-26 14:43:00,2011-11-10 12:27:00
15228,5580.27,6,3375,2010-07-28 10:21:00,2011-10-04 13:56:00
15854,5578.28,21,1691,2009-12-10 12:08:00,2011-12-05 13:39:00
17203,5564.09,10,4597,2010-11-16 12:52:00,2011-11-04 12:27:00
15527,5554.89,23,2211,2009-12-15 17:31:00,2011-11-21 12:17:00
14572,5526.88,11,2878,2010-03-28 13:47:00,2011-12-06 14:40:00
14732,5517.07,19,2273,2009-12-09 10:48:00,2011-12-01 14:34:00
15898,5513.09,25,2387,2009-12-11 16:11:00,2011-12-08 15:23:00
17092,5511.41,11,3768,2010-02-02 16:42:00,2011-10-20 19:51:00
17204,5504.69,9,2651,2010-06-10 11:37:00,2011-06-17 14:46:00
13115,5494.7,10,3934,2010-04-19 13:29:00,2011-11-28 12:38:00
16609,5493.46,7,2420,2011-04-01 10:11:00,2011-11-24 13:32:00
13593,5493.29,14,2170,2010-03-02 16:36:00,2011-08-23 13:35:00
16393,5482.57,23,3087,2009-12-01 12:13:00,2011-12-07 12:51:00
16992,5476.5,13,2061,2010-02-11 12:36:00,2011-11-29 11:50:00
17512,5467.82,18,5434,2009-12-10 19:35:00,2011-11-11 12:11:00
12480,5464.85,7,2952,2010-07-20 13:21:00,2011-11-11 14:52:00
18198,5425.56,17,4074,2011-01-07 13:39:00,2011-12-05 14:49:00
12378,5416.32,2,3316,2010-05-26 14:07:00,2011-08-02 10:34:00
14713,5414.71,21,3454,2009-12-03 19:22:00,2011-11-30 16:26:00
14626,5410.92,11,3135,2009-12-10 14:57:00,2011-11-16 10:37:00
14249,5400.46,12,2383,2010-01-29 14:21:00,2010-10-25 12:34:00
17719,5396.04,15,2466,2011-03-29 11:29:00,2011-11-02 10:36:00
17612,5394.86,18,3521,2009-12-17 11:59:00,2011-10-17 14:59:00
13362,5394.07,7,2481,2010-10-10 15:27:00,2011-11-30 14:41:00
13014,5381.08,11,1979,2010-10-03 11:35:00,2011-11-29 12:27:00
14459,5375.74,2,2303,2010-02-26 13:26:00,2011-07-07 13:35:00
13495,5374.26,10,2674,2009-12-07 12:12:00,2011-12-02 11:21:00
14442,5367.02,7,1431,2010-01-18 12:59:00,2011-05-19 11:36:00
12362,5356.23,11,2230,2009-12-01 10:10:00,2011-12-06 15:40:00
17567,5356.03,9,3152,2010-09-24 10:48:00,2011-12-02 15:48:00
15641,5345.55,12,4422,2009-12-06 15:31:00,2011-08-26 14:04:00
16008,5339.13,15,3237,2010-03-19 11:07:00,2011-11-16 10:32:00
12708,5314.1,18,2521,2009-12-18 10:25:00,2011-11-10 09:52:00
17584,5309.42,6,2464,2010-01-25 08:17:00,2011-12-02 17:12:00
14081,5291.09,10,3633,2009-12-10 18:27:00,2011-02-10 16:17:00
15394,5286.8,11,2372,2009-12-15 19:05:00,2011-11-30 11:49:00
15152,5263.83,14,2994,2010-01-07 15:15:00,2011-11-30 12:32:00
13931,5257.38,11,3488,2009-12-03 10:26:00,2011-09-05 10:12:00
13975,5256.4,12,3884,2010-02-02 13:13:00,2011-11-08 13:19:00
13107,5253.07,9,4316,2010-02-04 10:50:00,2011-10-26 14:52:00
14930,5236.73,6,2193,2010-04-12 11:22:00,2011-08-23 10:31:00
15722,5234.0,11,2279,2010-03-09 15:05:00,2011-11-04 11:43:00
17061,5232.23,11,1526,2011-04-21 13:29:00,2011-09-27 11:24:00
12422,5231.8,17,2596,2009-12-18 12:44:00,2011-09-05 09:48:00
15606,5230.99,17,1615,2010-03-02 14:48:00,2011-10-09 15:47:00
13763,5217.44,3,3224,2010-09-30 17:39:00,2011-10-07 15:13:00
15812,5201.47,12,3450,2009-12-15 13:40:00,2011-08-24 14:19:00
14546,5184.84,11,2688,2009-12-06 13:10:00,2011-12-04 13:00:00
16931,5184.27,23,3439,2010-11-07 13:24:00,2011-12-04 13:15:00
17213,5182.3,13,2179,2009-12-15 10:28:00,2011-10-30 14:53:00
12510,5178.02,9,2049,2009-12-04 13:47:00,2011-07-20 10:15:00
17663,5175.83,17,2297,2010-03-04 11:42:00,2011-11-14 08:56:00
15796,5171.63,17,1733,2010-03-31 13:10:00,2011-12-08 19:55:00
12625,5164.88,4,3309,2010-04-22 11:33:00,2011-05-12 09:54:00
17157,5151.9,19,2092,2009-12-04 13:00:00,2011-12-02 09:10:00
16153,5133.49,11,3693,2010-05-26 12:41:00,2011-10-21 10:50:00
17346,5132.72,26,3523,2010-04-18 12:18:00,2011-12-06 12:18:00
16308,5120.0,7,16000,2009-12-15 15:48:00,2011-11-02 11:24:00
15443,5114.23,14,2699,2010-03-07 12:10:00,2011-12-08 10:40:00
13329,5112.97,8,3486,2009-12-04 15:41:00,2011-11-08 10:29:00
17519,5109.47,15,3414,2009-12-01 09:57:00,2011-11-22 16:43:00
16919,5108.01,24,2406,2010-08-19 15:28:00,2011-07-06 13:35:00
13523,5101.52,6,2354,2010-11-02 14:55:00,2011-11-06 15:11:00
12483,5097.18,19,2160,2010-01-31 13:28:00,2011-11-22 17:02:00
17402,5095.53,23,1570,2009-12-16 17:40:00,2011-12-05 10:15:00
12594,5090.11,15,2768,2010-03-03 13:51:00,2011-11-02 12:20:00
17861,5088.29,18,4541,2009-12-10 11:27:00,2011-12-06 16:21:00
14493,5087.86,10,3148,2010-03-08 08:33:00,2011-12-02 16:14:00
15367,5081.33,11,2944,2009-12-10 14:20:00,2011-10-13 14:13:00
15529,5079.32,12,4447,2010-11-10 14:26:00,2011-11-17 11:29:00
14307,5071.03,10,3374,2009-12-07 13:06:00,2011-09-12 09:38:00
12395,5067.27,15,3733,2010-04-16 10:16:00,2011-11-20 15:21:00
12432,5059.32,5,1801,2011-06-20 13:27:00,2011-10-28 11:43:00
18144,5058.0,19,2239,2009-12-16 15:57:00,2011-12-02 12:46:00
17469,5051.25,17,2304,2009-12-16 15:06:00,2011-11-23 13:15:00
17802,5046.42,10,2780,2009-12-13 13:39:00,2011-09-18 14:56:00
12600,5043.92,21,1414,2009-12-07 13:37:00,2011-11-11 10:29:00
13634,5033.77,16,2090,2010-01-10 14:26:00,2011-11-06 13:40:00
12759,5020.74,8,3202,2009-12-04 10:47:00,2011-10-18 14:49:00
16904,5014.06,21,2746,2010-10-24 16:03:00,2011-12-05 13:10:00
12444,5005.46,5,1153,2011-06-21 14:00:00,2011-11-18 13:23:00
17084,5001.21,3,3178,2010-11-08 14:20:00,2011-11-04 14:54:00
14209,4993.27,15,1739,2010-01-22 10:28:00,2011-11-29 10:18:00
14639,4978.96,9,2410,2010-02-16 12:35:00,2011-10-18 15:06:00
13198,4974.23,8,3449,2010-10-01 13:27:00,2011-11-29 15:17:00
12562,4966.92,9,2327,2010-09-30 13:13:00,2011-12-01 17:20:00
17758,4964.03,12,3199,2010-05-20 13:18:00,2011-11-20 14:45:00
16905,4961.17,17,2021,2009-12-10 20:04:00,2011-12-04 14:01:00
12700,4939.99,4,2967,2011-05-08 16:10:00,2011-12-02 10:47:00
14970,4919.35,12,982,2010-02-14 13:37:00,2011-10-02 13:44:00
14825,4919.18,24,2846,2010-04-06 14:14:00,2011-12-06 11:38:00
16143,4910.83,12,2011,2009-12-10 09:44:00,2011-12-06 14:13:00
17314,4904.43,17,3663,2009-12-03 11:25:00,2011-11-15 09:41:00
16255,4904.25,15,3049,2010-01-24 12:21:00,2011-11-23 12:40:00
17406,4889.05,13,2117,2009-12-06 13:45:00,2011-01-10 15:07:00
16986,4888.75,11,2539,2010-02-04 14:46:00,2011-11-10 11:55:00
13021,4887.24,17,2546,2009-12-05 12:02:00,2011-12-05 16:37:00
13659,4884.68,12,2527,2010-02-17 09:05:00,2011-05-18 12:37:00
17596,4882.43,13,7539,2009-12-15 13:21:00,2011-11-16 14:11:00
16686,4881.07,16,3419,2009-12-06 15:48:00,2011-10-23 13:49:00
15379,4877.84,8,3000,2010-11-04 11:59:00,2011-06-23 13:13:00
14107,4877.3,11,3489,2009-12-09 14:20:00,2011-10-19 12:12:00
12688,4873.81,1,3028,2011-08-18 08:49:00,2011-08-18 08:49:00
17449,4868.15,13,2483,2009-12-09 14:16:00,2011-12-07 16:56:00
17652,4867.72,12,2509,2011-03-03 14:05:00,2011-11-14 12:55:00
14032,4850.27,16,3916,2009-12-14 12:02:00,2011-12-07 15:23:00
13044,4848.05,11,2548,2010-01-08 14:46:00,2011-02-21 15:20:00
13562,4838.18,8,1603,2010-01-14 16:33:00,2011-09-19 10:51:00
12449,4835.89,6,2282,2010-09-27 09:37:00,2011-11-17 13:46:00
17191,4820.45,15,2528,2009-12-01 16:34:00,2011-11-11 16:58:00
14191,4817.66,15,3724,2009-12-11 10:48:00,2011-12-08 09:23:00
13875,4814.37,14,3072,2009-12-17 10:30:00,2011-10-17 09:36:00
15187,4777.18,16,1887,2011-05-11 13:49:00,2011-12-08 11:56:00
15002,4769.73,9,2493,2010-01-12 11:40:00,2011-08-16 10:44:00
13988,4757.8,8,3385,2010-03-24 11:05:00,2011-11-20 10:15:00
12955,4757.16,11,3664,2011-03-17 09:03:00,2011-12-08 16:29:00
17829,4756.74,5,3009,2010-02-22 15:39:00,2011-02-14 12:46:00
17082,4732.03,6,2526,2009-12-15 11:25:00,2011-11-06 15:17:00
16326,4721.25,24,1083,2010-01-28 13:23:00,2011-12-04 10:11:00
14235,4717.99,9,3014,2010-03-30 13:36:00,2011-09-25 14:37:00
13958,4709.23,8,2264,2009-12-05 13:12:00,2010-11-25 10:11:00
12589,4695.66,8,1764,2010-01-19 12:26:00,2011-11-11 10:19:00
15410,4685.72,10,1902,2010-04-19 08:57:00,2011-09-16 14:47:00
16858,4668.28,10,1514,2009-12-15 11:09:00,2010-12-06 09:52:00
13971,4667.57,14,3084,2010-01-26 09:51:00,2011-11-21 12:06:00
16293,4657.95,15,2022,2009-12-11 09:58:00,2011-11-18 09:58:00
15123,4656.17,5,2524,2010-03-16 09:49:00,2011-12-02 13:12:00
15484,4652.1,6,4074,2009-12-05 15:18:00,2011-12-08 15:03:00
17050,4648.59,11,2432,2010-01-26 14:54:00,2011-09-04 13:48:00
14466,4646.9,13,2644,2009-12-13 15:44:00,2011-11-10 14:07:00
12578,4642.45,4,2380,2010-09-22 11:19:00,2011-11-18 13:30:00
13124,4641.66,4,2738,2010-11-19 15:50:00,2011-09-11 12:45:00
15271,4640.29,24,2490,2010-08-05 14:57:00,2011-12-02 14:11:00
18097,4627.92,11,2716,2009-12-17 11:06:00,2011-12-02 11:16:00
17400,4623.28,8,2185,2009-12-17 15:41:00,2011-08-05 15:38:00
17442,4620.3,15,3134,2010-02-15 15:54:00,2011-11-03 09:17:00
12782,4618.24,11,2017,2010-07-08 13:31:00,2011-12-05 09:16:00
14441,4611.69,11,1260,2010-01-18 10:40:00,2011-12-09 09:07:00
15245,4610.84,8,3021,2010-04-23 14:23:00,2011-07-28 18:56:00
12553,4608.75,12,2325,2010-10-12 13:35:00,2011-12-01 16:38:00
13851,4606.46,8,2525,2010-01-29 11:54:00,2011-09-05 12:36:00
18257,4600.15,12,2369,2010-02-18 16:20:00,2011-10-31 14:48:00
17188,4592.93,13,2569,2009-12-08 19:16:00,2011-11-28 13:53:00
16125,4581.7,14,1943,2009-12-14 15:38:00,2010-12-07 15:48:00
17508,4579.23,8,2891,2009-12-07 11:46:00,2011-03-04 08:10:00
15416,4572.82,7,2420,2010-02-01 11:55:00,2011-10-06 09:38:00
13491,4566.56,27,2385,2009-12-07 08:24:00,2011-10-19 08:32:00
13510,4558.29,11,3044,2009-12-21 11:53:00,2011-12-08 13:46:00
15365,4557.13,13,2131,2010-02-04 16:43:00,2011-11-14 08:29:00
17613,4544.55,14,2490,2011-02-07 11:20:00,2011-11-17 10:51:00
13527,4541.29,12,2736,2010-01-21 12:37:00,2011-11-06 12:04:00
13571,4537.26,26,3191,2009-12-08 13:02:00,2011-11-27 10:47:00
14685,4536.64,8,1969,2009-12-13 11:32:00,2010-05-12 13:08:00
12598,4534.09,11,2906,2010-03-01 09:58:00,2011-11-30 12:18:00
14001,4530.09,9,1873,2010-08-03 12:49:00,2011-10-25 10:31:00
14290,4516.56,8,1600,2009-12-08 11:44:00,2011-11-28 14:02:00
17308,4511.76,2,5148,2010-09-13 09:35:00,2010-11-11 13:19:00
15680,4507.58,10,3074,2009-12-02 12:15:00,2011-11-30 13:46:00
15764,4503.08,8,2945,2010-08-18 13:58:00,2011-09-12 17:58:00
14625,4497.88,11,2155,2009-12-16 13:23:00,2011-05-27 15:32:00
15122,4487.27,11,2033,2010-03-30 14:05:00,2011-08-17 16:48:00
14701,4487.11,15,1744,2010-01-24 12:15:00,2011-11-29 12:38:00
18064,4481.83,11,2685,2010-02-01 15:01:00,2011-07-29 16:39:00
12916,4479.73,7,1681,2010-01-24 11:26:00,2011-07-24 10:35:00
12627,4478.53,7,2752,2011-07-22 13:59:00,2011-11-29 12:07:00
14648,4466.65,15,3265,2009-12-10 13:59:00,2010-10-19 13:12:00
18069,4464.92,11,3168,2010-02-28 16:14:00,2011-11-13 16:03:00
16912,4460.51,15,1689,2009-12-09 12:32:00,2011-11-11 12:18:00
15240,4459.98,12,3214,2009-12-05 14:57:00,2011-10-26 09:50:00
17220,4457.31,21,2663,2010-01-20 11:57:00,2011-11-15 13:47:00
17682,4456.78,11,2491,2010-03-08 09:49:00,2011-11-29 15:59:00
18093,4452.71,8,3429,2010-03-31 10:27:00,2011-09-07 15:43:00
14341,4452.02,18,2813,2009-12-01 12:20:00,2011-10-25 15:48:00
17754,4451.22,13,4366,2009-12-11 15:52:00,2011-12-09 11:20:00
13435,4447.33,9,2754,2010-07-27 16:56:00,2011-12-04 14:45:00
16098,4441.3,14,2142,2009-12-15 09:40:00,2011-09-13 09:59:00
16218,4439.97,13,3237,2010-05-27 16:09:00,2011-11-10 09:59:00
16081,4436.56,8,2230,2010-02-03 12:46:00,2011-10-14 13:06:00
17722,4430.36,5,2937,2010-11-29 09:44:00,2011-09-04 15:22:00
12349,4428.69,4,1624,2010-04-29 13:20:00,2011-11-21 09:51:00
15845,4426.28,11,2128,2010-01-26 14:44:00,2011-11-22 09:42:00
17412,4417.52,16,2604,2009-12-02 13:51:00,2011-12-07 11:36:00
17138,4417.27,7,2024,2010-02-04 14:19:00,2011-03-09 11:54:00
16626,4413.1,17,2690,2011-03-18 12:27:00,2011-12-09 11:56:00
16563,4412.56,6,2584,2009-12-01 18:35:00,2011-10-17 11:51:00
14211,4402.29,18,2575,2009-12-09 12:48:00,2011-10-17 13:23:00
15203,4400.18,15,4182,2009-12-08 18:06:00,2011-11-14 08:16:00
16150,4395.59,10,2164,2009-12-17 15:33:00,2011-10-28 12:39:00
13505,4393.63,4,2486,2011-04-21 12:07:00,2011-09-28 11:56:00
13880,4391.66,17,2589,2010-05-26 14:29:00,2011-11-18 13:44:00
16732,4387.64,4,2414,2009-12-08 13:04:00,2011-11-08 09:54:00
18272,4385.98,9,2880,2010-03-04 12:53:00,2011-12-07 12:43:00
13982,4382.89,9,2686,2010-01-20 14:04:00,2011-10-31 16:24:00
14514,4380.04,9,2362,2009-12-13 13:21:00,2011-10-09 16:05:00
16455,4376.87,11,3101,2010-03-30 10:31:00,2011-10-07 12:17:00
16118,4376.25,1,2851,2010-02-25 09:40:00,2010-02-25 09:40:00
15861,4369.2,12,3837,2010-01-28 19:41:00,2011-11-27 15:59:00
13297,4368.62,7,2694,2010-06-15 12:35:00,2011-12-02 09:32:00
12752,4366.78,1,2262,2011-09-19 13:32:00,2011-09-19 13:32:00
12917,4359.2,6,1104,2009-12-09 14:22:00,2011-08-03 16:42:00
12523,4352.35,23,2263,2009-12-07 13:46:00,2011-11-20 12:55:00
16283,4350.32,8,2867,2010-02-28 14:12:00,2011-12-04 12:08:00
17372,4347.31,28,1863,2009-12-03 18:41:00,2011-10-30 11:37:00
12408,4340.77,8,2229,2010-07-29 13:27:00,2011-11-07 12:27:00
15633,4335.96,13,2048,2009-12-08 17:51:00,2010-07-18 13:54:00
16477,4320.02,11,2632,2010-08-12 09:43:00,2011-10-07 09:44:00
14334,4318.48,12,2986,2010-05-20 10:04:00,2011-11-23 10:01:00
18259,4318.2,7,1390,2009-12-08 08:38:00,2011-11-15 12:34:00
12370,4316.56,7,2604,2010-02-09 09:41:00,2011-10-19 14:51:00
12967,4306.92,3,1272,2010-11-21 11:03:00,2010-12-16 19:10:00
14482,4306.72,12,2869,2010-08-26 14:13:00,2011-11-21 13:14:00
12928,4304.89,12,2899,2010-06-08 10:16:00,2011-11-04 14:24:00
14854,4303.06,11,2987,2010-01-22 09:48:00,2011-09-22 17:00:00
17937,4301.22,7,1754,2010-12-12 14:43:00,2011-12-01 11:45:00
18230,4291.06,9,1996,2010-07-02 10:01:00,2011-11-30 13:22:00
18077,4283.66,18,3191,2009-12-07 11:40:00,2011-12-01 13:32:00
17930,4275.22,13,3795,2010-03-04 10:41:00,2011-11-04 10:23:00
16241,4270.51,16,2355,2010-10-25 13:40:00,2011-11-30 11:08:00
14239,4263.17,21,1729,2009-12-05 12:36:00,2011-10-27 14:40:00
14047,4255.03,14,1649,2010-02-01 10:05:00,2011-12-01 11:43:00
12360,4252.89,8,2459,2010-02-22 09:32:00,2011-10-18 15:22:00
16571,4248.74,10,3703,2010-03-18 09:12:00,2011-11-13 11:46:00
12935,4243.86,15,3201,2010-04-11 15:59:00,2011-12-07 17:25:00
17728,4238.76,5,2146,2010-09-12 14:58:00,2011-12-06 08:52:00
13911,4234.99,20,4487,2010-03-01 16:31:00,2011-10-13 15:43:00
16875,4234.53,11,2099,2010-01-05 09:16:00,2011-10-03 13:39:00
16712,4232.87,13,2074,2010-11-03 15:45:00,2011-11-30 13:48:00
16743,4212.15,14,3707,2010-04-22 13:21:00,2011-11-10 13:13:00
15804,4206.39,13,2565,2011-05-25 10:12:00,2011-12-09 12:31:00
15708,4204.44,9,1586,2010-10-10 11:33:00,2011-10-30 10:54:00
18079,4203.93,5,8730,2010-08-05 12:19:00,2011-10-25 15:27:00
15518,4189.99,15,2810,2009-12-20 12:21:00,2011-10-06 13:05:00
15752,4184.56,9,2945,2010-09-08 11:56:00,2011-10-31 11:37:00
14868,4184.01,12,2230,2010-10-15 14:52:00,2011-12-06 14:49:00
17738,4183.56,13,2776,2010-03-19 10:07:00,2011-11-20 15:05:00
18287,4182.99,7,3013,2010-05-17 11:55:00,2011-10-28 09:29:00
16072,4180.09,4,1580,2010-06-08 16:47:00,2011-02-24 14:32:00
17218,4178.93,18,2195,2010-01-25 16:12:00,2011-12-05 13:52:00
17673,4173.88,13,3284,2010-03-19 14:02:00,2011-12-08 12:50:00
17526,4166.04,12,1482,2009-12-17 16:18:00,2011-12-05 11:05:00
18194,4162.04,6,1774,2010-01-28 15:30:00,2011-09-18 13:29:00
14740,4161.06,11,2081,2010-02-25 11:40:00,2011-05-26 18:17:00
12653,4160.83,3,1681,2010-07-01 09:56:00,2011-07-14 10:41:00
13461,4160.0,6,3132,2010-04-21 16:01:00,2011-11-01 09:01:00
16749,4157.88,2,1910,2009-12-15 14:05:00,2010-04-27 13:06:00
17646,4149.79,12,1418,2009-12-16 09:37:00,2011-05-04 13:17:00
16209,4146.78,9,1895,2010-06-11 11:58:00,2011-09-12 11:58:00
12569,4124.69,32,1801,2011-04-01 13:47:00,2011-12-07 16:24:00
15493,4121.68,9,1206,2010-02-23 11:14:00,2011-11-07 12:04:00
13450,4120.04,13,4318,2010-04-15 19:15:00,2011-11-13 11:54:00
14408,4102.27,11,2438,2009-12-07 12:18:00,2011-11-29 11:41:00
14566,4092.0,4,2400,2010-06-24 10:34:00,2011-08-21 11:05:00
15050,4087.19,5,2600,2010-08-16 12:00:00,2011-11-14 16:17:00
12876,4081.79,4,3047,2010-04-28 13:26:00,2011-10-13 12:26:00
14878,4076.5,25,2416,2010-02-21 11:14:00,2011-11-27 11:15:00
14913,4073.13,8,3955,2010-08-11 08:40:00,2011-11-04 08:29:00
12371,4067.38,5,1436,2010-03-04 18:23:00,2011-10-26 10:16:00
13421,4058.75,8,2351,2010-02-14 14:45:00,2011-10-30 14:21:00
14025,4057.9,8,1914,2010-05-05 09:56:00,2010-09-01 10:11:00
15024,4050.61,16,2183,2010-10-11 16:14:00,2011-11-30 12:06:00
17083,4049.79,9,1955,2010-02-09 11:46:00,2011-08-22 15:43:00
17287,4049.56,21,2063,2009-12-03 12:45:00,2011-11-13 13:27:00
13048,4049.13,9,2661,2010-01-27 12:55:00,2011-11-25 13:23:00
17211,4046.65,13,2345,2009-12-13 13:17:00,2011-11-13 12:03:00
12840,4041.97,7,2258,2010-02-03 14:51:00,2011-07-19 09:29:00
14824,4022.91,10,1954,2010-03-12 13:07:00,2011-11-29 14:20:00
12726,4014.6,11,4618,2010-03-25 16:25:00,2011-11-11 13:35:00
15782,4014.1,4,1844,2010-10-05 15:43:00,2011-11-30 10:49:00
16928,4013.78,29,2680,2010-02-03 12:30:00,2011-09-20 15:10:00
12721,4013.08,8,2655,2010-08-25 11:07:00,2011-11-08 12:13:00
13895,4008.52,6,2060,2009-12-03 13:09:00,2011-11-11 16:57:00
16841,4006.06,12,3478,2010-01-12 11:32:00,2011-11-03 11:51:00
17618,4001.64,11,1798,2010-01-24 11:03:00,2011-12-04 11:50:00
17307,3999.89,11,3667,2010-01-19 16:38:00,2010-11-09 13:40:00
13126,3998.25,13,3409,2010-03-02 12:24:00,2011-12-05 10:00:00
15665,3987.07,5,2777,2010-03-14 15:07:00,2011-06-24 14:57:00
14547,3974.75,8,2639,2011-10-16 14:35:00,2011-12-06 11:06:00
15572,3965.2,10,2089,2010-04-14 14:38:00,2011-12-05 10:09:00
17019,3961.11,11,2619,2009-12-02 11:52:00,2011-11-28 13:06:00
14817,3959.86,7,2462,2010-03-22 12:10:00,2011-05-23 13:35:00
13542,3959.49,17,804,2009-12-10 19:53:00,2010-11-28 11:24:00
16791,3957.63,15,1854,2009-12-03 18:08:00,2011-11-10 19:12:00
17667,3950.7,9,2192,2010-02-23 09:57:00,2011-10-04 14:32:00
16771,3949.6,10,2308,2009-12-09 11:52:00,2011-11-06 13:28:00
16719,3944.35,14,2502,2009-12-13 10:59:00,2011-11-25 09:27:00
15858,3936.34,13,2914,2009-12-10 11:42:00,2011-11-24 12:48:00
15819,3934.79,10,2928,2010-03-18 11:08:00,2011-10-21 14:50:00
17954,3933.06,19,3242,2009-12-09 13:22:00,2011-12-04 14:15:00
12473,3928.05,5,2414,2011-06-01 10:15:00,2011-11-10 13:46:00
15051,3926.91,9,3052,2009-12-01 13:29:00,2011-11-16 15:38:00
14465,3925.85,11,2539,2010-01-07 15:03:00,2011-04-07 12:38:00
15983,3924.02,8,2426,2009-12-06 12:52:00,2011-11-17 17:34:00
13037,3914.95,12,2130,2009-12-03 17:04:00,2011-07-24 15:46:00
12853,3907.5,11,1668,2010-02-05 11:57:00,2011-07-28 11:29:00
13995,3902.01,14,2359,2009-12-18 12:43:00,2011-11-24 14:22:00
12388,3901.11,8,2001,2010-05-06 12:54:00,2011-11-24 12:30:00
14498,3900.83,10,2120,2010-06-07 16:05:00,2011-10-28 12:09:00
15823,3897.17,3,1775,2009-12-08 15:12:00,2010-12-02 15:08:00
15571,3892.35,14,2411,2009-12-06 12:10:00,2011-11-28 10:02:00
12358,3887.07,5,1079,2009-12-08 07:59:00,2011-12-08 10:26:00
14744,3885.08,14,2547,2010-05-18 14:06:00,2011-11-23 12:51:00
13446,3881.89,11,2403,2010-02-14 11:52:00,2010-10-05 18:51:00
15696,3881.22,13,1386,2010-01-24 14:36:00,2011-11-06 14:02:00
15288,3881.03,10,1402,2010-02-12 15:27:00,2011-10-27 16:58:00
14655,3878.51,7,2341,2010-04-22 14:29:00,2011-12-01 16:28:00
15067,3862.88,5,2151,2010-04-11 15:54:00,2011-09-22 13:20:00
15195,3861.0,1,1404,2011-12-07 12:20:00,2011-12-07 12:20:00
18073,3859.82,12,3102,2011-05-26 19:38:00,2011-08-17 14:02:00
14565,3859.22,5,1940,2010-08-23 09:48:00,2011-09-05 09:07:00
16440,3856.97,6,2108,2010-08-03 11:32:00,2011-12-02 12:02:00
16057,3854.85,10,1691,2010-01-07 17:11:00,2011-11-23 15:23:00
13213,3851.52,11,2962,2010-05-20 14:50:00,2011-10-14 11:42:00
16341,3850.79,7,3022,2010-04-09 10:30:00,2011-11-15 09:12:00
14532,3845.78,11,1111,2010-01-10 11:47:00,2011-04-17 13:05:00
17659,3834.79,14,1816,2010-11-18 14:20:00,2011-11-22 13:29:00
13481,3830.84,11,2055,2009-12-04 12:37:00,2011-10-25 09:07:00
12597,3811.22,4,2236,2011-03-16 14:00:00,2011-11-20 13:33:00
13357,3805.51,5,2112,2010-03-22 14:30:00,2011-03-27 13:56:00
15421,3805.34,10,1927,2009-12-07 15:10:00,2011-10-12 09:20:00
16636,3802.04,4,2186,2010-03-03 14:06:00,2010-09-27 13:13:00
16128,3801.05,11,2445,2010-07-16 16:30:00,2011-11-22 11:14:00
15827,3794.07,28,1824,2010-01-08 11:25:00,2011-09-27 15:35:00
17071,3793.71,13,1934,2010-01-24 13:05:00,2011-11-11 16:31:00
12619,3781.38,10,3518,2010-05-28 12:52:00,2011-11-23 14:52:00
14309,3780.81,11,2583,2010-06-07 10:24:00,2011-12-01 13:33:00
15811,3776.0,7,1876,2010-11-16 16:46:00,2011-11-17 15:31:00
15079,3767.35,11,1504,2009-12-08 11:22:00,2011-05-11 12:45:00
16466,3767.09,15,1777,2010-03-07 14:31:00,2011-11-06 11:35:00
17173,3766.6,8,1122,2011-07-31 15:26:00,2011-12-04 14:40:00
15834,3764.39,7,1815,2010-10-11 14:05:00,2011-09-30 14:41:00
12670,3760.29,7,1627,2010-02-11 10:13:00,2011-11-29 15:23:00
12530,3759.26,9,2713,2010-03-07 14:37:00,2011-10-11 12:34:00
17553,3757.6,4,2288,2010-04-08 09:44:00,2011-08-02 10:00:00
14409,3756.09,9,2401,2010-05-21 16:45:00,2011-09-29 18:18:00
13305,3752.61,16,2360,2010-03-10 14:49:00,2011-12-05 15:15:00
17293,3750.63,17,2228,2009-12-03 15:09:00,2011-12-01 14:37:00
12623,3747.84,7,1971,2010-01-12 11:45:00,2011-03-08 13:50:00
15370,3739.01,8,1397,2010-10-25 12:08:00,2011-10-30 10:58:00
15532,3738.85,10,1337,2010-06-08 14:52:00,2011-11-14 14:51:00
15704,3734.66,6,1709,2010-05-05 14:51:00,2011-07-22 13:35:00
16539,3732.01,10,1315,2010-06-25 15:24:00,2011-12-07 08:41:00
14515,3724.06,12,1893,2010-06-07 12:37:00,2011-11-22 11:37:00
12502,3723.87,5,820,2011-02-03 10:41:00,2011-09-05 11:52:00
16240,3718.8,2,1641,2011-09-23 13:44:00,2011-11-15 14:30:00
14364,3717.35,8,1967,2011-05-12 12:56:00,2011-08-23 11:01:00
16950,3713.77,10,2464,2010-01-24 11:26:00,2011-10-14 09:06:00
12737,3710.5,2,2,2010-07-29 12:27:00,2010-07-29 12:29:00
14540,3709.64,11,1595,2009-12-07 13:00:00,2011-11-30 10:15:00
14776,3708.3,15,4658,2010-09-19 14:12:00,2011-10-19 15:34:00
15255,3706.02,9,2214,2009-12-03 09:10:00,2011-10-04 12:43:00
15351,3704.89,10,1479,2010-10-03 12:18:00,2011-11-27 12:52:00
15494,3702.6,5,3052,2009-12-10 20:16:00,2011-11-18 14:51:00
18168,3698.8,16,2128,2009-12-03 17:29:00,2011-06-16 19:21:00
16772,3698.05,3,687,2009-12-18 10:50:00,2010-10-12 13:19:00
17096,3697.93,11,1559,2010-06-02 14:48:00,2011-11-24 15:01:00
16094,3695.56,11,2020,2010-04-16 14:00:00,2011-11-28 12:45:00
12857,3688.0,6,1420,2010-01-25 15:37:00,2011-05-13 10:20:00
12468,3670.74,5,2201,2010-01-26 10:09:00,2011-06-05 11:36:00
14593,3665.53,12,1848,2009-12-09 12:57:00,2011-11-18 12:48:00
12872,3662.49,12,1845,2009-12-03 20:03:00,2011-01-17 10:52:00
16983,3654.02,11,2422,2010-09-19 12:38:00,2011-11-27 12:10:00
17655,3652.48,9,1542,2010-10-19 10:20:00,2011-11-29 11:34:00
14857,3651.85,7,2081,2010-03-15 11:00:00,2011-10-11 09:23:00
14649,3651.19,9,2415,2010-01-20 13:10:00,2011-12-05 12:30:00
14640,3649.36,10,1645,2010-01-22 15:44:00,2011-11-15 13:07:00
15953,3648.08,18,1841,2009-12-03 14:00:00,2011-11-24 15:32:00
13632,3645.81,8,1633,2010-04-07 10:59:00,2011-11-15 10:51:00
17063,3638.53,13,1899,2009-12-01 12:36:00,2011-11-18 16:19:00
14770,3637.64,8,1598,2010-02-25 18:58:00,2011-04-21 14:21:00
16748,3637.33,14,2127,2009-12-10 12:28:00,2011-11-22 10:17:00
16053,3634.84,6,3067,2010-04-08 11:11:00,2011-11-07 11:21:00
17528,3628.5,8,2138,2011-09-29 13:04:00,2011-12-08 13:27:00
16444,3625.88,17,1945,2010-03-24 14:06:00,2011-10-24 13:50:00
16503,3614.34,11,1535,2010-06-21 14:07:00,2011-08-25 11:46:00
16718,3612.13,5,2331,2009-12-06 13:07:00,2010-12-05 13:03:00
15505,3610.96,5,2390,2011-07-07 13:33:00,2011-10-18 07:56:00
15791,3608.34,5,1970,2010-03-08 09:41:00,2011-10-27 10:14:00
18242,3605.21,8,2021,2010-01-11 08:49:00,2011-09-28 13:43:00
13750,3602.18,11,1370,2010-04-01 14:49:00,2011-10-17 12:16:00
12963,3601.59,12,1809,2010-07-08 14:45:00,2011-12-01 12:55:00
16325,3597.5,12,2464,2009-12-04 13:21:00,2011-10-24 08:48:00
17422,3594.76,11,3538,2010-06-23 10:19:00,2011-11-23 13:27:00
14653,3593.06,12,1969,2009-12-02 11:51:00,2011-12-08 13:45:00
14132,3586.03,11,3368,2011-06-09 12:04:00,2011-12-07 13:35:00
15569,3583.45,10,1734,2010-02-28 10:55:00,2011-08-28 10:15:00
17679,3577.61,7,1755,2009-12-03 17:32:00,2011-10-18 07:43:00
17311,3566.56,6,2755,2010-02-03 12:38:00,2011-09-22 14:11:00
18219,3562.89,17,1653,2009-12-07 13:17:00,2011-12-07 11:43:00
17848,3559.11,30,1404,2009-12-06 13:19:00,2011-09-19 16:49:00
14737,3554.17,4,1071,2010-11-04 11:29:00,2011-12-06 10:16:00
15222,3550.91,11,4458,2009-12-16 13:49:00,2011-01-25 08:03:00
14882,3546.65,14,1614,2010-03-30 15:02:00,2011-11-13 12:47:00
14503,3543.26,6,2004,2011-06-14 10:00:00,2011-12-06 13:30:00
12645,3539.3,8,2125,2010-02-09 10:49:00,2011-11-06 12:38:00
17924,3536.7,8,1268,2010-10-21 12:17:00,2011-11-28 09:11:00
16395,3518.41,14,2901,2009-12-06 12:26:00,2011-10-10 12:50:00
16336,3517.69,4,1473,2010-03-18 08:05:00,2010-10-15 12:32:00
15113,3509.43,3,2344,2011-10-16 15:27:00,2011-11-30 08:23:00
18044,3505.61,18,1598,2010-05-28 15:31:00,2011-12-05 14:26:00
14934,3503.5,5,2100,2010-09-24 12:08:00,2011-09-19 10:10:00
13929,3494.1,11,1566,2010-01-14 07:25:00,2011-06-23 15:26:00
15059,3491.2,19,1599,2009-12-06 12:17:00,2011-10-30 11:35:00
13577,3489.28,11,1661,2009-12-14 16:10:00,2011-11-14 15:19:00
15306,3484.73,9,3074,2010-02-18 17:12:00,2011-10-06 12:56:00
17597,3484.09,5,2215,2010-05-05 15:33:00,2011-05-10 11:54:00
12631,3481.57,6,1607,2010-01-15 14:50:00,2011-10-13 13:53:00
15380,3479.06,11,1032,2009-12-01 13:50:00,2011-12-01 12:13:00
15712,3472.41,12,1277,2009-12-01 11:17:00,2011-11-30 14:09:00
13849,3469.3,5,1883,2010-03-25 12:03:00,2011-10-19 10:59:00
14533,3466.37,11,6038,2010-04-08 12:13:00,2011-11-15 12:05:00
14898,3464.45,14,2225,2009-12-03 16:40:00,2011-11-16 14:54:00
14837,3460.32,9,3030,2010-01-24 10:20:00,2011-09-11 10:58:00
16360,3450.41,6,2110,2011-09-12 13:50:00,2011-12-05 12:16:00
13313,3445.32,12,2308,2009-12-02 16:18:00,2011-11-17 16:48:00
13536,3444.39,7,2126,2011-09-25 13:30:00,2011-12-08 16:38:00
16347,3442.96,11,1715,2010-03-12 12:41:00,2011-11-28 13:14:00
15974,3442.15,7,2262,2011-02-24 10:10:00,2011-10-31 13:13:00
16208,3440.45,10,1541,2010-02-24 14:24:00,2011-10-26 11:36:00
17725,3439.08,11,2162,2011-03-17 19:47:00,2011-11-23 16:34:00
12609,3435.86,9,1553,2009-12-20 13:30:00,2011-09-22 16:34:00
15676,3435.76,3,2252,2011-03-01 10:19:00,2011-11-21 12:40:00
16045,3434.93,8,2108,2010-07-29 12:50:00,2011-08-12 12:41:00
17913,3429.29,14,1725,2009-12-03 13:02:00,2011-10-12 10:45:00
12377,3426.32,4,2105,2010-04-29 15:34:00,2011-01-28 15:45:00
16281,3424.02,3,1570,2010-01-26 13:41:00,2011-09-28 14:57:00
17876,3424.02,3,1958,2010-02-02 13:00:00,2010-11-05 10:52:00
15373,3418.84,17,768,2010-05-02 11:57:00,2011-12-01 15:05:00
14217,3416.89,23,1256,2010-06-30 12:54:00,2011-12-08 11:53:00
14215,3416.33,9,2285,2009-12-08 09:35:00,2011-11-28 12:19:00
14673,3410.81,7,2035,2010-10-26 10:14:00,2011-12-06 14:31:00
13437,3408.06,7,1283,2011-06-02 14:30:00,2011-11-25 14:00:00
13823,3403.45,7,1564,2009-12-15 14:34:00,2011-11-21 10:22:00
17931,3402.24,14,1919,2010-02-16 15:47:00,2011-07-28 18:33:00
15114,3400.12,12,3532,2010-10-14 16:44:00,2011-11-09 15:05:00
16271,3397.82,10,2359,2010-03-07 12:03:00,2011-12-07 12:45:00
13425,3390.43,5,2358,2010-05-09 14:35:00,2011-08-23 17:13:00
15058,3387.58,16,1645,2010-02-24 14:07:00,2011-11-14 14:57:00
15356,3382.69,13,1967,2010-10-13 13:12:00,2011-11-08 13:11:00
13979,3379.93,7,2270,2009-12-03 10:02:00,2011-09-27 13:32:00
17723,3378.4,7,912,2010-11-29 10:35:00,2011-08-04 18:37:00
15916,3377.69,13,1683,2009-12-10 16:21:00,2011-11-23 13:46:00
13135,3371.45,2,4423,2010-08-05 17:28:00,2011-05-27 10:52:00
12838,3366.7,10,1834,2010-04-26 09:59:00,2011-11-06 12:20:00
13707,3365.86,5,2210,2010-06-21 11:57:00,2011-03-17 18:03:00
13285,3364.59,6,2457,2010-03-25 14:26:00,2011-11-16 13:19:00
15538,3358.4,6,1016,2010-02-14 12:38:00,2010-06-20 10:49:00
13786,3358.39,6,1651,2009-12-03 15:32:00,2010-12-07 13:53:00
14608,3352.94,11,927,2009-12-06 12:34:00,2011-12-05 16:52:00
13246,3351.75,11,2796,2010-07-02 13:36:00,2011-11-21 16:50:00
16818,3349.57,11,2164,2011-05-18 11:42:00,2011-11-29 10:41:00
17183,3347.31,6,1296,2011-08-26 15:25:00,2011-12-02 10:07:00
15265,3345.64,4,1570,2009-12-01 17:08:00,2011-07-11 14:46:00
12424,3340.03,4,2025,2010-06-09 15:15:00,2011-06-30 12:06:00
13848,3335.0,8,10200,2009-12-09 16:17:00,2011-09-08 12:58:00
14344,3333.7,20,1669,2010-03-23 15:47:00,2011-08-04 13:51:00
16351,3330.03,13,2165,2009-12-04 16:12:00,2011-01-11 10:26:00
15065,3326.86,5,1446,2010-10-25 09:13:00,2011-11-02 09:45:00
12865,3323.47,4,1973,2010-08-20 12:20:00,2011-11-13 14:31:00
13431,3316.24,8,1570,2010-02-18 11:53:00,2011-10-03 13:49:00
13824,3314.76,12,1442,2010-03-12 15:17:00,2011-11-07 12:41:00
13131,3313.77,7,1523,2010-02-09 09:47:00,2011-11-16 13:21:00
16365,3307.2,15,1135,2009-12-11 12:41:00,2011-11-22 11:24:00
13611,3297.93,10,1988,2009-12-03 07:57:00,2011-09-11 14:51:00
13031,3292.84,5,2309,2010-06-03 14:57:00,2010-10-28 15:34:00
17768,3292.73,7,2339,2009-12-02 12:26:00,2011-12-01 13:22:00
13650,3288.0,10,1746,2010-01-26 08:44:00,2011-11-23 12:22:00
15632,3285.31,8,2109,2011-03-10 08:29:00,2011-11-24 09:51:00
14285,3284.42,8,954,2009-12-08 14:13:00,2011-11-18 14:50:00
18188,3280.59,6,1888,2010-03-26 11:37:00,2011-11-24 16:46:00
14161,3280.08,7,1608,2009-12-13 11:46:00,2011-05-08 11:41:00
15978,3279.42,3,2444,2010-03-05 14:39:00,2011-09-23 15:21:00
17774,3273.83,9,1585,2010-02-08 16:06:00,2011-09-04 12:49:00
13291,3270.79,11,1600,2010-02-11 18:36:00,2011-07-07 10:36:00
16067,3269.11,3,1236,2010-02-02 18:01:00,2010-05-26 12:33:00
14293,3267.93,9,1730,2009-12-10 10:57:00,2011-12-06 15:17:00
13214,3264.23,7,2966,2010-03-03 14:10:00,2010-10-18 10:00:00
14064,3260.24,15,3911,2010-01-21 13:22:00,2011-11-10 13:14:00
14451,3258.68,12,1737,2010-01-17 10:35:00,2011-10-10 13:38:00
15057,3255.96,5,1394,2009-12-05 15:27:00,2011-03-09 15:17:00
12770,3246.45,2,1843,2010-09-09 11:43:00,2011-05-13 09:33:00
16612,3245.43,9,1419,2009-12-03 15:54:00,2011-11-07 07:38:00
15140,3243.69,8,2010,2010-09-23 13:07:00,2011-10-18 14:07:00
17353,3242.0,4,2168,2010-03-25 12:52:00,2011-08-02 17:19:00
15625,3236.4,9,3020,2010-06-15 15:23:00,2011-08-28 10:21:00
15602,3230.51,16,2349,2009-12-02 09:35:00,2011-12-01 14:14:00
16101,3229.16,4,1844,2010-05-27 12:50:00,2011-09-30 10:18:00
14506,3217.25,7,1042,2010-04-19 08:27:00,2011-11-22 13:02:00
14669,3216.78,7,2043,2009-12-02 13:06:00,2011-04-12 11:43:00
14507,3216.74,11,1491,2009-12-10 17:04:00,2011-11-16 12:21:00
12951,3213.72,15,1662,2010-01-10 12:43:00,2011-12-01 12:14:00
16918,3206.54,16,2066,2009-12-03 12:27:00,2011-10-21 12:50:00
16107,3204.16,7,1176,2011-06-09 18:42:00,2011-11-22 09:40:00
17147,3199.95,9,1308,2010-01-11 09:38:00,2011-11-17 12:32:00
14315,3197.82,8,1344,2010-03-15 12:49:00,2011-10-26 12:06:00
15027,3195.6,10,2782,2010-03-25 14:39:00,2011-11-09 10:16:00
13868,3192.54,2,1964,2011-11-01 12:45:00,2011-12-02 16:32:00
13397,3191.87,10,1336,2010-01-20 09:50:00,2011-09-28 10:56:00
12456,3181.04,3,1633,2011-03-30 09:12:00,2011-10-26 14:41:00
16515,3179.06,10,1573,2010-06-17 12:17:00,2011-10-18 13:10:00
17228,3175.98,13,2565,2010-03-12 11:54:00,2011-11-24 10:24:00
17621,3175.12,6,1110,2010-10-04 09:37:00,2011-11-18 17:11:00
13268,3174.75,11,3624,2011-03-17 13:20:00,2011-11-22 11:51:00
16059,3171.82,12,1482,2010-05-19 13:04:00,2011-10-05 09:56:00
16837,3170.98,11,1563,2011-04-08 08:48:00,2011-11-08 14:27:00
17640,3168.94,6,1692,2010-03-23 09:15:00,2011-09-14 09:13:00
16041,3166.4,3,1584,2011-07-21 16:27:00,2011-11-09 12:25:00
13804,3161.12,9,1797,2010-09-29 10:26:00,2011-11-09 12:32:00
12976,3156.38,8,2684,2010-02-12 15:46:00,2011-05-12 09:55:00
16584,3156.17,5,1913,2010-02-16 10:41:00,2011-09-20 13:45:00
14748,3152.32,10,2752,2010-03-04 17:08:00,2011-11-10 18:33:00
14306,3151.4,6,2065,2010-01-31 13:42:00,2011-10-19 13:23:00
15614,3147.36,4,1632,2010-03-23 11:13:00,2010-09-28 10:46:00
17702,3144.04,6,2153,2010-11-04 12:09:00,2011-11-09 16:03:00
15095,3141.64,10,2233,2010-01-21 09:37:00,2011-08-28 12:01:00
14897,3140.54,8,1162,2009-12-15 17:05:00,2011-12-02 10:32:00
17354,3133.96,4,2531,2010-10-07 13:22:00,2011-10-20 10:34:00
15596,3130.04,9,1376,2010-07-28 11:46:00,2011-08-31 10:55:00
14963,3123.57,12,2287,2010-07-02 12:43:00,2011-11-30 12:16:00
15199,3122.4,10,894,2010-05-13 10:14:00,2011-10-11 15:12:00
17145,3120.91,4,2591,2010-02-19 12:07:00,2010-07-15 09:02:00
13685,3119.44,7,5056,2011-10-10 12:59:00,2011-12-07 11:41:00
13052,3119.33,7,1424,2010-02-23 12:31:00,2011-05-11 14:12:00
13692,3114.4,5,2101,2010-10-15 13:28:00,2011-11-15 11:17:00
14978,3112.19,10,736,2010-04-28 10:50:00,2011-09-28 13:07:00
16678,3109.99,12,2397,2011-03-02 09:24:00,2011-12-07 12:17:00
13742,3107.87,12,1115,2011-01-23 14:59:00,2011-11-23 11:07:00
15353,3106.12,7,1522,2009-12-02 11:33:00,2011-03-30 12:15:00
12909,3103.19,8,1948,2010-02-24 12:14:00,2011-10-31 12:43:00
13538,3103.13,12,959,2010-02-02 12:47:00,2011-10-27 16:34:00
15031,3102.94,14,1576,2009-12-08 13:38:00,2011-12-05 14:19:00
15491,3100.09,6,1646,2011-04-18 10:04:00,2011-09-05 15:56:00
13772,3100.02,8,1446,2010-02-23 13:55:00,2011-11-06 11:43:00
16933,3099.3,9,1533,2009-12-09 15:03:00,2011-12-08 12:54:00
13464,3097.64,6,1440,2010-03-31 15:22:00,2011-10-12 15:01:00
12937,3097.61,9,1983,2009-12-03 15:43:00,2011-11-24 15:05:00
15105,3094.91,9,1747,2010-03-23 12:18:00,2011-11-21 16:54:00
17530,3092.33,12,1935,2009-12-06 16:17:00,2011-12-08 18:42:00
14312,3090.29,11,1904,2010-07-23 15:05:00,2011-10-24 09:46:00
17552,3085.29,12,2095,2010-03-22 09:19:00,2011-10-10 17:00:00
12511,3084.02,1,1753,2010-10-07 10:39:00,2010-10-07 10:39:00
17929,3082.1,12,434,2009-12-09 11:40:00,2011-11-28 16:01:00
17090,3080.18,13,1344,2010-07-19 16:02:00,2011-12-05 13:44:00
17870,3079.69,13,1827,2010-11-23 11:39:00,2011-12-07 15:07:00
14044,3077.7,10,2100,2010-01-24 15:14:00,2011-11-13 12:05:00
14700,3076.06,5,1606,2010-08-11 12:19:00,2011-11-07 14:40:00
12469,3070.54,2,2552,2010-06-21 10:30:00,2010-07-05 12:40:00
13631,3070.42,11,467,2011-03-17 17:13:00,2011-09-01 09:57:00
14038,3069.88,5,1708,2010-02-04 08:56:00,2011-09-22 13:37:00
13196,3068.84,7,2006,2010-04-01 12:54:00,2011-11-28 13:54:00
16400,3059.85,9,2066,2009-12-08 12:38:00,2011-09-06 12:27:00
13077,3054.37,11,2771,2009-12-11 11:17:00,2011-12-08 19:24:00
16007,3053.06,7,2631,2010-06-14 13:18:00,2011-10-23 11:05:00
16775,3052.74,16,1019,2010-09-23 17:34:00,2011-11-29 15:22:00
15241,3050.16,11,3328,2010-02-23 13:59:00,2011-10-04 09:05:00
16560,3048.38,8,1603,2009-12-08 12:05:00,2011-11-13 10:35:00
14916,3042.95,8,2415,2010-04-01 10:57:00,2011-09-30 09:20:00
12849,3042.47,6,1855,2010-04-27 13:44:00,2011-11-08 13:41:00
13647,3041.68,8,1795,2010-04-15 12:55:00,2011-11-30 12:00:00
15754,3037.61,9,1762,2010-02-22 13:31:00,2011-10-19 14:40:00
13557,3032.26,13,2398,2009-12-08 17:41:00,2011-11-11 15:24:00
17884,3020.99,20,2984,2009-12-04 16:23:00,2011-12-06 11:33:00
13485,3019.22,11,1798,2009-12-03 13:46:00,2011-04-20 13:58:00
14456,3017.28,9,2885,2011-07-20 13:06:00,2011-12-04 13:59:00
15716,3014.66,11,1808,2009-12-07 12:42:00,2011-07-17 11:59:00
13963,3011.87,17,2061,2010-04-21 16:20:00,2011-02-04 14:43:00
12754,3010.74,3,6481,2011-02-04 10:31:00,2011-04-18 09:00:00
14621,3000.57,9,1706,2010-01-25 09:08:00,2011-12-08 16:22:00
13635,2999.16,4,1884,2009-12-01 09:46:00,2011-10-03 10:55:00
15810,2999.04,8,1653,2010-02-04 18:18:00,2011-09-22 09:38:00
15182,2998.95,11,1186,2010-02-21 12:03:00,2011-07-08 13:37:00
15611,2997.28,26,747,2010-01-25 14:50:00,2011-11-30 12:36:00
12457,2995.91,8,1094,2010-09-30 17:59:00,2011-10-04 13:13:00
17961,2994.29,100,1536,2009-12-01 14:48:00,2011-11-18 16:55:00
14590,2993.37,20,901,2009-12-07 14:10:00,2010-10-11 12:06:00
15687,2993.1,9,1310,2011-01-13 15:13:00,2011-12-01 08:33:00
15681,2989.7,14,1392,2010-05-24 14:18:00,2011-11-14 16:30:00
12374,2989.22,4,1362,2010-04-30 14:01:00,2011-11-14 15:37:00
18241,2986.99,21,1471,2010-04-01 11:55:00,2011-11-30 12:10:00
14226,2985.13,6,1714,2010-09-24 14:32:00,2011-11-11 11:34:00
17032,2984.32,8,1667,2009-12-10 15:36:00,2010-06-10 12:16:00
16012,2978.59,5,1760,2010-06-28 11:39:00,2011-11-04 13:25:00
17692,2975.8,12,2338,2010-06-17 11:14:00,2011-08-04 14:01:00
12854,2970.97,7,1630,2009-12-11 12:55:00,2011-09-22 12:15:00
16120,2967.51,6,2161,2010-10-13 15:07:00,2011-10-11 14:22:00
15967,2966.0,12,1183,2009-12-01 13:29:00,2011-11-16 15:41:00
15329,2958.83,11,1217,2009-12-14 12:18:00,2011-10-31 15:36:00
16416,2957.88,9,2198,2010-02-23 12:00:00,2011-11-13 12:50:00
13012,2957.83,11,1559,2010-04-26 14:14:00,2011-11-30 13:05:00
13110,2957.47,12,763,2009-12-01 14:14:00,2011-11-08 14:30:00
16736,2956.56,5,1050,2009-12-03 16:12:00,2010-07-22 10:09:00
12826,2955.75,12,1995,2009-12-18 10:43:00,2011-12-07 10:25:00
14867,2952.06,16,996,2009-12-05 15:47:00,2011-06-07 11:39:00
13253,2951.11,4,3015,2010-01-05 12:13:00,2011-07-06 10:09:00
12877,2942.14,20,2237,2010-01-18 10:23:00,2011-12-06 10:30:00
15757,2940.36,6,1757,2010-06-10 13:47:00,2011-10-05 12:14:00
17444,2940.04,3,2119,2011-06-20 09:04:00,2011-07-15 12:05:00
17588,2939.55,7,1379,2010-03-12 12:34:00,2011-08-31 13:37:00
14544,2938.53,3,2412,2010-08-26 16:00:00,2011-11-15 15:06:00
15235,2937.81,16,1735,2010-11-16 12:48:00,2011-05-06 09:44:00
12635,2930.41,4,1949,2010-09-09 10:50:00,2011-09-11 11:04:00
15312,2930.19,12,1693,2009-12-16 09:23:00,2011-09-25 13:10:00
15965,2928.13,13,1387,2009-12-03 11:45:00,2011-11-22 16:44:00
13890,2927.38,14,1392,2009-12-06 15:15:00,2011-12-08 15:36:00
12906,2919.81,5,1749,2011-09-22 15:03:00,2011-11-28 09:55:00
16358,2919.65,5,2065,2010-11-10 11:36:00,2011-12-08 15:09:00
13764,2919.62,6,2084,2010-03-07 12:56:00,2011-09-30 12:03:00
15392,2911.62,7,2144,2010-10-04 12:50:00,2011-12-05 11:01:00
13784,2910.23,14,2827,2010-09-15 12:27:00,2011-11-30 09:33:00
14524,2909.86,13,1169,2010-10-19 11:44:00,2011-11-08 12:29:00
12438,2906.85,2,1180,2011-07-22 13:29:00,2011-11-25 13:28:00
13455,2905.93,6,985,2009-12-09 08:58:00,2011-11-15 11:21:00
14233,2904.27,7,1261,2010-03-05 16:35:00,2011-10-21 15:54:00
16383,2896.69,7,1596,2010-02-04 13:18:00,2011-09-26 12:45:00
17320,2895.77,6,1392,2010-01-21 16:29:00,2011-08-31 13:31:00
15100,2894.7,7,334,2010-01-07 14:33:00,2011-01-10 10:35:00
17242,2889.28,5,1459,2010-01-24 10:27:00,2011-08-23 14:55:00
13501,2885.11,3,1253,2010-05-18 13:24:00,2011-02-24 18:59:00
16633,2883.1,6,1138,2011-04-19 14:36:00,2011-11-22 13:41:00
14251,2879.7,5,1674,2011-10-13 12:46:00,2011-12-08 08:32:00
12806,2878.96,4,2087,2010-04-30 10:44:00,2010-09-30 13:34:00
18170,2878.0,9,1184,2010-01-08 14:10:00,2011-11-06 14:35:00
14005,2874.72,5,2478,2011-05-08 10:33:00,2011-11-30 12:41:00
15043,2870.32,6,1019,2010-06-24 15:50:00,2011-11-08 14:26:00
16467,2869.16,7,7384,2009-12-02 11:59:00,2010-07-19 11:49:00
16711,2868.48,9,1212,2009-12-02 13:22:00,2011-12-06 16:32:00
16229,2867.86,6,1292,2010-05-24 12:59:00,2011-09-13 17:16:00
15862,2866.52,13,1644,2009-12-17 11:33:00,2011-12-01 13:28:00
16086,2864.99,10,1526,2009-12-02 13:20:00,2011-10-11 13:09:00
14758,2864.97,7,840,2010-04-08 08:27:00,2011-07-18 08:21:00
16755,2864.68,7,1985,2009-12-09 14:25:00,2011-08-17 13:21:00
16062,2863.45,8,2035,2010-06-21 13:32:00,2011-11-30 12:15:00
12685,2863.08,6,1523,2011-09-07 10:28:00,2011-11-11 13:46:00
14875,2862.4,3,1332,2010-09-24 10:28:00,2011-08-24 12:20:00
16979,2859.74,9,1451,2010-09-15 14:30:00,2011-12-06 12:21:00
15563,2859.46,7,3005,2010-01-28 11:36:00,2011-11-17 14:50:00
16225,2859.31,15,1281,2010-02-07 12:41:00,2011-10-26 08:30:00
13728,2855.17,16,1269,2009-12-09 17:13:00,2011-11-03 10:49:00
14404,2853.36,13,1633,2009-12-20 14:40:00,2011-11-06 12:30:00
12352,2849.84,10,724,2010-11-12 10:20:00,2011-11-03 14:37:00
14935,2849.83,2,1931,2010-03-30 11:48:00,2011-02-15 14:44:00
16163,2849.58,6,768,2009-12-02 10:00:00,2011-04-21 15:15:00
12676,2843.09,11,1867,2010-08-13 13:29:00,2011-11-15 12:25:00
16554,2841.72,8,1346,2009-12-15 09:42:00,2011-10-28 14:51:00
14711,2839.62,11,966,2011-03-22 13:32:00,2011-11-29 14:58:00
14842,2824.69,4,1166,2011-02-04 15:32:00,2011-10-27 12:37:00
15797,2821.08,6,1281,2010-01-27 13:12:00,2011-08-18 17:04:00
13477,2819.17,11,2091,2010-01-25 11:52:00,2011-11-02 12:04:00
13032,2815.96,9,1274,2010-09-05 14:01:00,2011-10-18 15:54:00
15660,2812.99,15,1893,2010-02-05 16:01:00,2011-11-14 16:58:00
17386,2812.77,7,1955,2010-11-19 13:40:00,2011-12-02 11:28:00
16871,2812.34,6,1253,2011-03-14 10:31:00,2011-11-17 19:27:00
16817,2804.9,13,1565,2010-10-04 09:06:00,2011-12-07 11:03:00
17470,2804.87,11,2843,2010-07-19 16:16:00,2011-10-26 12:42:00
13799,2803.57,9,1539,2010-03-05 16:39:00,2011-08-15 12:07:00
13205,2803.2,1,256,2010-09-22 16:26:00,2010-09-22 16:26:00
16742,2799.87,14,2558,2009-12-16 17:22:00,2011-10-24 12:02:00
13330,2796.1,6,1951,2010-02-23 10:12:00,2011-09-08 12:27:00
14903,2795.33,5,1531,2011-03-06 11:50:00,2011-11-18 16:07:00
14035,2794.75,9,1405,2010-04-06 12:39:00,2011-11-11 10:03:00
12863,2792.55,6,895,2010-04-29 13:54:00,2011-10-18 14:15:00
16764,2790.95,13,1253,2011-07-19 17:17:00,2011-12-06 11:41:00
17284,2788.06,8,2069,2010-09-20 16:18:00,2011-10-10 14:38:00
15073,2788.02,8,1410,2010-01-27 08:48:00,2011-11-30 10:44:00
13719,2783.08,11,1588,2010-05-17 14:36:00,2011-11-24 15:26:00
14121,2780.15,4,2082,2011-10-11 10:39:00,2011-12-06 12:19:00
17790,2779.41,20,1387,2010-06-13 13:30:00,2011-11-13 11:30:00
14869,2778.14,6,2130,2009-12-16 11:43:00,2011-12-01 12:36:00
15993,2777.67,7,2037,2011-10-26 16:21:00,2011-12-01 10:45:00
16104,2774.46,9,1047,2009-12-06 10:41:00,2011-10-09 10:23:00
17031,2773.85,6,1595,2010-05-07 14:52:00,2011-11-28 10:23:00
13695,2770.73,16,1791,2010-05-11 11:07:00,2011-11-08 14:26:00
17720,2768.91,10,1613,2010-05-10 09:58:00,2011-11-13 15:04:00
18210,2768.83,7,1499,2010-11-22 09:39:00,2011-12-08 11:02:00
14696,2767.9,8,2151,2010-10-14 11:43:00,2011-12-05 13:43:00
15817,2766.4,3,1596,2010-06-14 13:31:00,2010-10-15 11:07:00
13813,2765.47,8,1292,2009-12-06 10:16:00,2011-10-31 10:38:00
16407,2761.65,14,1448,2010-10-03 13:56:00,2011-11-27 11:05:00
17115,2761.49,7,885,2009-12-05 12:13:00,2011-12-01 14:30:00
17368,2758.29,14,2319,2009-12-15 17:45:00,2011-11-16 15:26:00
17262,2757.62,11,709,2009-12-15 11:26:00,2011-10-18 12:56:00
16335,2753.52,7,1004,2009-12-04 10:18:00,2010-06-06 11:35:00
13736,2752.47,7,1549,2009-12-06 12:07:00,2011-12-04 15:19:00
17490,2750.5,9,1531,2010-05-19 12:40:00,2011-12-09 09:08:00
14665,2749.65,7,1144,2010-04-26 11:17:00,2011-10-10 09:14:00
17676,2749.34,10,1922,2010-03-30 10:49:00,2011-12-05 15:16:00
12982,2744.81,8,1729,2010-04-12 13:50:00,2011-04-11 11:51:00
12669,2744.03,3,1115,2011-03-28 10:15:00,2011-07-12 09:54:00
15841,2742.41,9,2391,2009-12-10 08:29:00,2011-09-28 12:15:00
17241,2736.64,12,859,2010-02-15 14:47:00,2010-11-19 13:01:00
15389,2733.8,5,3940,2010-01-27 12:44:00,2011-06-20 16:18:00
15111,2730.87,5,1164,2010-04-26 13:12:00,2011-11-10 16:58:00
12986,2729.84,10,1164,2010-01-21 10:45:00,2010-10-07 11:57:00
12739,2726.73,4,951,2010-11-10 14:27:00,2011-09-22 13:00:00
12391,2724.84,6,1204,2010-02-15 10:12:00,2011-11-18 12:07:00
17591,2723.62,8,1152,2010-01-17 16:09:00,2011-09-27 13:42:00
16190,2723.55,8,1231,2009-12-14 11:59:00,2011-10-30 15:59:00
14125,2720.63,3,1628,2011-09-22 15:40:00,2011-11-29 12:47:00
14808,2718.6,8,2120,2011-06-20 12:53:00,2011-10-31 12:21:00
15985,2715.28,7,2750,2010-05-27 15:51:00,2011-08-08 16:31:00
16232,2712.97,7,1849,2010-06-07 14:04:00,2011-10-27 12:16:00
15021,2698.68,12,1169,2010-07-29 16:35:00,2011-12-01 11:53:00
16359,2697.75,16,1764,2010-02-16 10:39:00,2011-12-02 17:04:00
18173,2696.36,5,1730,2010-04-06 10:43:00,2011-09-14 11:26:00
12725,2694.56,4,1306,2010-05-04 13:59:00,2010-12-03 15:45:00
12820,2689.52,11,1964,2009-12-05 13:37:00,2011-12-06 15:12:00
17388,2675.37,11,2555,2009-12-10 11:45:00,2011-09-23 10:31:00
16434,2673.69,12,1310,2010-01-17 14:51:00,2011-11-10 14:28:00
14496,2668.23,7,991,2010-03-16 13:15:00,2011-02-01 09:01:00
18283,2664.9,22,1679,2010-02-19 17:16:00,2011-12-06 12:02:00
15910,2661.17,15,2158,2010-01-21 11:51:00,2011-12-09 10:51:00
13473,2657.76,8,1000,2009-12-15 19:02:00,2011-10-10 11:20:00
15671,2657.13,7,1699,2011-03-14 09:37:00,2011-11-21 12:43:00
16369,2656.56,7,1589,2010-04-07 16:52:00,2011-11-21 16:25:00
15157,2654.11,5,3466,2009-12-10 14:44:00,2011-12-06 11:28:00
14756,2653.76,3,1423,2010-10-11 11:50:00,2011-11-24 18:13:00
17744,2649.14,7,3826,2010-11-24 09:34:00,2011-12-06 12:11:00
12516,2648.62,4,1952,2010-04-19 14:14:00,2011-09-23 09:13:00
13203,2648.25,10,2413,2009-12-17 14:15:00,2011-11-30 10:45:00
16618,2647.59,5,1363,2011-01-21 11:55:00,2011-11-08 13:52:00
13117,2643.81,18,2067,2010-03-26 13:50:00,2011-11-18 12:02:00
13819,2642.35,6,2309,2009-12-01 16:18:00,2011-02-11 10:38:00
15814,2634.44,6,1728,2010-04-15 14:31:00,2011-11-23 08:17:00
12520,2634.26,5,1439,2011-03-11 11:35:00,2011-09-21 15:23:00
14410,2631.9,11,1369,2010-09-28 15:46:00,2011-09-08 15:08:00
16276,2629.39,3,1467,2010-04-11 12:02:00,2011-06-16 09:34:00
13422,2626.3,1,1326,2011-10-06 13:42:00,2011-10-06 13:42:00
13644,2624.26,4,2067,2011-08-26 11:53:00,2011-11-23 14:07:00
12671,2622.48,1,1460,2010-04-12 16:30:00,2010-04-12 16:30:00
12423,2622.39,10,1793,2010-08-31 09:31:00,2011-12-09 10:10:00
15142,2619.92,6,2155,2010-07-27 09:05:00,2011-10-24 12:51:00
13211,2618.77,10,1845,2009-12-06 15:24:00,2011-11-29 14:43:00
14262,2618.23,8,1645,2011-04-13 12:23:00,2011-12-01 14:17:00
14195,2615.6,6,2144,2010-03-15 17:12:00,2011-05-22 10:29:00
14431,2614.2,4,1202,2010-01-21 10:49:00,2011-02-10 10:40:00
14397,2612.96,19,1890,2011-05-10 12:25:00,2011-12-07 09:22:00
14564,2605.62,2,1295,2009-12-04 09:27:00,2010-10-01 09:02:00
17317,2600.34,3,1146,2011-09-11 12:45:00,2011-10-24 17:19:00
15826,2598.28,4,1824,2010-05-20 17:00:00,2011-10-14 16:05:00
13700,2596.97,13,2786,2010-02-07 10:53:00,2011-11-13 13:00:00
12412,2596.93,6,1997,2010-06-18 13:22:00,2011-09-26 10:16:00
14163,2594.62,5,950,2010-09-03 17:15:00,2011-09-13 15:18:00
14229,2594.04,7,934,2010-08-25 11:47:00,2011-10-19 10:04:00
17043,2593.65,8,1616,2009-12-09 15:20:00,2011-11-07 15:33:00
14129,2591.34,9,1414,2010-05-09 14:54:00,2011-12-08 11:02:00
14147,2590.2,9,995,2010-03-09 13:43:00,2011-09-22 18:10:00
16206,2589.87,13,1379,2010-01-24 15:25:00,2011-10-16 10:41:00
15062,2585.62,8,1872,2010-04-08 15:41:00,2011-09-29 16:51:00
12592,2582.66,5,1875,2010-07-08 14:06:00,2011-09-08 15:04:00
16244,2579.38,2,1474,2010-12-02 11:41:00,2011-05-12 10:18:00
16499,2578.34,8,1364,2010-06-11 12:22:00,2010-12-14 13:31:00
17095,2572.25,7,1695,2009-12-15 12:32:00,2011-11-17 12:21:00
17002,2571.55,7,1265,2010-03-08 15:46:00,2011-09-15 12:40:00
13652,2570.85,5,1570,2010-02-25 17:37:00,2011-10-25 08:51:00
15434,2567.06,11,1423,2010-01-24 15:35:00,2011-12-01 13:33:00
13173,2565.76,11,1595,2009-12-10 12:52:00,2011-12-05 15:51:00
14573,2565.12,13,809,2010-01-08 16:34:00,2011-06-13 11:15:00
13192,2558.58,6,1629,2010-01-22 08:37:00,2011-09-05 14:13:00
15033,2557.18,10,1672,2011-01-14 13:28:00,2011-12-05 12:40:00
16036,2556.84,4,1369,2010-03-29 14:47:00,2011-09-13 14:53:00
13862,2556.09,9,1927,2010-11-15 13:43:00,2011-11-21 16:24:00
17787,2553.82,4,1252,2010-12-03 13:43:00,2011-07-10 11:24:00
16115,2553.8,12,1589,2010-05-14 11:59:00,2011-11-30 11:32:00
14745,2551.41,12,1969,2010-03-12 10:33:00,2011-08-19 10:05:00
18179,2547.55,8,1811,2010-02-14 15:51:00,2011-11-30 16:23:00
17465,2542.79,7,1477,2009-12-03 13:25:00,2010-10-10 11:56:00
14548,2541.29,9,986,2009-12-06 14:00:00,2011-07-12 12:19:00
15426,2538.92,9,1190,2010-05-02 15:10:00,2011-11-20 15:36:00
17463,2535.26,7,1480,2010-04-29 17:57:00,2011-11-23 13:40:00
13623,2533.06,10,1010,2009-12-02 13:57:00,2011-11-09 12:00:00
14810,2531.92,13,1245,2010-10-06 13:12:00,2011-10-30 11:19:00
15906,2530.19,10,749,2010-09-15 12:17:00,2011-11-20 12:24:00
14659,2529.93,9,1195,2011-01-28 12:43:00,2011-12-01 12:17:00
16889,2526.65,6,1611,2010-05-23 10:46:00,2011-05-29 11:05:00
14790,2526.62,10,2642,2009-12-11 14:37:00,2011-11-23 09:28:00
16987,2521.4,11,671,2009-12-02 14:34:00,2011-12-06 17:26:00
13344,2511.69,3,952,2011-03-07 10:28:00,2011-10-03 09:45:00
17897,2510.56,9,1015,2010-05-12 16:03:00,2011-06-20 11:23:00
17101,2507.05,7,1175,2010-06-07 15:12:00,2011-11-29 13:57:00
17550,2506.64,9,968,2010-02-07 15:07:00,2011-05-26 14:09:00
12978,2502.82,5,1394,2009-12-10 12:10:00,2010-11-19 14:29:00
16202,2501.99,9,1307,2009-12-02 10:48:00,2010-12-14 10:43:00
13471,2501.84,4,1583,2011-10-23 13:10:00,2011-12-08 15:44:00
15747,2499.81,9,1344,2010-01-18 11:21:00,2011-11-27 12:26:00
17594,2497.88,4,1368,2010-04-14 08:53:00,2011-09-15 16:34:00
15932,2495.87,8,2325,2011-02-23 14:50:00,2011-12-05 17:13:00
13414,2494.14,6,2702,2010-04-15 17:00:00,2011-07-29 11:45:00
14541,2491.38,14,1123,2010-01-07 11:59:00,2011-10-12 10:08:00
15227,2488.49,9,1217,2010-03-16 08:23:00,2011-11-03 11:59:00
15117,2485.97,8,3093,2010-03-15 13:39:00,2011-11-25 08:12:00
12517,2481.6,5,1361,2011-06-02 15:13:00,2011-11-11 14:04:00
13507,2479.16,4,1597,2011-07-17 11:50:00,2011-12-06 13:13:00
13588,2478.95,9,2606,2011-03-29 15:53:00,2011-11-24 10:42:00
16795,2477.29,3,1453,2010-01-25 13:14:00,2010-12-09 14:08:00
13134,2475.23,6,1364,2010-10-19 13:21:00,2011-09-15 10:35:00
16520,2474.14,6,1262,2010-03-02 16:50:00,2011-06-06 13:24:00
13762,2472.48,5,2608,2010-01-10 12:13:00,2011-05-05 09:15:00
17732,2470.39,8,1151,2010-08-09 08:41:00,2010-12-02 09:29:00
12924,2469.4,12,1423,2009-12-09 12:40:00,2011-09-12 13:55:00
14421,2469.37,6,1342,2010-01-17 11:30:00,2011-10-13 13:24:00
17288,2468.43,11,1699,2010-11-10 14:44:00,2011-11-30 16:09:00
17164,2467.35,7,1501,2011-03-11 14:26:00,2011-11-07 09:14:00
15221,2465.45,4,287,2010-03-12 10:40:00,2010-12-08 13:08:00
13151,2465.21,3,813,2010-03-22 10:26:00,2011-02-17 12:29:00
15860,2463.96,17,1331,2009-12-06 12:31:00,2011-10-30 11:25:00
17131,2463.17,5,983,2011-09-25 12:42:00,2011-12-04 12:52:00
14256,2460.79,5,1147,2010-01-14 10:35:00,2011-03-24 13:17:00
17629,2455.52,10,1903,2010-10-14 13:35:00,2011-12-04 10:56:00
16016,2446.42,11,1019,2010-11-02 13:27:00,2011-12-06 14:35:00
12701,2446.41,6,1727,2010-03-16 13:23:00,2011-09-21 10:47:00
13338,2445.62,4,1151,2010-01-05 12:25:00,2011-07-05 09:06:00
17348,2442.29,9,2766,2010-03-10 12:13:00,2011-11-25 11:25:00
14449,2441.2,8,1746,2010-09-29 13:15:00,2011-11-21 12:06:00
18171,2437.31,9,991,2010-01-05 10:46:00,2011-10-12 09:13:00
15623,2437.05,8,1087,2009-12-10 14:46:00,2011-07-21 17:26:00
17505,2435.48,5,1242,2010-04-13 16:33:00,2011-07-01 12:50:00
13085,2433.28,8,944,2009-12-01 07:45:00,2011-07-05 12:11:00
13094,2433.12,13,2088,2010-11-15 14:15:00,2011-11-18 14:07:00
16638,2430.53,15,1651,2010-08-18 13:33:00,2011-11-17 11:09:00
14502,2429.83,11,1480,2011-01-30 15:52:00,2011-11-20 11:50:00
15077,2428.08,2,528,2009-12-09 17:10:00,2010-08-02 11:13:00
13949,2427.32,6,2474,2011-09-06 11:55:00,2011-12-07 09:35:00
12733,2424.87,4,896,2010-01-19 13:23:00,2011-04-19 16:19:00
15658,2423.47,8,691,2009-12-03 11:19:00,2011-06-02 15:22:00
15215,2422.43,7,776,2010-04-06 11:21:00,2011-10-24 11:41:00
15089,2420.84,6,1359,2011-08-03 14:14:00,2011-11-29 16:31:00
15489,2419.61,8,1264,2010-01-15 16:58:00,2011-11-17 08:53:00
13878,2416.9,4,927,2010-04-14 13:50:00,2011-10-16 12:19:00
16040,2416.9,7,1185,2010-04-09 10:12:00,2011-10-05 13:47:00
16470,2416.85,11,1335,2009-12-11 12:21:00,2011-10-19 12:11:00
12802,2416.42,7,1972,2010-05-25 09:34:00,2011-06-06 09:36:00
13118,2415.41,9,834,2010-09-26 15:46:00,2011-11-20 12:46:00
14205,2414.2,9,1342,2010-03-07 12:20:00,2011-11-23 10:55:00
17894,2411.35,18,977,2010-08-27 14:13:00,2011-09-29 09:23:00
12397,2409.9,2,1263,2011-07-27 14:21:00,2011-11-04 09:52:00
16833,2409.04,6,878,2010-03-26 15:31:00,2011-12-08 14:39:00
17671,2403.34,5,1177,2010-11-29 11:53:00,2011-11-24 12:21:00
15341,2402.72,2,1008,2010-09-16 16:41:00,2011-09-20 09:40:00
15793,2399.57,8,1685,2009-12-01 12:54:00,2011-11-25 09:31:00
12393,2399.45,6,1311,2010-10-07 13:49:00,2011-09-28 15:41:00
14414,2399.33,8,2877,2010-11-30 10:12:00,2011-09-09 12:09:00
16147,2398.91,5,1395,2010-02-05 12:26:00,2011-07-29 09:57:00
17921,2394.36,10,991,2010-07-15 20:05:00,2011-10-06 18:56:00
16812,2392.0,4,1116,2010-11-22 14:36:00,2010-12-14 12:35:00
15366,2389.08,7,2447,2010-02-26 10:10:00,2011-09-25 15:01:00
14443,2386.47,5,1520,2010-11-25 14:18:00,2011-10-17 10:10:00
16105,2386.19,5,2125,2010-04-14 13:27:00,2011-04-05 10:13:00
17905,2379.37,13,1370,2010-01-28 17:54:00,2011-09-29 17:33:00
17827,2376.17,6,1582,2010-03-28 12:20:00,2011-12-04 15:00:00
16883,2374.09,19,1070,2009-12-04 12:07:00,2011-06-05 12:51:00
17434,2373.82,7,1693,2011-09-15 13:54:00,2011-12-07 13:16:00
13908,2369.55,4,1478,2011-03-08 12:04:00,2011-09-21 11:49:00
17623,2365.77,7,799,2009-12-14 14:36:00,2011-11-07 11:32:00
16005,2365.49,10,1269,2010-09-15 13:21:00,2011-11-27 13:47:00
14295,2362.91,5,1029,2009-12-08 09:49:00,2011-10-30 15:50:00
16676,2361.9,6,927,2010-10-17 13:07:00,2011-11-06 12:01:00
16065,2359.27,8,1435,2010-09-02 13:27:00,2010-12-09 13:03:00
17634,2358.59,9,838,2011-01-06 12:45:00,2011-11-03 13:09:00
15015,2354.97,13,1584,2009-12-14 14:46:00,2010-07-26 13:50:00
17969,2354.29,20,1014,2009-12-06 13:53:00,2011-06-26 13:00:00
16083,2351.42,4,1514,2010-11-16 11:53:00,2011-08-31 10:47:00
16085,2341.03,12,1382,2010-01-20 14:03:00,2011-11-16 13:24:00
12704,2340.84,8,1006,2011-06-23 10:20:00,2011-12-02 13:15:00
12584,2338.15,9,416,2011-03-04 15:15:00,2011-12-06 09:35:00
15549,2334.16,8,936,2010-01-11 13:16:00,2011-09-23 16:22:00
13614,2332.74,6,821,2010-06-06 13:42:00,2011-11-15 14:47:00
16496,2330.77,6,1764,2010-07-18 13:42:00,2011-12-01 10:31:00
17313,2328.84,1,1402,2011-11-08 15:45:00,2011-11-08 15:45:00
17004,2324.36,4,1233,2010-10-11 15:43:00,2011-10-24 14:25:00
14938,2322.43,2,1369,2010-05-26 13:35:00,2010-05-26 13:38:00
13091,2321.82,3,1339,2009-12-10 11:50:00,2011-11-11 15:54:00
13055,2321.11,4,1821,2010-10-06 08:17:00,2011-09-22 14:26:00
16628,2318.1,7,1260,2010-03-08 12:24:00,2011-11-10 12:45:00
12724,2317.52,7,1379,2010-06-22 14:00:00,2011-12-04 16:02:00
12948,2317.43,9,1304,2009-12-02 12:28:00,2011-11-23 17:10:00
14346,2315.75,5,1878,2010-07-30 10:44:00,2011-08-11 09:47:00
17193,2310.04,9,1668,2009-12-02 10:02:00,2011-11-04 12:47:00
17282,2308.54,5,2332,2010-06-09 12:07:00,2011-08-01 14:29:00
13704,2308.06,9,1531,2011-09-12 14:40:00,2011-12-04 15:13:00
17113,2305.59,6,913,2010-01-11 10:14:00,2010-05-14 13:59:00
15946,2304.18,3,1614,2010-03-16 10:49:00,2010-07-25 12:18:00
14555,2304.03,6,842,2009-12-18 11:39:00,2011-10-13 16:24:00
18095,2303.09,5,1623,2010-04-19 14:09:00,2011-01-31 12:50:00
16077,2300.4,1,840,2010-03-24 10:42:00,2010-03-24 10:42:00
16531,2298.33,11,1863,2010-09-24 09:49:00,2011-11-17 16:29:00
17324,2298.12,12,1536,2009-12-18 15:29:00,2011-11-22 10:34:00
13371,2297.66,2,1019,2010-03-17 15:29:00,2010-07-22 17:33:00
12599,2296.72,13,2189,2010-05-11 10:42:00,2011-11-10 13:34:00
12649,2294.65,8,1959,2010-01-12 17:24:00,2011-08-24 14:41:00
13280,2293.33,7,1489,2010-03-05 09:07:00,2011-08-09 13:14:00
13059,2291.77,10,860,2010-03-31 12:23:00,2011-04-04 10:40:00
17047,2289.23,6,1184,2009-12-08 08:48:00,2011-09-15 13:27:00
17018,2287.7,6,456,2009-12-05 10:27:00,2011-10-30 11:42:00
16485,2287.19,5,1153,2009-12-06 12:28:00,2011-09-23 15:50:00
14481,2284.69,5,1568,2010-01-31 12:43:00,2011-06-28 10:38:00
12684,2283.63,7,1985,2011-05-10 12:55:00,2011-12-02 09:53:00
18051,2282.28,7,1661,2009-12-09 12:17:00,2010-03-15 13:58:00
14901,2281.4,12,1048,2010-07-29 11:11:00,2011-11-28 17:09:00
13655,2280.51,6,1225,2010-04-27 09:59:00,2011-08-17 14:25:00
14554,2279.49,4,1443,2011-10-18 13:04:00,2011-11-29 16:44:00
13994,2274.14,6,932,2011-07-14 18:28:00,2011-12-06 11:05:00
17994,2270.03,11,2181,2010-03-29 10:37:00,2011-08-10 11:41:00
13748,2268.35,9,1108,2009-12-01 16:44:00,2011-09-05 09:45:00
15638,2265.2,6,1134,2010-04-08 14:37:00,2010-11-26 11:52:00
15734,2263.3,4,516,2010-06-10 14:25:00,2011-08-17 10:50:00
13814,2257.32,3,1214,2010-06-30 14:12:00,2011-09-08 13:48:00
16350,2253.89,9,1077,2010-10-07 16:33:00,2011-11-18 15:53:00
17414,2249.52,6,6256,2009-12-03 16:49:00,2011-10-27 12:13:00
14432,2248.5,6,2013,2011-09-11 14:09:00,2011-11-30 08:04:00
14644,2247.72,7,770,2009-12-03 16:24:00,2011-10-03 08:30:00
16177,2247.31,8,1021,2010-03-02 14:03:00,2011-10-20 12:57:00
12868,2247.06,8,1282,2010-11-12 10:05:00,2011-06-07 10:42:00
16174,2246.75,7,1431,2010-04-15 15:12:00,2011-08-05 13:26:00
13627,2245.9,7,1632,2010-03-09 14:03:00,2011-10-11 14:20:00
16042,2245.32,8,1430,2010-09-12 12:00:00,2011-11-17 17:50:00
13407,2244.7,3,1690,2010-02-16 11:13:00,2010-05-10 12:41:00
16823,2243.09,7,1166,2009-12-02 09:57:00,2011-04-26 15:00:00
14462,2242.81,12,1063,2010-10-03 14:13:00,2011-10-04 15:55:00
15865,2241.42,5,1141,2010-01-05 13:58:00,2011-10-30 12:43:00
15629,2240.9,4,1518,2010-06-25 11:39:00,2010-09-15 13:46:00
16551,2237.12,7,2076,2009-12-13 16:12:00,2011-09-05 09:38:00
17180,2236.77,11,1809,2010-01-21 17:43:00,2011-10-14 15:46:00
17075,2236.63,10,785,2009-12-14 11:24:00,2011-11-22 11:58:00
16108,2235.92,4,1473,2010-03-18 14:14:00,2011-09-16 11:48:00
16076,2234.73,10,1435,2011-05-15 12:31:00,2011-12-06 14:59:00
13662,2233.61,11,1169,2010-02-19 13:21:00,2011-09-15 12:04:00
18215,2232.49,5,1131,2010-03-26 13:03:00,2011-09-11 16:05:00
17460,2228.27,16,980,2010-01-22 13:25:00,2011-09-06 15:04:00
12783,2225.91,6,624,2011-09-25 15:35:00,2011-12-07 15:56:00
13365,2225.37,2,1247,2011-05-06 12:00:00,2011-11-06 12:36:00
14321,2218.06,7,3275,2010-08-23 12:56:00,2011-11-29 09:47:00
17648,2216.37,5,954,2010-11-19 16:41:00,2011-10-10 09:41:00
18177,2216.32,9,1238,2009-12-15 18:57:00,2011-11-08 14:44:00
13478,2215.78,5,1189,2010-01-31 15:51:00,2010-08-27 13:23:00
14708,2212.28,5,1509,2010-09-10 10:26:00,2011-12-07 08:21:00
13320,2211.6,6,1509,2010-08-18 10:29:00,2011-09-22 18:07:00
15550,2211.05,12,1139,2009-12-03 15:15:00,2011-12-05 15:38:00
15476,2209.98,4,1174,2010-09-23 14:00:00,2010-11-24 15:17:00
14177,2209.69,13,1043,2010-02-26 11:59:00,2011-09-14 15:11:00
14834,2206.16,7,872,2010-10-28 17:37:00,2011-11-22 10:30:00
14467,2203.24,12,1187,2009-12-02 12:44:00,2011-11-22 12:48:00
13410,2201.96,9,1244,2009-12-08 13:43:00,2011-11-15 15:33:00
14006,2196.67,7,2181,2010-02-25 09:45:00,2011-08-16 09:39:00
16317,2192.51,5,1236,2010-05-04 10:17:00,2011-08-12 12:46:00
15934,2190.66,2,2166,2010-10-06 12:08:00,2010-10-18 10:13:00
14212,2190.14,2,2046,2010-09-20 11:48:00,2011-09-11 12:45:00
16221,2186.66,9,1501,2010-08-10 13:32:00,2011-11-03 11:43:00
14597,2184.63,6,1436,2010-09-28 13:17:00,2011-11-28 13:13:00
15864,2180.76,7,1486,2010-11-23 15:02:00,2011-11-17 13:32:00
12856,2170.78,6,1076,2011-10-07 12:38:00,2011-12-02 10:52:00
15649,2170.35,4,485,2010-11-17 16:22:00,2011-01-07 13:34:00
12501,2169.39,1,1783,2011-01-07 12:28:00,2011-01-07 12:28:00
14595,2164.45,8,1228,2010-01-20 13:59:00,2011-11-20 12:12:00
15944,2164.24,4,859,2009-12-13 12:57:00,2011-03-08 10:33:00
17822,2162.93,5,1375,2010-05-28 12:15:00,2010-10-15 13:47:00
14407,2157.73,6,1415,2011-03-08 11:59:00,2011-08-24 14:02:00
16379,2157.4,4,1410,2011-09-22 09:33:00,2011-12-05 15:38:00
13643,2156.77,10,902,2009-12-08 12:48:00,2011-11-08 15:37:00
13224,2155.95,2,1518,2011-07-11 14:10:00,2011-10-10 14:55:00
16966,2154.97,7,1981,2011-04-13 14:17:00,2011-12-01 13:40:00
16600,2153.41,13,2420,2009-12-18 12:59:00,2011-12-05 16:00:00
16275,2151.11,3,1268,2010-03-08 14:41:00,2011-05-27 12:41:00
18239,2150.36,6,1052,2010-10-13 10:11:00,2011-05-05 12:38:00
14216,2150.04,5,712,2010-10-21 15:07:00,2011-12-06 14:56:00
16716,2149.68,3,912,2010-03-19 11:05:00,2011-03-18 10:03:00
17272,2148.63,4,1778,2011-03-22 12:05:00,2011-10-28 16:37:00
16004,2146.39,5,1076,2010-01-25 13:56:00,2010-08-22 11:48:00
13152,2146.38,7,977,2010-01-14 10:01:00,2010-10-18 13:44:00
16134,2145.34,5,1637,2010-06-17 09:48:00,2011-11-18 10:05:00
18009,2144.23,8,651,2010-02-25 11:49:00,2011-04-18 13:36:00
12576,2142.72,8,1494,2010-07-01 13:46:00,2011-11-04 10:11:00
13092,2140.28,12,664,2010-02-10 08:44:00,2011-09-30 11:18:00
12687,2138.91,2,1403,2010-08-16 12:10:00,2010-08-16 12:12:00
17029,2137.3,7,1265,2010-02-14 10:19:00,2011-08-21 11:06:00
17305,2135.46,1,1006,2010-03-01 12:47:00,2010-03-01 12:47:00
18116,2134.49,13,1267,2010-10-24 15:29:00,2011-10-03 11:00:00
12560,2134.01,3,1110,2011-07-19 15:55:00,2011-12-04 13:54:00
16493,2132.09,7,1988,2010-03-26 13:05:00,2011-09-21 11:10:00
13517,2128.42,3,1369,2011-06-13 08:44:00,2011-10-11 11:43:00
14634,2124.46,4,1906,2010-06-16 09:48:00,2010-09-28 10:40:00
16807,2123.88,6,1433,2010-03-26 14:38:00,2011-07-20 12:00:00
16996,2123.61,9,919,2010-10-18 12:24:00,2011-11-09 16:43:00
14472,2118.72,9,1271,2010-01-19 13:09:00,2011-08-28 11:01:00
14360,2118.03,4,1139,2011-09-06 11:58:00,2011-11-08 09:12:00
14691,2114.33,5,707,2011-05-11 09:55:00,2011-11-09 12:30:00
16201,2112.12,5,1421,2010-10-20 12:00:00,2011-12-06 16:02:00
16054,2111.88,4,791,2010-04-01 18:37:00,2011-07-17 13:08:00
12997,2110.91,8,1186,2010-04-06 11:06:00,2011-11-17 15:47:00
14399,2108.21,8,965,2010-02-03 13:09:00,2010-11-10 13:23:00
13755,2108.06,9,1242,2011-10-07 15:45:00,2011-12-06 12:26:00
13610,2103.71,14,869,2010-01-05 14:12:00,2011-11-27 15:38:00
15252,2103.41,5,1430,2010-04-07 10:24:00,2011-11-03 13:30:00
14276,2102.68,7,1406,2010-02-17 13:10:00,2011-09-02 09:45:00
14499,2101.79,7,1231,2010-08-27 11:57:00,2011-11-13 13:01:00
15815,2100.6,5,1856,2011-03-25 08:43:00,2011-10-07 12:42:00
12975,2100.09,6,911,2009-12-06 10:38:00,2010-09-29 09:46:00
17159,2099.59,5,1348,2010-03-04 14:53:00,2011-11-18 10:52:00
12610,2099.54,5,1049,2011-08-05 13:52:00,2011-11-17 09:34:00
17742,2098.48,11,653,2009-12-01 13:16:00,2011-08-18 15:28:00
13753,2094.57,4,1450,2009-12-03 10:20:00,2011-02-25 12:48:00
13591,2093.94,7,850,2009-12-14 15:44:00,2011-10-06 12:26:00
14469,2093.46,4,973,2010-01-29 11:12:00,2010-10-19 14:30:00
13265,2092.66,5,1740,2011-03-11 09:54:00,2011-10-17 15:02:00
15456,2091.52,10,2727,2009-12-08 12:54:00,2011-03-01 13:51:00
15151,2085.61,2,795,2010-07-18 12:19:00,2010-10-12 16:37:00
17705,2083.9,11,1301,2010-05-12 09:47:00,2011-12-06 13:45:00
14896,2083.22,8,1115,2009-12-06 12:42:00,2011-05-19 10:20:00
16934,2083.14,6,936,2010-03-28 12:43:00,2011-10-16 12:40:00
14396,2079.73,7,998,2009-12-02 14:21:00,2011-10-05 16:09:00
18026,2074.07,2,530,2010-07-22 16:21:00,2010-07-27 10:37:00
17048,2071.68,7,1068,2010-01-18 13:55:00,2011-08-14 11:49:00
17585,2064.71,7,2510,2010-08-18 16:39:00,2011-08-22 13:30:00
16726,2063.88,7,1323,2010-10-24 16:09:00,2011-11-13 14:53:00
12586,2062.67,4,687,2009-12-16 13:15:00,2011-11-22 16:24:00
13476,2061.47,5,713,2010-03-05 09:39:00,2011-06-14 12:00:00
18258,2059.67,6,1981,2010-05-16 11:35:00,2010-09-01 14:20:00
17633,2057.39,7,899,2010-11-15 14:55:00,2011-11-08 13:25:00
12518,2056.89,5,1318,2011-08-21 13:18:00,2011-12-09 10:13:00
15253,2055.09,8,1588,2010-05-02 11:17:00,2011-11-23 16:22:00
14188,2054.36,6,1162,2011-02-02 13:46:00,2011-11-09 12:45:00
16235,2053.71,9,788,2010-08-26 12:10:00,2011-10-30 10:56:00
16794,2052.7,15,1576,2010-03-25 15:17:00,2011-12-08 17:54:00
16176,2052.69,4,952,2010-03-29 14:52:00,2010-10-14 13:54:00
14723,2050.25,11,1282,2009-12-04 11:22:00,2011-11-29 15:23:00
17086,2050.08,6,1859,2011-10-07 11:22:00,2011-12-02 13:54:00
13874,2049.15,7,864,2010-02-04 18:39:00,2010-12-16 18:20:00
13984,2048.6,12,1421,2009-12-07 11:51:00,2011-11-13 12:38:00
16027,2048.36,15,2099,2010-01-08 13:21:00,2011-09-09 10:47:00
14232,2048.07,5,1941,2011-03-20 12:44:00,2011-10-28 11:09:00
17666,2047.8,5,1552,2010-06-30 12:03:00,2011-12-06 09:06:00
13663,2047.51,5,893,2010-03-03 10:11:00,2011-06-13 15:44:00
14000,2046.34,5,1838,2009-12-02 09:50:00,2011-05-12 16:50:00
15473,2046.0,8,776,2010-09-21 09:14:00,2011-11-25 15:15:00
17289,2041.8,9,1237,2010-03-08 12:52:00,2011-11-08 12:01:00
12585,2040.1,2,1279,2010-12-23 12:58:00,2011-04-19 13:39:00
14988,2038.65,7,1260,2010-04-16 13:34:00,2011-05-12 12:05:00
16214,2038.25,4,1308,2010-09-30 13:57:00,2011-06-22 11:30:00
16331,2037.7,6,756,2010-03-07 10:55:00,2010-10-03 13:47:00
13705,2035.33,7,1009,2010-03-25 17:19:00,2011-12-02 12:32:00
17846,2033.1,1,1,2011-09-15 15:20:00,2011-09-15 15:20:00
13630,2031.78,7,1391,2011-02-27 12:49:00,2011-12-04 15:16:00
14225,2031.07,4,1167,2010-01-12 15:02:00,2010-10-01 10:32:00
15272,2030.95,6,665,2010-02-14 13:39:00,2011-10-13 12:59:00
15506,2030.33,6,1637,2010-08-19 12:38:00,2011-11-17 12:11:00
15164,2028.11,9,912,2010-01-18 13:34:00,2011-10-02 12:05:00
15384,2027.79,4,1767,2010-04-26 12:38:00,2011-06-23 10:57:00
12873,2027.3,3,786,2010-01-27 09:50:00,2011-03-02 14:58:00
13989,2026.06,5,2207,2010-05-25 12:13:00,2011-10-05 09:47:00
14631,2025.69,6,1407,2010-08-09 14:45:00,2011-10-20 11:17:00
16510,2025.6,6,1022,2010-01-17 12:30:00,2010-12-02 13:39:00
14651,2025.52,9,880,2010-03-18 11:39:00,2011-10-03 15:52:00
12418,2021.2,4,1088,2010-03-19 14:47:00,2011-08-19 11:08:00
17227,2021.18,12,1773,2010-01-15 15:05:00,2011-11-21 10:51:00
13696,2020.4,3,552,2010-02-11 14:17:00,2010-10-14 09:44:00
12348,2019.4,5,2714,2010-09-27 14:59:00,2011-09-25 13:13:00
14623,2016.98,10,1025,2010-04-16 17:12:00,2011-11-07 13:56:00
16197,2016.71,9,1420,2009-12-16 11:44:00,2010-08-27 12:56:00
17152,2016.5,4,577,2010-10-10 12:40:00,2011-05-29 12:19:00
17126,2016.43,9,1426,2010-08-31 13:41:00,2011-07-10 13:52:00
13693,2011.82,9,880,2009-12-07 11:29:00,2010-11-30 18:21:00
13888,2001.59,7,795,2010-05-13 11:57:00,2011-08-12 10:13:00
16332,2000.01,11,1128,2010-04-29 13:41:00,2011-11-11 14:22:00
14628,1998.0,5,1147,2010-01-25 14:40:00,2011-09-09 14:58:00
16698,1998.0,2,840,2011-03-31 13:33:00,2011-04-27 10:52:00
15990,1997.75,7,1086,2010-02-28 12:30:00,2011-10-26 15:58:00
14152,1997.34,7,1844,2010-02-18 13:57:00,2011-09-25 12:54:00
15481,1993.34,1,1450,2010-11-03 14:52:00,2010-11-03 14:52:00
14301,1992.18,4,1686,2010-02-11 13:07:00,2011-08-14 15:33:00
13889,1991.23,6,979,2010-01-22 14:32:00,2011-09-08 09:13:00
17088,1991.01,4,868,2011-03-31 09:48:00,2011-11-11 14:23:00
16960,1990.88,8,1492,2010-03-02 13:36:00,2011-11-01 11:35:00
17351,1988.23,12,383,2009-12-10 18:43:00,2011-11-03 18:45:00
16529,1986.8,4,739,2010-06-27 13:29:00,2011-06-02 17:23:00
15478,1983.48,3,894,2010-05-13 18:49:00,2011-10-30 14:19:00
14967,1982.61,6,652,2009-12-03 14:07:00,2011-10-21 11:06:00
15192,1981.39,5,1644,2010-01-29 10:13:00,2011-08-12 11:41:00
17337,1981.06,4,1247,2011-02-02 17:06:00,2011-07-11 14:55:00
13725,1980.56,8,806,2011-02-04 12:18:00,2011-10-21 10:03:00
12582,1980.4,4,985,2010-05-11 09:55:00,2011-04-15 08:45:00
17158,1980.0,5,1147,2010-03-07 15:50:00,2011-11-07 15:15:00
15030,1979.91,8,1225,2010-03-04 17:10:00,2011-09-29 10:50:00
15795,1979.87,8,1411,2010-01-18 11:31:00,2011-07-13 10:43:00
13208,1976.3,9,1343,2009-12-03 13:25:00,2011-10-12 09:54:00
18204,1975.35,3,1190,2011-05-31 15:26:00,2011-09-29 16:44:00
15531,1972.39,2,1085,2011-11-09 17:47:00,2011-12-01 18:43:00
17797,1971.87,8,1086,2009-12-15 14:30:00,2011-11-17 13:21:00
14905,1971.39,8,1009,2009-12-03 14:36:00,2011-07-05 12:41:00
12674,1970.6,4,1133,2011-05-16 09:10:00,2011-11-01 12:12:00
14477,1969.6,7,1120,2010-01-04 15:41:00,2011-11-20 11:11:00
15081,1965.72,12,806,2010-06-22 10:25:00,2011-11-17 17:08:00
16032,1965.72,6,1467,2010-07-04 13:31:00,2010-09-09 18:00:00
16233,1965.71,9,689,2009-12-02 13:23:00,2011-09-29 17:27:00
17966,1963.92,10,3918,2010-01-18 13:24:00,2011-11-02 10:26:00
17997,1962.46,8,2273,2011-06-28 17:28:00,2011-09-26 16:13:00
12399,1962.3,7,2198,2010-03-05 08:45:00,2011-08-12 13:15:00
15789,1962.01,6,2499,2010-03-26 11:21:00,2010-12-16 14:35:00
16290,1957.7,4,957,2010-05-23 11:46:00,2010-09-01 11:52:00
17039,1954.99,1,689,2010-04-14 12:56:00,2010-04-14 12:56:00
18016,1954.56,7,1207,2010-01-27 16:00:00,2011-11-07 13:25:00
14794,1953.9,10,783,2010-08-09 15:44:00,2011-12-07 10:11:00
17554,1952.45,5,1763,2011-07-14 20:01:00,2011-12-08 14:15:00
13761,1952.17,6,1079,2010-02-21 11:08:00,2011-10-20 14:01:00
15885,1951.82,15,622,2010-01-21 12:47:00,2011-09-08 10:43:00
16993,1950.95,2,285,2010-05-12 13:55:00,2010-09-02 12:16:00
14014,1948.21,3,2004,2010-05-12 09:04:00,2011-09-23 13:18:00
16891,1945.2,11,738,2009-12-04 12:37:00,2011-12-08 11:15:00
15620,1942.36,4,1249,2010-10-26 11:32:00,2011-10-14 12:41:00
15425,1941.12,4,1041,2010-02-14 12:36:00,2010-11-04 18:13:00
12385,1938.4,1,612,2010-11-25 15:14:00,2010-11-25 15:14:00
16619,1938.33,4,1055,2010-02-22 12:05:00,2011-03-21 08:18:00
17135,1937.76,10,1908,2010-05-09 16:03:00,2011-11-23 16:48:00
14418,1937.25,3,1711,2011-08-23 17:18:00,2011-12-06 11:39:00
15605,1936.8,9,712,2010-01-14 14:03:00,2011-11-03 14:17:00
15561,1934.39,8,1334,2010-02-14 12:22:00,2011-11-28 11:07:00
12528,1933.48,6,756,2011-01-31 09:05:00,2011-11-30 14:40:00
12531,1933.2,2,1119,2010-01-22 14:17:00,2011-11-25 11:12:00
16859,1932.41,7,1899,2010-03-04 12:37:00,2011-07-18 12:19:00
15803,1929.66,4,1030,2010-02-01 16:29:00,2011-10-19 14:56:00
17236,1929.26,12,804,2010-03-07 13:00:00,2011-11-27 12:00:00
16788,1928.93,5,965,2010-02-07 12:40:00,2011-08-08 14:53:00
13029,1927.3,5,194,2010-07-04 13:46:00,2011-11-09 09:13:00
14492,1921.91,7,751,2010-03-30 14:23:00,2010-10-05 13:21:00
16681,1921.84,7,1492,2010-03-08 14:10:00,2011-09-28 11:11:00
18220,1921.76,6,1352,2009-12-15 11:42:00,2011-04-27 09:03:00
13838,1920.73,10,774,2010-05-09 11:40:00,2011-12-04 11:00:00
12644,1918.49,4,1032,2010-01-14 13:02:00,2011-08-02 10:33:00
12842,1917.99,4,887,2009-12-02 08:15:00,2011-09-30 15:33:00
14332,1917.41,5,875,2010-10-19 13:01:00,2011-11-17 11:54:00
16650,1916.11,7,1511,2010-07-08 14:18:00,2011-09-29 09:51:00
16555,1915.68,6,1816,2010-07-22 13:39:00,2011-11-04 14:31:00
16692,1914.7,4,878,2010-09-24 11:31:00,2011-03-28 14:46:00
16770,1909.73,9,1108,2010-08-22 16:08:00,2011-10-13 12:21:00
12947,1908.03,6,1349,2010-12-01 16:21:00,2011-07-19 10:06:00
17046,1906.07,5,1636,2010-03-29 13:46:00,2011-07-05 14:24:00
16942,1904.99,9,805,2011-04-26 11:59:00,2011-11-27 12:40:00
17235,1904.88,8,971,2010-06-04 17:01:00,2011-11-14 15:51:00
14250,1904.05,3,1200,2011-09-11 13:44:00,2011-12-02 14:30:00
14127,1900.08,6,828,2010-10-10 11:53:00,2011-08-09 10:49:00
14710,1899.79,13,1135,2009-12-03 17:12:00,2011-11-25 14:53:00
12762,1898.52,2,1227,2011-11-14 14:23:00,2011-12-02 10:23:00
14389,1898.01,5,1388,2010-04-28 14:57:00,2011-10-05 15:17:00
14741,1897.59,7,1120,2010-10-18 09:33:00,2011-11-28 08:48:00
14730,1897.57,8,1078,2011-03-08 12:49:00,2011-12-08 14:39:00
17560,1895.8,8,1588,2010-02-17 12:11:00,2011-09-06 09:18:00
14327,1894.93,6,1296,2010-01-08 14:04:00,2011-06-29 13:58:00
15248,1893.93,3,1065,2010-06-23 14:34:00,2010-10-24 13:09:00
17350,1893.7,7,1178,2010-02-01 15:38:00,2011-12-01 15:47:00
16631,1892.52,7,775,2010-02-26 10:49:00,2010-08-15 11:20:00
13276,1891.91,5,840,2010-03-07 14:05:00,2011-10-07 12:44:00
15381,1890.57,5,802,2010-05-05 14:35:00,2011-05-10 11:55:00
14912,1889.25,6,1819,2010-01-26 16:29:00,2011-11-23 09:20:00
17609,1887.9,11,1321,2010-04-09 16:54:00,2011-10-30 12:28:00
16172,1884.55,8,1419,2010-07-14 15:34:00,2011-09-05 13:22:00
14403,1880.51,6,737,2010-03-10 14:00:00,2011-08-01 12:57:00
16660,1879.55,7,991,2010-01-14 11:09:00,2011-11-23 14:53:00
18151,1879.44,6,986,2010-03-04 10:47:00,2011-07-28 11:35:00
15197,1877.51,6,1058,2009-12-11 12:56:00,2011-11-29 10:00:00
13946,1876.23,6,2847,2009-12-04 11:07:00,2011-09-21 13:33:00
12494,1872.87,9,988,2010-05-12 13:52:00,2011-11-24 09:34:00
16426,1863.76,10,1215,2011-03-08 15:45:00,2011-12-07 14:01:00
14887,1862.0,1,1100,2011-09-21 15:32:00,2011-09-21 15:32:00
13503,1859.24,6,1105,2010-02-16 13:49:00,2011-09-29 13:23:00
14305,1858.96,3,1089,2011-07-27 14:14:00,2011-09-29 15:29:00
14130,1858.77,4,1215,2009-12-11 16:33:00,2011-01-24 16:05:00
16043,1856.59,8,1011,2010-08-15 11:26:00,2011-11-02 12:50:00
16049,1852.15,6,1132,2010-07-11 13:53:00,2011-10-30 13:19:00
16917,1851.88,2,792,2010-03-17 15:24:00,2011-03-08 11:55:00
12383,1850.56,5,1532,2010-12-22 14:28:00,2011-06-08 08:02:00
12381,1845.31,5,808,2011-08-12 09:57:00,2011-12-05 12:44:00
12507,1844.06,4,1256,2010-05-04 09:23:00,2011-07-28 17:09:00
18180,1843.75,6,1721,2011-07-20 08:59:00,2011-12-05 08:39:00
12694,1843.35,3,1355,2010-10-14 19:39:00,2011-09-30 13:06:00
12950,1843.0,3,1380,2011-11-15 13:48:00,2011-12-07 13:17:00
15201,1842.95,7,1660,2010-04-07 14:50:00,2011-09-13 14:53:00
16102,1842.14,3,942,2011-08-03 12:50:00,2011-10-28 13:19:00
14224,1841.71,9,826,2010-06-13 13:46:00,2011-08-21 13:24:00
13168,1840.73,5,898,2010-06-15 15:00:00,2011-11-03 12:56:00
17919,1840.32,2,1452,2010-09-27 10:40:00,2011-09-12 13:41:00
15822,1840.06,6,950,2009-12-06 15:12:00,2011-12-06 14:50:00
14870,1838.95,6,483,2010-01-25 09:05:00,2011-03-23 10:51:00
13924,1838.85,6,1575,2011-09-28 15:07:00,2011-12-08 09:39:00
17015,1838.61,3,1978,2011-06-07 13:19:00,2011-11-11 10:45:00
16175,1836.44,7,932,2010-05-25 12:01:00,2011-09-06 14:32:00
15402,1830.54,6,2034,2010-04-27 12:12:00,2011-07-14 12:17:00
16152,1829.04,1,642,2011-03-16 09:47:00,2011-03-16 09:47:00
16825,1826.89,5,1297,2010-06-23 13:14:00,2011-11-01 11:51:00
17244,1826.04,5,1419,2009-12-06 11:27:00,2011-10-17 15:19:00
15678,1825.94,3,1022,2010-07-05 12:49:00,2011-10-18 09:25:00
14715,1825.45,8,1030,2010-01-19 12:18:00,2011-11-15 12:10:00
13884,1825.03,10,752,2010-08-26 19:57:00,2011-12-02 16:30:00
17642,1824.49,5,1475,2009-12-05 16:01:00,2011-08-12 09:11:00
16169,1822.97,4,1325,2011-09-25 11:33:00,2011-12-01 15:28:00
14738,1821.9,9,757,2009-12-07 10:21:00,2011-10-28 08:56:00
15339,1821.02,7,1138,2010-02-08 13:38:00,2011-10-04 12:51:00
17259,1820.34,6,1100,2010-02-22 13:38:00,2011-07-14 15:01:00
16205,1820.11,7,1452,2010-06-15 11:58:00,2011-11-09 09:32:00
17828,1820.09,4,667,2011-06-08 08:31:00,2011-11-17 08:41:00
14553,1818.6,9,1118,2010-07-18 12:07:00,2011-11-20 13:20:00
15807,1817.52,5,1532,2010-02-11 15:32:00,2011-10-20 14:10:00
16634,1814.61,6,1321,2010-01-21 09:30:00,2011-05-01 12:09:00
16880,1813.21,8,904,2010-08-03 13:54:00,2011-11-09 11:33:00
14915,1811.25,11,707,2009-12-03 10:17:00,2011-09-09 13:34:00
16474,1810.65,7,909,2011-07-17 14:51:00,2011-12-02 13:02:00
16725,1810.41,14,764,2009-12-13 15:54:00,2011-02-10 16:52:00
14893,1809.61,3,1047,2010-04-01 09:03:00,2011-11-30 12:31:00
15530,1808.68,5,1328,2010-07-15 11:10:00,2011-11-18 12:25:00
17888,1807.44,25,1536,2009-12-21 16:34:00,2011-11-18 13:45:00
15133,1806.9,5,960,2010-07-07 12:31:00,2011-08-04 10:44:00
13561,1803.4,11,1125,2010-02-28 13:42:00,2011-05-08 12:39:00
18161,1803.1,6,965,2010-11-25 15:55:00,2011-11-24 16:40:00
16797,1802.02,5,898,2009-12-02 13:33:00,2010-11-11 19:14:00
16249,1800.07,5,950,2011-04-14 13:50:00,2011-10-18 10:07:00
18235,1796.48,3,1578,2011-05-06 13:35:00,2011-09-29 08:27:00
18236,1795.35,12,696,2010-04-15 13:39:00,2011-11-10 08:06:00
17165,1794.32,6,788,2009-12-11 09:18:00,2011-02-28 16:39:00
18122,1793.06,6,1225,2011-07-12 11:37:00,2011-12-01 13:08:00
13711,1792.26,9,819,2009-12-15 19:04:00,2011-05-05 10:31:00
13375,1792.23,2,1124,2010-09-21 08:12:00,2011-09-12 10:19:00
12369,1791.15,3,1241,2010-03-08 08:09:00,2010-10-22 13:13:00
17603,1788.38,4,638,2009-12-10 09:44:00,2011-09-22 14:18:00
13782,1786.08,13,643,2009-12-06 12:52:00,2011-11-27 11:54:00
15608,1785.98,5,1262,2010-10-20 10:10:00,2011-11-11 13:20:00
16611,1785.13,6,874,2010-03-10 16:07:00,2011-06-06 15:46:00
15452,1785.11,6,1087,2010-07-16 14:23:00,2011-11-10 12:13:00
15128,1783.68,5,1583,2010-10-05 16:46:00,2011-10-10 13:54:00
16110,1781.59,4,880,2010-07-05 13:04:00,2011-10-25 14:35:00
18214,1780.34,4,989,2010-06-03 19:47:00,2010-06-27 11:21:00
15220,1778.96,6,1393,2011-03-04 10:24:00,2011-10-19 12:39:00
12458,1777.49,4,986,2010-08-09 10:33:00,2011-09-29 15:25:00
12908,1776.0,5,3000,2010-03-19 15:59:00,2011-06-16 15:39:00
12778,1775.68,9,1735,2010-04-16 09:57:00,2011-11-20 11:30:00
13920,1774.68,4,1772,2010-05-26 15:48:00,2010-10-04 12:37:00
16124,1772.49,4,797,2009-12-07 10:33:00,2011-01-26 14:45:00
15594,1771.78,5,983,2011-04-19 10:08:00,2011-11-24 08:53:00
14850,1770.96,7,1393,2010-05-20 13:28:00,2011-02-01 11:21:00
14933,1770.0,4,600,2010-09-21 17:29:00,2010-09-22 10:47:00
15972,1769.33,5,468,2010-04-18 14:06:00,2010-09-09 13:20:00
15736,1767.12,2,1208,2010-09-30 14:19:00,2010-09-30 14:20:00
13456,1766.72,6,765,2011-05-16 15:34:00,2011-11-22 09:18:00
16751,1764.72,1,1031,2011-11-09 10:48:00,2011-11-09 10:48:00
13648,1764.02,8,960,2009-12-01 18:13:00,2010-11-04 14:46:00
13717,1763.3,8,2144,2010-08-11 09:40:00,2011-11-07 14:13:00
12784,1763.15,3,862,2010-06-28 13:06:00,2011-11-30 15:38:00
15777,1762.61,7,599,2010-05-20 10:37:00,2011-04-12 16:43:00
16511,1760.49,6,769,2010-03-01 12:21:00,2011-11-18 10:41:00
16620,1758.93,6,1146,2009-12-01 14:35:00,2011-12-06 12:19:00
16266,1757.95,14,791,2010-02-04 16:21:00,2011-09-27 12:08:00
16595,1757.75,5,1331,2010-01-17 12:12:00,2011-10-09 13:15:00
12809,1755.94,3,518,2010-03-02 14:19:00,2011-06-15 10:51:00
14704,1752.92,11,1164,2010-03-25 17:21:00,2011-11-28 12:51:00
13155,1750.18,6,909,2010-08-05 09:30:00,2011-11-06 15:41:00
14522,1748.42,8,956,2010-01-24 13:55:00,2011-11-15 13:24:00
16639,1747.98,4,751,2010-10-26 18:23:00,2011-11-08 13:20:00
13808,1747.66,5,782,2011-09-04 12:07:00,2011-12-04 12:18:00
17695,1746.04,5,1809,2010-01-28 09:27:00,2011-07-31 10:40:00
14236,1744.64,5,812,2010-07-22 14:27:00,2011-09-20 09:13:00
16348,1744.42,8,1164,2010-10-05 13:57:00,2011-11-07 15:44:00
16380,1743.15,1,1428,2011-10-09 15:40:00,2011-10-09 15:40:00
12425,1741.41,2,1147,2010-09-17 14:10:00,2011-09-22 17:31:00
16087,1739.92,5,664,2010-01-19 12:30:00,2010-11-15 16:44:00
17974,1739.09,6,1189,2010-10-28 20:03:00,2011-11-15 11:37:00
13531,1738.52,6,600,2009-12-03 15:20:00,2011-05-18 16:56:00
14584,1738.16,8,960,2010-02-17 14:01:00,2011-06-23 18:33:00
14075,1734.87,6,1494,2010-06-16 14:47:00,2011-12-05 08:38:00
17268,1733.89,11,1395,2009-12-08 11:46:00,2011-08-24 10:06:00
13026,1733.08,9,2466,2009-12-13 11:34:00,2011-12-08 16:58:00
14400,1732.47,3,1706,2010-03-18 12:11:00,2011-07-13 15:50:00
17432,1728.99,9,1008,2009-12-03 19:13:00,2011-11-21 17:33:00
14387,1727.6,3,795,2011-08-22 14:13:00,2011-11-07 12:29:00
16809,1727.43,9,1093,2010-04-13 15:34:00,2011-11-16 15:45:00
15730,1726.58,5,1061,2010-10-04 14:15:00,2011-10-05 12:31:00
17190,1726.57,7,2218,2010-03-05 13:21:00,2011-10-12 11:33:00
14304,1725.01,3,775,2010-05-18 10:50:00,2011-05-01 11:50:00
13363,1723.86,3,1146,2010-10-26 11:07:00,2011-11-22 12:40:00
16374,1723.4,5,771,2010-04-30 13:10:00,2011-10-04 15:21:00
17451,1721.4,7,1203,2011-08-26 11:54:00,2011-12-08 15:02:00
16119,1720.81,8,811,2009-12-16 11:56:00,2011-12-01 15:11:00
15267,1717.36,5,944,2011-06-10 10:24:00,2011-11-17 15:59:00
14021,1716.58,7,878,2010-04-26 11:22:00,2011-07-07 15:46:00
17162,1715.46,10,1001,2011-02-07 12:27:00,2011-11-11 11:34:00
14692,1715.14,12,890,2010-04-01 14:04:00,2011-07-25 15:08:00
14987,1713.85,8,671,2009-12-02 14:56:00,2011-11-24 09:59:00
14447,1711.73,6,913,2010-11-04 13:32:00,2011-11-21 08:28:00
13665,1711.66,3,1652,2010-07-23 13:29:00,2010-11-18 13:06:00
16654,1711.47,8,703,2010-04-06 13:29:00,2011-07-21 15:23:00
17750,1710.45,9,3747,2011-06-28 15:44:00,2011-12-04 14:09:00
12405,1710.39,1,857,2011-07-14 08:52:00,2011-07-14 08:52:00
13104,1709.1,9,834,2010-02-24 15:06:00,2011-12-06 13:10:00
17731,1708.99,6,707,2010-02-09 12:37:00,2011-09-21 15:02:00
15607,1708.97,9,1470,2010-01-08 12:16:00,2011-01-07 12:44:00
15947,1708.24,1,898,2011-09-18 10:46:00,2011-09-18 10:46:00
12407,1708.12,5,1416,2011-03-20 13:21:00,2011-10-21 10:11:00
16902,1706.88,1,629,2011-08-15 14:17:00,2011-08-15 14:17:00
13309,1706.37,6,1914,2010-11-12 12:10:00,2011-12-02 16:34:00
16398,1705.8,2,758,2011-03-31 09:38:00,2011-07-08 15:16:00
14859,1705.64,5,888,2010-06-03 10:26:00,2011-11-27 11:18:00
12693,1703.02,7,536,2010-07-05 13:56:00,2011-08-04 17:51:00
15326,1700.52,5,1351,2009-12-01 13:19:00,2011-01-10 11:38:00
15911,1700.24,8,810,2009-12-09 13:26:00,2010-03-26 12:06:00
13240,1699.86,8,840,2010-02-25 13:17:00,2011-09-04 14:08:00
15889,1699.67,8,941,2009-12-10 12:21:00,2011-07-06 11:10:00
16768,1698.57,9,774,2009-12-07 11:47:00,2011-10-23 10:38:00
12932,1698.56,8,1609,2010-02-10 08:46:00,2010-06-18 14:22:00
17813,1698.07,5,752,2011-09-29 15:57:00,2011-11-25 16:13:00
17694,1695.97,3,1493,2010-05-26 08:27:00,2011-07-21 12:00:00
16899,1695.77,8,811,2010-11-07 15:00:00,2011-12-02 12:03:00
16010,1694.86,11,919,2010-10-24 10:54:00,2011-04-08 10:14:00
15976,1694.41,6,1053,2010-06-06 14:01:00,2011-06-27 13:00:00
12764,1693.88,1,386,2011-01-27 10:19:00,2011-01-27 10:19:00
14245,1693.45,2,976,2011-03-21 10:41:00,2011-05-04 08:40:00
14829,1692.84,7,1147,2010-09-29 13:14:00,2011-11-10 16:16:00
16671,1692.27,3,875,2011-06-28 11:20:00,2011-11-11 13:40:00
14078,1689.71,9,615,2010-03-28 15:05:00,2011-08-30 12:16:00
13294,1689.53,3,996,2010-03-03 12:54:00,2011-06-03 08:54:00
17341,1688.82,5,1077,2010-06-17 18:17:00,2011-07-06 12:33:00
13566,1688.6,5,1257,2010-03-10 12:22:00,2011-10-30 11:59:00
12813,1687.8,3,1141,2010-01-15 16:52:00,2010-07-26 09:50:00
12775,1686.12,7,1083,2010-10-26 14:24:00,2011-11-22 16:33:00
13516,1685.26,4,1114,2010-10-18 08:52:00,2011-11-18 13:15:00
15732,1682.07,10,1361,2010-02-04 10:10:00,2011-05-11 14:24:00
14643,1679.89,5,1377,2009-12-11 11:52:00,2011-06-22 14:41:00
15551,1679.81,7,796,2010-06-07 15:05:00,2011-11-03 12:37:00
13800,1679.56,3,891,2009-12-03 10:03:00,2011-02-03 12:27:00
12870,1676.95,3,906,2010-03-25 14:32:00,2010-11-29 13:42:00
14831,1676.57,3,885,2009-12-02 09:21:00,2010-01-28 14:31:00
13149,1676.06,4,1280,2011-02-23 13:57:00,2011-11-25 13:09:00
17656,1674.69,5,1399,2011-08-03 10:45:00,2011-09-27 13:04:00
13587,1673.5,4,664,2010-02-14 13:17:00,2011-10-07 12:31:00
13308,1670.37,4,1073,2010-04-22 09:22:00,2011-11-17 09:31:00
13417,1669.49,6,532,2010-02-08 12:39:00,2011-12-05 08:49:00
13184,1668.95,10,1662,2011-02-22 17:25:00,2011-11-25 12:02:00
17534,1668.83,5,860,2010-02-25 16:55:00,2011-10-17 12:47:00
13434,1666.86,5,864,2010-02-22 09:54:00,2011-09-26 14:30:00
13064,1666.84,6,668,2010-04-27 10:08:00,2011-11-27 12:31:00
17321,1665.21,6,790,2010-05-11 12:10:00,2011-12-01 13:41:00
16329,1664.92,4,797,2009-12-01 11:34:00,2010-10-08 12:44:00
12912,1662.3,5,670,2011-10-30 11:35:00,2011-12-07 08:55:00
15214,1661.44,8,1254,2011-04-11 09:46:00,2011-12-08 12:07:00
14583,1660.29,8,1071,2010-03-28 15:16:00,2011-12-04 12:32:00
18096,1657.87,6,1409,2010-07-14 14:30:00,2011-11-28 12:44:00
18276,1656.52,6,1246,2009-12-10 17:14:00,2011-10-27 10:54:00
17041,1655.2,6,1303,2010-04-18 14:25:00,2011-11-13 11:21:00
16625,1654.03,5,1057,2010-06-14 11:56:00,2011-03-10 12:50:00
16813,1652.18,10,1501,2011-05-19 13:28:00,2011-12-01 14:03:00
12911,1651.72,1,807,2010-06-06 12:13:00,2010-06-06 12:13:00
13649,1651.48,6,849,2010-06-30 16:35:00,2011-03-28 11:51:00
16907,1650.81,9,518,2010-07-01 17:30:00,2011-11-10 18:04:00
15996,1649.65,7,738,2010-11-07 15:49:00,2011-09-12 15:14:00
15987,1649.47,8,1685,2010-11-25 12:56:00,2011-11-27 15:38:00
18085,1645.75,4,585,2010-03-21 11:57:00,2011-01-13 15:17:00
12657,1643.18,4,1044,2011-09-22 11:40:00,2011-11-28 15:47:00
13506,1639.2,5,1174,2010-09-05 12:33:00,2011-01-27 13:53:00
14420,1639.17,4,1120,2010-01-17 12:41:00,2011-09-01 18:07:00
12933,1636.63,8,949,2009-12-10 16:39:00,2011-11-15 16:38:00
17951,1636.08,4,898,2010-10-31 15:15:00,2011-10-31 12:30:00
12398,1635.66,1,1394,2011-10-25 10:27:00,2011-10-25 10:27:00
17006,1635.27,8,572,2010-03-05 13:33:00,2011-12-05 12:09:00
15310,1634.64,1,1476,2010-08-18 11:38:00,2010-08-18 11:38:00
18062,1632.67,6,831,2010-04-21 08:55:00,2011-06-19 14:47:00
14164,1631.77,2,1033,2011-09-20 12:18:00,2011-09-30 12:24:00
18136,1631.36,5,860,2010-09-14 15:50:00,2011-10-07 15:40:00
17571,1630.91,5,991,2010-06-15 12:50:00,2011-10-20 15:57:00
14904,1630.49,4,2522,2010-10-08 12:48:00,2011-12-07 12:55:00
16256,1629.37,3,1590,2010-04-21 10:34:00,2011-03-18 12:18:00
13554,1629.35,7,578,2010-09-19 12:39:00,2010-11-24 15:05:00
15167,1627.62,5,863,2010-02-04 14:13:00,2011-01-23 12:41:00
14759,1625.97,3,569,2011-04-21 10:55:00,2011-12-05 12:03:00
13154,1624.84,3,976,2009-12-04 08:46:00,2010-11-05 16:00:00
15172,1624.05,5,1611,2011-04-17 11:56:00,2011-12-01 11:51:00
14937,1621.88,3,484,2011-08-01 14:16:00,2011-10-14 12:29:00
12379,1620.22,4,815,2010-06-23 12:49:00,2011-09-19 10:09:00
15422,1619.97,7,710,2010-02-07 11:52:00,2011-01-20 16:17:00
12577,1617.1,8,1191,2009-12-03 19:31:00,2011-11-04 13:24:00
16224,1616.54,5,1555,2010-11-17 13:14:00,2011-10-13 17:51:00
14336,1614.91,4,1759,2011-03-08 16:48:00,2011-11-23 11:40:00
15013,1610.82,10,1715,2010-01-31 12:15:00,2010-08-09 12:05:00
16860,1610.62,3,625,2010-02-15 13:46:00,2010-09-13 10:05:00
13900,1610.59,6,938,2010-03-25 13:46:00,2011-06-09 19:26:00
17814,1609.37,2,1435,2010-10-13 14:03:00,2010-11-29 14:21:00
12847,1609.0,2,1497,2010-11-17 12:44:00,2011-11-17 13:16:00
13249,1608.93,9,1246,2010-01-24 12:11:00,2011-09-08 13:26:00
14920,1607.17,3,886,2010-05-23 15:25:00,2011-05-11 10:32:00
17515,1602.51,9,527,2010-06-07 13:29:00,2011-11-08 14:04:00
15325,1601.46,8,1382,2010-02-16 13:30:00,2011-08-28 11:55:00
14178,1600.26,7,1494,2011-06-10 12:51:00,2011-12-01 12:01:00
14885,1598.12,3,1308,2010-08-31 10:11:00,2011-07-31 12:05:00
12514,1597.76,2,840,2010-03-08 12:18:00,2011-03-17 16:38:00
15134,1596.29,10,1057,2010-10-13 12:44:00,2011-11-25 08:55:00
17853,1596.29,3,625,2009-12-03 15:09:00,2010-10-28 15:29:00
13850,1595.48,1,944,2011-08-02 14:04:00,2011-08-02 14:04:00
13239,1594.69,5,1151,2010-07-25 13:34:00,2011-03-23 10:25:00
16801,1594.23,4,493,2011-03-11 13:56:00,2011-06-29 15:33:00
17028,1593.83,3,856,2009-12-18 14:28:00,2010-05-07 15:33:00
15289,1593.09,5,1627,2010-03-28 11:45:00,2011-11-10 13:49:00
17540,1590.6,6,588,2010-04-19 09:47:00,2011-11-15 11:56:00
16092,1587.94,6,1188,2010-05-09 16:10:00,2011-08-17 10:46:00
17345,1586.63,10,2008,2009-12-01 16:17:00,2011-11-24 15:03:00
13156,1586.54,3,914,2010-02-01 13:45:00,2010-11-19 13:09:00
16096,1584.97,4,700,2010-03-04 15:44:00,2011-03-20 13:38:00
13740,1582.77,5,987,2009-12-02 12:22:00,2011-04-13 10:32:00
17867,1582.05,15,638,2009-12-02 13:39:00,2011-11-09 14:15:00
14719,1581.84,5,1025,2011-04-04 14:17:00,2011-12-08 12:43:00
15279,1580.54,5,802,2010-02-02 10:15:00,2010-12-20 10:48:00
13202,1580.3,7,572,2009-12-09 10:48:00,2010-11-10 16:24:00
14587,1580.29,9,749,2011-01-12 13:16:00,2011-11-21 11:34:00
13752,1579.83,7,1005,2010-06-30 10:23:00,2011-08-07 14:16:00
12607,1579.51,1,1228,2011-10-10 16:06:00,2011-10-10 16:06:00
17222,1579.51,6,857,2010-01-10 15:24:00,2011-10-05 13:58:00
17649,1578.89,3,723,2010-08-24 13:01:00,2011-07-24 15:53:00
13186,1575.89,3,820,2011-08-03 09:09:00,2011-10-31 11:40:00
12549,1575.68,6,1366,2010-01-11 12:29:00,2010-05-13 12:05:00
13337,1575.26,1,980,2010-06-11 13:27:00,2010-06-11 13:27:00
14489,1574.93,4,1011,2010-04-06 09:52:00,2011-05-16 14:51:00
16099,1573.2,7,960,2010-03-03 11:13:00,2011-10-20 13:13:00
17886,1572.55,6,711,2010-04-29 11:10:00,2011-11-08 10:09:00
14136,1570.81,5,1148,2009-12-08 09:19:00,2010-11-04 11:53:00
14198,1569.73,9,623,2010-01-05 10:07:00,2011-11-21 16:35:00
13539,1569.36,7,710,2010-04-28 12:04:00,2011-09-15 10:18:00
17624,1568.63,4,958,2009-12-20 12:35:00,2011-11-25 10:52:00
16774,1567.48,8,774,2010-02-16 16:53:00,2011-10-03 12:41:00
13939,1560.96,7,1608,2010-04-06 12:43:00,2011-11-16 13:33:00
15466,1560.46,4,941,2009-12-03 12:28:00,2011-09-15 14:08:00
12629,1558.22,2,722,2010-10-12 16:40:00,2010-11-19 09:18:00
16140,1557.6,3,1376,2010-09-24 12:03:00,2011-10-05 12:15:00
16394,1555.34,5,2604,2011-02-23 10:58:00,2011-10-14 09:48:00
15149,1554.61,5,380,2010-02-28 11:13:00,2011-07-29 10:58:00
18149,1553.96,7,869,2010-03-14 12:41:00,2011-10-20 12:04:00
13360,1553.65,4,942,2010-01-08 11:16:00,2010-10-04 12:37:00
15074,1553.13,3,1039,2010-08-29 11:47:00,2011-08-26 14:45:00
13377,1552.88,2,748,2010-03-04 10:06:00,2010-11-08 12:20:00
17851,1552.35,6,933,2009-12-03 17:46:00,2010-10-13 15:13:00
17323,1551.04,12,1426,2010-01-10 11:58:00,2011-11-24 17:29:00
14186,1550.63,5,1550,2010-03-05 11:17:00,2010-10-08 13:30:00
16366,1548.13,4,882,2009-12-16 10:39:00,2011-11-21 08:19:00
17454,1547.94,10,727,2010-01-15 15:40:00,2011-05-31 13:58:00
14754,1547.93,6,1010,2010-01-18 11:04:00,2011-10-26 12:01:00
16461,1545.83,3,933,2010-03-03 13:57:00,2011-06-15 12:07:00
16790,1545.62,6,898,2011-11-02 11:23:00,2011-12-06 11:53:00
16017,1545.58,5,635,2010-01-05 12:06:00,2011-10-23 12:56:00
18036,1545.49,11,741,2009-12-18 12:04:00,2011-11-07 14:40:00
16915,1543.18,11,190,2010-05-19 13:32:00,2011-11-30 16:39:00
13783,1542.09,4,3437,2010-02-04 13:47:00,2010-08-09 09:23:00
12818,1542.08,1,929,2011-03-23 12:06:00,2011-03-23 12:06:00
17837,1541.23,8,510,2011-06-29 16:44:00,2011-10-28 16:13:00
13310,1541.2,5,816,2010-11-02 17:03:00,2011-11-11 17:23:00
13579,1539.04,5,764,2010-02-18 13:53:00,2011-11-25 08:41:00
16835,1538.41,6,515,2010-05-19 08:41:00,2011-08-03 13:50:00
15798,1535.37,3,915,2010-01-27 11:55:00,2010-08-04 09:13:00
13402,1535.13,4,1107,2010-05-24 10:56:00,2011-08-04 15:51:00
14695,1534.22,3,661,2009-12-07 11:05:00,2010-07-08 14:18:00
18252,1533.69,7,932,2009-12-18 16:13:00,2011-10-20 12:43:00
16491,1533.16,2,1060,2010-10-22 15:42:00,2011-10-24 10:18:00
14567,1530.36,2,412,2011-08-01 13:48:00,2011-10-14 10:21:00
15701,1529.0,4,912,2011-08-21 12:36:00,2011-12-07 14:39:00
17990,1527.61,6,777,2009-12-07 15:19:00,2011-04-17 11:44:00
12926,1523.97,4,754,2009-12-14 14:35:00,2010-10-24 15:57:00
15587,1522.08,7,528,2010-08-05 08:44:00,2011-10-20 13:37:00
16066,1521.04,5,935,2011-08-07 14:33:00,2011-11-23 11:54:00
14055,1520.96,3,720,2009-12-16 15:11:00,2011-08-25 15:04:00
14264,1517.36,6,553,2010-04-07 13:21:00,2011-07-08 10:20:00
14068,1516.72,4,510,2010-01-31 10:10:00,2011-01-23 16:02:00
14267,1516.24,3,530,2011-03-24 11:38:00,2011-06-30 10:09:00
13791,1516.0,2,1200,2011-06-24 16:38:00,2011-08-04 11:44:00
14220,1515.0,4,468,2010-05-19 13:26:00,2011-04-06 13:23:00
14682,1514.81,6,949,2010-02-05 14:47:00,2011-06-05 12:12:00
17764,1513.57,5,674,2009-12-03 14:28:00,2011-10-20 11:03:00
17610,1511.94,5,893,2009-12-06 16:07:00,2010-06-17 16:34:00
17977,1511.45,2,1948,2010-11-04 14:26:00,2011-11-10 13:28:00
17025,1510.64,5,1024,2010-03-08 13:37:00,2011-10-10 09:06:00
13370,1509.74,1,686,2010-12-03 10:26:00,2010-12-03 10:26:00
16037,1509.34,5,766,2010-03-01 12:31:00,2011-03-15 09:13:00
15948,1509.09,3,852,2010-10-11 12:16:00,2011-12-01 15:32:00
18074,1509.04,2,551,2010-07-22 10:31:00,2010-12-01 09:53:00
16910,1508.96,8,884,2011-09-09 14:14:00,2011-12-05 12:51:00
13158,1508.18,5,992,2010-11-16 17:12:00,2011-09-06 11:58:00
15261,1508.0,4,806,2010-10-01 11:59:00,2011-07-27 15:20:00
17179,1507.26,6,625,2010-05-26 11:22:00,2011-06-14 16:48:00
18022,1507.25,5,1311,2010-06-11 13:59:00,2011-11-04 12:45:00
15110,1505.85,6,337,2010-08-11 15:49:00,2011-11-16 11:16:00
16450,1505.73,3,681,2010-02-21 15:46:00,2011-07-13 11:47:00
14802,1502.98,2,2,2010-09-27 16:32:00,2010-09-27 16:34:00
13810,1499.01,3,312,2011-10-14 12:57:00,2011-11-11 08:33:00
16714,1497.33,4,828,2010-02-07 11:17:00,2011-05-05 11:09:00
15590,1496.6,5,832,2010-04-12 10:09:00,2010-11-22 14:49:00
16340,1496.24,3,1319,2010-06-06 13:26:00,2011-08-24 14:53:00
15882,1495.98,8,814,2009-12-10 15:33:00,2011-05-25 11:35:00
15173,1494.6,7,840,2010-04-01 12:26:00,2010-11-24 10:21:00
14894,1492.81,3,603,2009-12-02 10:42:00,2011-09-15 13:51:00
16239,1492.2,6,692,2010-09-02 19:17:00,2011-10-14 08:29:00
16314,1491.4,3,636,2010-08-24 11:52:00,2010-11-15 12:06:00
18268,1490.23,6,711,2009-12-11 10:27:00,2011-07-28 19:13:00
13042,1488.59,3,812,2009-12-07 15:42:00,2010-04-20 13:43:00
17290,1487.96,8,1139,2009-12-13 13:28:00,2011-12-06 12:38:00
14609,1486.2,10,12720,2010-02-09 09:48:00,2011-09-28 12:54:00
15630,1481.4,3,987,2010-03-05 14:30:00,2011-10-25 15:36:00
15101,1477.94,6,676,2010-04-28 15:00:00,2011-12-01 10:18:00
14246,1474.06,3,804,2011-04-08 08:25:00,2011-08-21 11:50:00
17590,1468.02,3,822,2011-10-30 14:05:00,2011-12-07 12:55:00
13138,1467.24,7,718,2010-11-08 11:45:00,2011-11-17 16:51:00
13500,1466.3,4,838,2010-11-03 13:16:00,2011-11-16 15:35:00
16419,1463.7,8,701,2010-02-09 13:26:00,2011-08-19 12:33:00
12882,1463.04,2,246,2011-11-06 11:22:00,2011-11-30 16:18:00
16586,1462.78,3,348,2010-03-14 11:24:00,2011-04-05 09:32:00
17978,1460.91,4,1796,2009-12-08 13:27:00,2010-12-09 14:05:00
18196,1457.19,4,1038,2010-03-17 14:55:00,2011-09-05 16:22:00
15071,1455.56,4,416,2010-05-18 12:45:00,2011-09-07 11:43:00
16569,1455.23,5,988,2009-12-16 15:05:00,2011-12-06 15:32:00
12970,1453.6,10,954,2009-12-04 14:19:00,2011-12-02 14:30:00
13165,1451.16,3,1736,2010-10-22 17:04:00,2011-10-24 15:05:00
13361,1450.5,2,324,2010-04-01 07:49:00,2010-08-24 14:56:00
15574,1450.48,6,909,2010-09-01 14:37:00,2011-06-15 12:01:00
14657,1450.19,6,879,2010-09-30 19:57:00,2011-11-22 12:47:00
16121,1450.04,5,879,2010-05-23 10:52:00,2011-10-13 12:59:00
15876,1449.14,2,886,2010-09-17 15:26:00,2010-10-26 18:58:00
13023,1449.03,3,585,2010-06-29 09:51:00,2011-10-06 16:27:00
15076,1447.74,3,866,2010-07-05 14:11:00,2011-06-20 08:23:00
17582,1446.95,5,603,2010-03-26 12:23:00,2011-04-17 13:18:00
17073,1446.09,4,759,2011-08-22 14:37:00,2011-11-22 11:47:00
13583,1445.03,2,1097,2010-01-29 13:53:00,2011-07-07 10:40:00
15636,1444.58,4,560,2010-05-19 11:37:00,2011-09-11 11:17:00
17175,1443.69,4,866,2011-02-16 14:56:00,2011-10-26 15:31:00
17734,1442.32,6,741,2010-03-07 13:55:00,2011-10-17 12:33:00
18106,1441.06,6,506,2010-01-15 11:36:00,2011-01-14 12:23:00
18066,1440.4,3,535,2010-10-20 11:42:00,2011-09-25 15:30:00
13543,1439.61,2,329,2010-01-21 14:30:00,2010-03-15 13:34:00
14071,1437.57,8,994,2011-03-20 11:33:00,2011-12-06 12:27:00
16088,1437.43,2,373,2010-04-27 10:56:00,2010-05-13 10:16:00
13278,1435.85,4,1358,2010-04-08 11:59:00,2011-10-30 11:49:00
12805,1434.95,4,593,2010-02-03 09:06:00,2010-11-23 12:27:00
12389,1433.33,3,614,2010-02-22 10:15:00,2010-11-02 11:52:00
17941,1433.28,4,1108,2010-01-06 15:37:00,2011-08-01 08:30:00
13475,1431.78,4,1012,2011-02-14 12:36:00,2011-06-01 13:52:00
15427,1430.54,3,967,2011-10-23 14:47:00,2011-11-06 14:29:00
15468,1430.48,3,1400,2010-11-12 09:39:00,2011-10-19 13:49:00
14684,1430.03,6,1005,2010-11-14 14:07:00,2011-11-14 11:33:00
17950,1429.46,7,845,2010-01-04 17:39:00,2011-09-28 15:18:00
13159,1429.35,4,1058,2011-08-16 11:44:00,2011-12-01 11:20:00
18071,1428.63,6,835,2009-12-05 10:31:00,2011-03-27 11:59:00
14412,1426.19,3,1428,2010-10-11 12:33:00,2011-10-28 10:45:00
17411,1425.38,5,608,2009-12-03 12:02:00,2011-11-27 14:25:00
18221,1424.94,6,1000,2010-11-14 15:46:00,2011-11-17 14:40:00
13145,1423.52,7,266,2010-04-19 11:11:00,2011-10-31 12:45:00
16980,1422.83,3,990,2010-10-07 14:05:00,2011-03-29 16:36:00
17438,1422.77,5,553,2010-03-08 16:53:00,2011-03-31 10:26:00
15106,1422.52,5,1181,2011-03-15 12:52:00,2011-11-22 09:16:00
16463,1422.4,4,1163,2011-05-19 14:45:00,2011-11-18 14:01:00
14019,1421.61,3,1037,2011-07-24 15:39:00,2011-10-24 10:13:00
15799,1421.34,4,1341,2010-10-17 14:26:00,2011-09-25 12:46:00
14775,1418.46,3,1558,2010-12-02 16:38:00,2011-10-12 15:27:00
16173,1418.32,6,575,2011-09-02 15:23:00,2011-11-24 10:53:00
17856,1418.03,4,842,2011-03-03 11:40:00,2011-12-08 09:40:00
15223,1417.95,5,385,2009-12-05 11:19:00,2011-04-28 11:31:00
16245,1413.66,3,1014,2011-03-28 09:30:00,2011-11-16 10:14:00
17496,1412.89,4,675,2010-01-14 13:36:00,2010-12-16 08:39:00
15237,1412.32,4,1071,2011-04-26 15:04:00,2011-12-08 09:46:00
16848,1411.62,4,780,2010-10-03 11:01:00,2011-10-18 08:42:00
15444,1411.21,2,759,2011-10-30 16:12:00,2011-11-30 17:37:00
16906,1410.92,7,590,2010-05-13 13:23:00,2011-09-19 11:49:00
17714,1410.18,5,608,2010-07-14 10:41:00,2011-01-23 10:32:00
17545,1409.86,6,682,2010-05-11 10:04:00,2011-10-27 14:04:00
16854,1408.96,2,997,2010-03-09 14:32:00,2010-10-18 16:31:00
13049,1408.24,4,620,2010-11-03 15:39:00,2011-10-06 15:31:00
12695,1407.12,7,454,2010-02-12 13:22:00,2011-12-02 13:22:00
15652,1405.94,5,657,2010-08-11 16:58:00,2011-09-09 14:22:00
14909,1404.68,3,888,2010-02-14 15:47:00,2010-09-28 16:56:00
12765,1404.58,6,1009,2010-03-08 09:43:00,2010-08-24 13:51:00
18189,1403.73,3,836,2010-03-24 09:57:00,2011-09-23 12:40:00
15186,1403.2,5,716,2010-01-12 10:14:00,2011-11-25 14:58:00
13259,1402.54,9,503,2010-01-10 10:26:00,2011-10-09 10:48:00
14687,1402.06,3,850,2010-06-06 10:36:00,2011-08-25 11:59:00
16926,1399.86,5,232,2010-07-01 12:57:00,2010-12-03 13:42:00
18202,1396.99,3,581,2011-02-01 13:36:00,2011-05-24 12:12:00
16129,1396.05,3,1261,2010-07-20 12:32:00,2010-10-28 14:29:00
14487,1391.37,7,798,2010-11-25 13:36:00,2011-11-13 12:17:00
15322,1390.86,2,971,2010-08-20 13:10:00,2011-09-15 09:34:00
15141,1388.47,7,1197,2010-03-28 15:58:00,2010-09-08 11:33:00
12952,1387.79,4,653,2011-09-22 16:37:00,2011-12-04 10:35:00
13382,1387.58,5,863,2009-12-08 09:56:00,2011-03-04 10:03:00
16167,1386.12,5,1494,2009-12-01 10:46:00,2010-10-21 15:33:00
18167,1384.86,3,382,2011-08-26 11:40:00,2011-11-16 15:56:00
13572,1384.25,1,534,2011-05-18 11:59:00,2011-05-18 11:59:00
14116,1382.74,5,707,2011-08-10 12:44:00,2011-11-20 10:29:00
16389,1382.07,4,1242,2011-03-01 15:47:00,2011-10-17 14:41:00
14861,1380.73,10,1076,2009-12-08 12:12:00,2011-10-18 12:54:00
15751,1380.44,11,443,2009-12-06 13:08:00,2010-09-05 12:44:00
13821,1379.08,6,477,2010-01-04 13:36:00,2011-07-18 09:49:00
17878,1378.93,3,1014,2010-11-09 13:50:00,2011-10-27 11:24:00
13074,1378.74,4,826,2009-12-16 11:46:00,2010-07-16 16:53:00
12886,1378.4,2,770,2011-05-04 11:21:00,2011-10-03 10:09:00
16727,1377.77,4,1066,2010-01-20 10:48:00,2010-12-10 13:48:00
14853,1376.87,5,345,2010-04-13 09:26:00,2011-11-15 16:56:00
14662,1376.43,7,907,2009-12-03 16:47:00,2011-11-11 12:13:00
14083,1376.2,11,912,2009-12-18 11:34:00,2011-12-05 13:14:00
15580,1375.39,8,955,2010-02-07 11:21:00,2010-11-28 11:00:00
17908,1374.5,5,839,2009-12-14 12:24:00,2010-12-01 11:45:00
14265,1373.35,4,715,2010-04-06 14:39:00,2011-08-22 13:32:00
14434,1372.8,6,368,2011-09-28 15:31:00,2011-11-18 08:56:00
15453,1371.77,7,837,2011-06-05 12:37:00,2011-12-08 10:59:00
14538,1370.84,5,284,2010-01-25 15:42:00,2011-10-06 10:31:00
14316,1370.34,5,4494,2010-03-19 15:18:00,2010-10-13 16:31:00
12533,1367.89,2,704,2009-12-01 11:50:00,2010-03-22 10:56:00
16300,1367.32,3,643,2010-02-02 11:40:00,2010-10-05 13:14:00
13035,1364.2,3,926,2010-10-04 15:41:00,2011-09-27 08:57:00
14577,1364.15,7,569,2009-12-11 12:09:00,2011-11-27 12:47:00
14114,1364.09,7,650,2010-04-12 11:07:00,2011-03-11 09:42:00
13760,1363.64,5,623,2010-04-25 13:10:00,2011-10-16 16:13:00
15347,1363.6,4,672,2010-09-28 12:50:00,2010-12-08 15:25:00
16588,1361.28,4,882,2010-05-14 13:43:00,2010-11-18 17:56:00
13396,1360.99,2,600,2011-01-24 13:37:00,2011-11-10 16:59:00
13919,1360.68,4,1133,2010-06-17 09:30:00,2011-10-11 14:24:00
16384,1358.95,4,861,2010-04-28 14:01:00,2011-09-11 11:19:00
17150,1357.95,6,397,2009-12-06 10:51:00,2010-11-28 11:27:00
17429,1357.46,5,1286,2010-10-06 12:30:00,2011-08-03 13:22:00
12875,1356.99,5,5187,2010-01-11 12:37:00,2011-07-19 15:30:00
17054,1356.33,5,804,2011-04-08 13:14:00,2011-11-11 12:56:00
15116,1352.75,4,648,2011-05-19 08:50:00,2011-11-22 12:25:00
16079,1352.0,3,864,2011-10-30 13:06:00,2011-11-23 12:48:00
17796,1351.04,7,375,2010-10-14 13:37:00,2011-10-30 15:38:00
16367,1350.48,3,1103,2010-11-21 13:23:00,2011-11-02 13:13:00
14847,1348.95,3,533,2010-05-24 12:29:00,2011-07-14 10:52:00
15411,1348.93,4,529,2011-06-10 12:30:00,2011-11-13 15:19:00
16669,1348.88,3,881,2011-09-22 14:13:00,2011-11-16 12:26:00
12646,1346.97,2,897,2011-10-21 12:52:00,2011-12-05 10:14:00
14320,1346.75,5,713,2010-01-21 11:44:00,2011-05-17 09:24:00
13639,1346.27,2,997,2010-09-29 10:05:00,2011-09-26 13:36:00
15398,1345.53,2,769,2011-09-22 14:56:00,2011-11-23 16:47:00
12426,1345.21,2,584,2010-02-15 08:41:00,2011-05-29 12:26:00
14550,1345.06,4,771,2010-08-13 12:05:00,2011-11-29 12:12:00
12463,1344.78,4,776,2011-04-12 12:47:00,2011-10-17 13:44:00
15154,1343.72,3,333,2010-08-18 17:41:00,2011-09-25 16:05:00
14618,1342.32,7,704,2010-06-11 10:11:00,2011-11-30 13:45:00
13743,1341.6,7,1776,2011-03-25 14:46:00,2011-12-07 10:09:00
17499,1341.39,2,1086,2010-05-27 09:59:00,2011-02-23 09:14:00
12620,1339.41,3,1181,2011-05-19 12:10:00,2011-11-25 10:20:00
12711,1339.05,2,770,2010-02-01 11:30:00,2010-04-07 11:59:00
12591,1338.95,3,653,2010-10-27 10:42:00,2011-01-26 14:35:00
13803,1338.91,3,831,2010-03-31 10:00:00,2011-03-29 12:57:00
13220,1336.09,5,396,2010-05-13 10:35:00,2011-09-22 13:38:00
12919,1335.19,6,673,2011-06-23 09:22:00,2011-12-01 13:47:00
17033,1332.79,4,871,2010-11-07 12:55:00,2011-09-14 14:34:00
17932,1331.57,3,789,2011-05-12 13:58:00,2011-11-10 19:49:00
14899,1331.38,1,570,2010-11-09 15:20:00,2010-11-09 15:20:00
16295,1328.55,4,841,2011-10-06 10:45:00,2011-11-30 08:17:00
13232,1328.35,7,773,2011-04-10 13:48:00,2011-11-27 10:39:00
14712,1328.07,4,411,2010-10-17 14:49:00,2011-11-10 12:59:00
15146,1327.16,2,1473,2011-02-21 13:07:00,2011-06-28 12:09:00
14956,1325.0,1,2500,2010-10-14 16:40:00,2010-10-14 16:40:00
12960,1322.07,4,1379,2010-02-16 13:32:00,2010-10-22 09:31:00
13497,1320.33,6,579,2010-02-08 10:27:00,2011-03-02 09:04:00
14591,1320.21,4,1228,2011-05-10 14:09:00,2011-11-24 13:57:00
17097,1318.08,9,649,2010-10-05 14:09:00,2011-12-07 17:05:00
12526,1316.66,3,632,2011-09-06 14:19:00,2011-12-09 12:09:00
14921,1316.07,2,953,2011-05-22 12:51:00,2011-11-09 13:17:00
14511,1314.81,5,784,2011-07-29 12:13:00,2011-11-28 17:05:00
14973,1314.45,3,369,2011-04-28 12:22:00,2011-08-24 15:51:00
16296,1313.67,4,645,2009-12-18 12:03:00,2010-03-23 13:11:00
13282,1313.19,4,410,2010-10-29 14:11:00,2011-11-21 15:33:00
12364,1313.1,4,1506,2011-08-19 15:24:00,2011-12-02 10:22:00
12639,1312.37,3,631,2010-03-22 09:05:00,2011-04-15 12:48:00
16756,1312.37,7,707,2010-03-09 15:56:00,2011-05-09 09:33:00
12987,1312.21,5,585,2010-01-20 09:57:00,2011-09-27 12:03:00
17027,1310.63,9,645,2009-12-10 12:10:00,2011-09-22 12:24:00
13855,1310.34,4,575,2009-12-08 16:56:00,2010-07-27 09:53:00
16955,1309.41,6,823,2010-01-31 11:38:00,2011-06-08 10:36:00
12717,1308.91,3,600,2010-04-28 14:34:00,2011-07-11 14:47:00
13328,1308.48,1,680,2011-01-27 15:22:00,2011-01-27 15:22:00
16377,1308.48,2,2928,2010-04-01 10:36:00,2011-03-17 15:41:00
13846,1307.79,4,705,2010-11-05 09:47:00,2011-11-15 12:07:00
16282,1307.58,3,790,2009-12-21 11:52:00,2011-01-04 11:42:00
16894,1306.96,3,503,2010-06-22 14:21:00,2010-07-25 15:43:00
15677,1305.63,3,675,2010-09-02 12:08:00,2011-10-21 15:36:00
14297,1305.33,4,865,2011-03-10 08:31:00,2011-11-22 09:06:00
15813,1303.91,2,603,2011-04-14 09:09:00,2011-05-16 08:13:00
15400,1302.3,8,662,2010-05-28 08:33:00,2011-09-08 13:57:00
16370,1301.91,4,640,2011-04-28 16:40:00,2011-09-18 15:55:00
16574,1301.78,3,1002,2010-02-19 11:46:00,2011-09-29 13:39:00
15108,1300.25,4,499,2011-04-26 10:54:00,2011-07-21 10:24:00
14284,1299.65,3,510,2010-02-24 12:06:00,2011-11-09 08:11:00
14480,1299.52,4,670,2009-12-21 16:32:00,2011-11-28 16:35:00
16943,1299.49,5,147,2010-03-25 13:34:00,2011-05-12 11:57:00
14479,1299.11,4,620,2009-12-06 13:48:00,2011-03-31 09:07:00
12488,1298.66,3,529,2011-09-25 10:34:00,2011-11-30 08:50:00
16464,1298.66,3,952,2011-07-20 13:53:00,2011-11-20 12:11:00
12372,1298.04,3,794,2011-02-16 12:46:00,2011-09-29 12:12:00
18286,1296.43,2,608,2009-12-16 10:45:00,2010-08-20 11:57:00
16929,1295.39,7,929,2011-07-07 12:39:00,2011-12-06 08:37:00
13440,1295.25,7,573,2010-09-14 10:34:00,2010-10-12 13:11:00
16212,1293.71,4,571,2010-02-07 15:26:00,2011-11-20 13:00:00
15621,1293.03,4,501,2011-11-18 11:49:00,2011-12-05 14:01:00
16777,1292.18,5,470,2010-03-17 12:42:00,2011-09-20 13:41:00
15471,1292.01,3,670,2010-06-07 12:17:00,2011-12-07 14:12:00
16744,1291.91,7,798,2011-06-19 15:13:00,2011-11-28 13:06:00
17109,1291.71,8,788,2010-07-30 12:42:00,2011-11-10 16:59:00
14619,1291.24,2,594,2010-06-16 14:41:00,2011-04-08 07:37:00
14856,1290.53,3,711,2011-10-14 09:35:00,2011-11-03 14:53:00
16372,1290.31,5,722,2010-04-11 15:20:00,2011-11-06 13:08:00
15171,1289.5,1,290,2011-01-12 15:36:00,2011-01-12 15:36:00
14679,1289.44,3,794,2009-12-08 17:13:00,2010-11-23 11:51:00
15774,1288.34,6,465,2010-02-21 12:57:00,2011-10-02 12:04:00
15136,1286.7,4,776,2011-09-04 16:05:00,2011-12-07 12:26:00
16608,1286.62,2,612,2010-02-14 11:57:00,2010-09-12 11:44:00
16949,1286.27,6,791,2011-01-27 12:11:00,2011-12-06 11:07:00
13300,1285.51,3,455,2010-05-14 15:56:00,2011-06-23 13:09:00
14821,1278.95,7,479,2010-02-01 13:33:00,2010-12-08 08:43:00
13617,1278.75,8,593,2010-08-01 15:23:00,2011-10-30 13:50:00
17521,1278.06,5,806,2010-10-01 11:49:00,2011-11-10 11:22:00
16951,1277.75,3,1318,2011-02-08 14:58:00,2011-07-28 12:05:00
15211,1277.48,2,357,2010-12-09 16:08:00,2011-10-10 13:31:00
14478,1276.66,4,1226,2009-12-01 13:20:00,2010-11-22 15:29:00
17034,1276.42,5,694,2010-07-14 12:55:00,2011-11-23 15:14:00
13916,1275.81,4,673,2010-02-02 10:06:00,2010-09-02 10:04:00
17142,1275.25,4,322,2010-01-24 15:23:00,2011-04-14 18:22:00
14820,1274.76,9,724,2010-01-31 12:49:00,2011-11-18 15:41:00
15809,1274.44,7,700,2010-06-22 14:23:00,2011-11-03 16:40:00
14167,1274.29,8,340,2010-01-27 16:07:00,2011-10-31 14:29:00
14490,1273.47,2,933,2010-10-07 11:36:00,2010-10-29 15:04:00
13443,1273.16,6,805,2010-01-31 13:30:00,2010-09-17 12:31:00
17478,1272.8,2,516,2010-03-16 14:19:00,2010-10-27 15:01:00
12394,1272.48,2,819,2011-05-06 14:01:00,2011-10-07 08:08:00
16222,1272.05,2,463,2009-12-18 14:31:00,2011-01-25 13:38:00
12630,1270.88,2,548,2011-10-27 10:41:00,2011-11-30 10:48:00
13492,1269.84,3,408,2011-05-09 10:06:00,2011-07-26 14:25:00
15439,1269.05,4,572,2010-02-24 12:05:00,2010-10-31 10:38:00
15584,1268.2,6,483,2010-02-07 12:16:00,2011-11-16 10:55:00
13892,1267.65,6,3125,2010-05-13 10:32:00,2011-11-13 11:50:00
17037,1267.32,1,656,2011-09-13 12:49:00,2011-09-13 12:49:00
17531,1266.82,3,472,2010-03-31 12:57:00,2011-06-02 19:17:00
13515,1265.82,6,819,2010-03-05 11:58:00,2011-09-28 11:26:00
17635,1265.58,3,770,2010-04-28 10:51:00,2010-10-11 15:12:00
15038,1265.41,9,424,2010-10-10 14:35:00,2011-10-12 11:33:00
14379,1265.16,4,712,2010-08-16 15:31:00,2011-10-26 16:43:00
16842,1264.19,3,693,2011-02-10 14:51:00,2011-08-31 10:42:00
14427,1263.52,4,538,2010-03-18 09:49:00,2011-10-20 14:23:00
17759,1261.88,5,965,2010-05-05 11:40:00,2011-11-22 16:02:00
13065,1260.91,5,455,2010-06-10 11:44:00,2010-12-01 16:52:00
16688,1260.86,4,804,2011-10-10 12:23:00,2011-12-08 15:24:00
14984,1260.51,6,348,2010-01-11 13:22:00,2011-11-20 14:28:00
18035,1260.23,5,1134,2010-11-19 13:42:00,2011-11-04 12:39:00
17343,1259.94,6,454,2009-12-03 18:30:00,2010-12-19 15:07:00
12993,1259.63,8,751,2010-02-18 10:35:00,2011-11-16 15:49:00
13689,1259.5,2,722,2010-09-21 10:27:00,2011-10-07 13:21:00
15009,1259.43,3,639,2011-11-14 17:40:00,2011-11-27 13:35:00
15651,1259.06,5,871,2010-04-22 13:26:00,2011-11-03 08:41:00
14474,1258.89,2,448,2010-05-09 12:12:00,2011-10-24 13:26:00
14931,1257.68,5,417,2011-04-13 09:32:00,2011-12-05 10:19:00
12402,1256.9,6,584,2010-02-07 12:41:00,2011-01-20 13:49:00
17481,1255.59,4,1061,2011-09-07 09:57:00,2011-12-06 12:28:00
17862,1254.89,4,440,2010-05-25 17:22:00,2011-01-20 12:23:00
14419,1254.64,7,552,2010-11-22 11:09:00,2011-11-29 11:22:00
15064,1254.41,4,810,2009-12-22 16:17:00,2010-10-25 14:32:00
15441,1254.21,3,587,2009-12-09 14:55:00,2010-11-08 15:50:00
15664,1254.03,4,530,2010-02-28 12:50:00,2011-10-20 10:57:00
16292,1253.76,5,688,2010-04-14 13:29:00,2011-08-10 12:24:00
14725,1252.74,4,1335,2010-06-23 11:34:00,2011-11-15 12:42:00
15579,1250.63,5,713,2010-10-03 14:37:00,2011-10-02 12:45:00
15599,1250.06,3,1098,2010-09-20 10:15:00,2011-11-13 11:44:00
18135,1249.62,10,753,2010-03-15 13:55:00,2011-11-10 19:32:00
14020,1249.01,4,648,2010-06-28 15:29:00,2011-11-23 09:22:00
12666,1248.42,1,370,2010-11-10 16:40:00,2010-11-10 16:40:00
14383,1247.69,3,817,2011-06-29 10:18:00,2011-11-01 15:53:00
12689,1247.61,2,628,2011-08-04 10:04:00,2011-11-14 08:31:00
14240,1247.49,3,655,2010-10-12 12:48:00,2011-11-09 13:45:00
13860,1245.9,5,591,2011-09-14 09:27:00,2011-12-08 12:57:00
17076,1242.75,6,514,2009-12-04 12:12:00,2011-11-03 17:53:00
17529,1240.25,2,790,2010-01-11 12:29:00,2010-04-08 17:51:00
13863,1239.55,4,553,2010-04-25 13:09:00,2011-04-06 10:20:00
12985,1239.38,2,1533,2011-11-11 12:44:00,2011-12-09 10:46:00
14231,1235.62,4,610,2010-09-15 09:52:00,2011-06-09 11:05:00
13201,1233.06,4,1036,2010-03-07 11:01:00,2010-07-25 14:30:00
12605,1232.95,4,929,2010-09-07 14:21:00,2010-11-28 14:18:00
16527,1232.94,2,708,2010-10-11 13:25:00,2011-09-19 16:21:00
16159,1232.79,4,635,2009-12-03 11:51:00,2011-03-03 12:27:00
18080,1231.5,2,642,2011-04-11 10:10:00,2011-11-21 08:02:00
16723,1231.36,4,958,2009-12-04 13:23:00,2011-09-09 13:01:00
12673,1230.02,3,700,2010-11-03 10:46:00,2011-12-04 13:55:00
13019,1229.95,6,397,2009-12-06 15:40:00,2010-11-25 14:56:00
14871,1228.17,9,446,2009-12-01 11:57:00,2011-12-06 13:42:00
17342,1227.54,4,521,2010-02-08 09:16:00,2010-11-25 11:07:00
12866,1227.35,3,553,2010-07-25 11:37:00,2011-03-01 14:11:00
15800,1227.07,7,575,2010-03-31 13:17:00,2011-08-24 14:23:00
17456,1225.42,2,730,2010-09-09 15:28:00,2010-12-09 15:23:00
15269,1225.36,3,372,2010-11-14 12:58:00,2011-11-16 09:32:00
15303,1224.18,3,514,2010-01-25 09:42:00,2011-02-22 13:59:00
14428,1224.06,5,428,2011-01-18 16:39:00,2011-12-02 13:17:00
13787,1222.5,6,998,2010-01-14 10:13:00,2011-09-25 12:06:00
16946,1222.04,5,509,2010-03-02 10:49:00,2010-11-21 14:06:00
15376,1221.56,3,615,2011-05-01 13:45:00,2011-10-30 15:04:00
17132,1220.91,2,963,2010-08-08 13:49:00,2010-09-13 16:31:00
14430,1220.9,3,446,2010-04-11 15:59:00,2010-07-16 11:35:00
15004,1220.77,1,623,2011-07-15 14:05:00,2011-07-15 14:05:00
13243,1220.38,5,554,2010-03-18 13:10:00,2011-05-20 13:14:00
13299,1218.7,3,416,2010-06-29 11:30:00,2011-03-16 12:55:00
13304,1217.99,4,716,2010-02-08 12:42:00,2010-12-23 14:35:00
14698,1217.27,5,602,2011-10-19 12:54:00,2011-12-08 12:26:00
15390,1216.66,2,894,2010-10-26 17:23:00,2010-11-08 15:19:00
14512,1215.97,7,736,2009-12-07 13:49:00,2011-06-05 12:39:00
15661,1215.95,8,779,2010-05-10 07:59:00,2011-01-26 13:56:00
17410,1214.72,5,616,2011-05-08 15:21:00,2011-11-23 15:46:00
17198,1213.88,3,599,2010-12-03 14:54:00,2011-11-16 10:39:00
13405,1213.81,6,855,2009-12-15 14:13:00,2011-09-26 17:01:00
13140,1213.18,5,646,2010-08-05 19:05:00,2011-08-23 15:33:00
18263,1213.16,3,1468,2011-04-01 11:48:00,2011-11-14 09:00:00
16872,1213.13,6,1079,2010-09-02 17:36:00,2011-09-23 16:05:00
13918,1212.84,2,1140,2011-03-31 18:05:00,2011-10-21 12:25:00
16653,1212.66,2,733,2011-09-29 13:38:00,2011-11-23 14:51:00
12464,1212.05,8,112,2011-02-03 13:30:00,2011-11-29 13:33:00
15377,1211.75,4,253,2010-10-20 11:42:00,2010-11-22 08:55:00
14193,1210.19,3,653,2010-11-08 12:31:00,2011-10-03 09:34:00
17653,1207.56,4,1409,2011-08-11 15:24:00,2011-11-03 12:46:00
16830,1207.5,4,699,2009-12-13 12:11:00,2011-11-01 11:35:00
18193,1207.35,3,926,2010-09-23 13:33:00,2011-06-27 13:58:00
16762,1207.24,3,480,2011-07-18 12:52:00,2011-11-20 11:43:00
12742,1201.52,1,1359,2010-03-24 12:43:00,2010-03-24 12:43:00
17360,1200.51,6,624,2010-10-01 12:07:00,2011-11-22 13:11:00
14446,1200.28,5,1091,2010-11-18 12:08:00,2011-12-09 11:34:00
15181,1200.2,5,688,2009-12-08 19:02:00,2011-10-04 13:58:00
15600,1199.31,4,657,2010-04-25 11:50:00,2010-10-07 14:30:00
17397,1198.28,3,691,2010-10-19 13:20:00,2011-11-17 14:08:00
17713,1198.09,4,989,2010-06-09 09:33:00,2010-11-22 16:50:00
16307,1194.92,3,1123,2010-05-11 14:40:00,2010-10-06 14:31:00
15145,1194.73,4,756,2011-04-05 15:20:00,2011-12-05 17:21:00
13723,1194.08,6,593,2010-04-07 14:32:00,2011-05-06 17:04:00
14382,1193.63,2,1667,2010-11-14 16:32:00,2011-11-13 16:18:00
14201,1193.54,10,806,2010-04-30 13:00:00,2011-10-10 13:27:00
12611,1193.32,1,846,2011-10-18 13:12:00,2011-10-18 13:12:00
13293,1192.94,6,555,2010-02-09 12:05:00,2010-11-12 13:28:00
16306,1192.82,7,742,2010-10-01 09:36:00,2011-05-10 12:12:00
13976,1192.36,4,452,2010-02-09 13:08:00,2011-05-17 09:13:00
14213,1192.2,1,244,2010-10-31 10:37:00,2010-10-31 10:37:00
16501,1191.23,1,628,2010-11-21 14:10:00,2010-11-21 14:10:00
13882,1191.13,5,953,2011-10-06 15:28:00,2011-12-07 11:16:00
16471,1189.98,4,670,2010-02-25 10:07:00,2011-03-10 09:41:00
12462,1189.59,2,536,2011-02-09 14:44:00,2011-11-21 09:11:00
17239,1189.45,4,515,2010-07-01 10:53:00,2011-01-31 09:41:00
14275,1189.38,6,538,2010-04-11 12:32:00,2010-11-09 09:06:00
18057,1188.46,3,970,2010-01-18 12:42:00,2010-11-11 16:55:00
15573,1188.42,5,770,2009-12-10 14:19:00,2011-11-08 11:38:00
18181,1188.34,5,510,2009-12-04 15:30:00,2011-11-15 15:08:00
15737,1188.12,8,597,2011-04-11 10:01:00,2011-11-25 11:21:00
17800,1187.21,9,732,2011-01-09 13:50:00,2011-11-02 12:57:00
13388,1185.65,3,701,2010-04-15 10:18:00,2011-07-31 12:52:00
18060,1185.46,2,902,2010-05-24 08:34:00,2010-10-27 16:41:00
14206,1185.01,3,930,2010-11-02 11:37:00,2011-04-14 16:38:00
15259,1182.38,4,631,2010-01-26 09:41:00,2010-07-15 08:47:00
17021,1182.22,6,992,2010-04-29 20:05:00,2010-09-23 20:01:00
13526,1182.0,2,1911,2009-12-01 12:56:00,2009-12-01 13:13:00
13395,1180.23,3,1660,2010-10-14 13:00:00,2011-06-07 15:04:00
18277,1180.05,5,449,2010-08-02 10:26:00,2011-10-12 15:22:00
13270,1180.0,1,400,2010-12-08 14:53:00,2010-12-08 14:53:00
17058,1179.89,3,592,2011-04-14 09:18:00,2011-09-19 10:13:00
16614,1179.79,3,349,2010-05-10 15:18:00,2011-06-10 11:36:00
16693,1179.48,5,658,2010-02-21 12:42:00,2011-10-02 11:10:00
13797,1179.45,3,573,2010-03-02 12:17:00,2010-09-29 10:34:00
17062,1179.14,6,890,2010-09-26 11:57:00,2011-01-30 11:01:00
16345,1178.79,2,611,2010-08-13 17:13:00,2011-10-26 16:03:00
18025,1177.72,6,1053,2010-03-30 17:33:00,2010-11-25 12:37:00
17539,1176.84,4,708,2009-12-13 12:36:00,2010-04-01 12:07:00
13233,1176.46,4,1604,2010-01-14 14:10:00,2011-09-26 13:25:00
15210,1176.19,3,841,2010-05-13 14:42:00,2011-04-28 16:11:00
14370,1175.78,6,266,2010-02-01 08:35:00,2010-09-15 10:53:00
15994,1175.68,3,462,2010-03-14 11:55:00,2011-10-16 12:28:00
12885,1175.22,3,655,2011-08-08 11:45:00,2011-10-07 13:40:00
15068,1174.9,4,832,2010-03-28 13:18:00,2011-10-24 14:47:00
12915,1174.75,4,452,2010-04-29 19:36:00,2011-07-14 11:34:00
12640,1174.58,3,311,2011-09-19 12:01:00,2011-11-16 11:52:00
14126,1172.46,4,887,2010-09-21 14:51:00,2011-12-02 11:45:00
12691,1170.4,7,445,2010-10-15 12:00:00,2011-11-11 16:49:00
17373,1167.5,7,738,2010-02-28 14:17:00,2011-10-30 15:28:00
17664,1166.23,4,1058,2010-03-29 17:17:00,2011-11-21 11:29:00
14693,1165.36,7,388,2010-07-02 08:28:00,2011-03-20 12:50:00
15525,1165.15,4,640,2010-11-22 12:10:00,2011-12-07 14:43:00
14261,1163.45,2,406,2011-09-22 10:47:00,2011-10-20 10:04:00
16800,1162.65,1,524,2011-11-28 14:06:00,2011-11-28 14:06:00
17525,1161.9,3,338,2010-10-07 09:12:00,2010-12-15 12:05:00
12546,1161.5,2,633,2011-09-23 09:44:00,2011-10-24 12:09:00
12972,1161.2,4,844,2010-02-16 14:30:00,2010-10-22 08:41:00
13897,1160.72,3,820,2010-01-31 13:48:00,2011-10-20 14:30:00
13459,1160.41,2,986,2010-01-26 13:35:00,2010-03-25 10:24:00
15088,1160.07,2,460,2011-10-03 14:05:00,2011-11-18 13:14:00
13601,1159.99,4,957,2010-06-11 15:03:00,2011-10-25 17:31:00
16838,1159.61,4,509,2010-02-14 15:27:00,2011-05-26 13:13:00
13499,1159.11,5,1365,2011-03-15 08:52:00,2011-11-22 11:21:00
17513,1158.8,3,440,2010-08-17 15:08:00,2011-09-28 16:42:00
16184,1158.79,6,561,2011-05-12 13:33:00,2011-10-06 17:43:00
17169,1156.73,3,671,2010-05-10 13:00:00,2011-10-13 10:25:00
14788,1156.32,3,719,2010-04-22 18:16:00,2011-12-02 17:06:00
17127,1155.03,5,340,2009-12-04 15:18:00,2010-10-07 09:54:00
13030,1154.8,2,522,2010-12-06 14:31:00,2011-11-28 14:30:00
16637,1154.47,4,927,2011-04-28 10:20:00,2011-11-07 13:17:00
13462,1153.85,5,697,2009-12-14 09:48:00,2011-04-01 11:20:00
14818,1153.56,6,543,2010-03-02 12:48:00,2011-09-27 11:01:00
17984,1152.19,5,939,2009-12-01 11:51:00,2011-07-17 15:59:00
14475,1151.15,4,541,2010-10-27 09:20:00,2011-09-29 10:46:00
12475,1149.64,2,771,2010-10-26 08:49:00,2011-10-17 10:10:00
12710,1149.02,3,851,2011-05-22 14:05:00,2011-09-04 12:00:00
15028,1148.91,6,792,2010-11-10 14:32:00,2011-12-01 14:06:00
14308,1147.02,2,2,2010-06-08 16:39:00,2010-06-08 16:48:00
16766,1145.6,2,536,2011-03-11 13:34:00,2011-03-11 15:22:00
17477,1144.3,2,225,2010-03-02 11:53:00,2010-04-06 10:06:00
12769,1143.6,1,356,2011-04-15 10:25:00,2011-04-15 10:25:00
14585,1143.27,5,630,2010-10-19 12:17:00,2011-10-20 14:33:00
17770,1143.27,5,365,2011-03-02 13:35:00,2011-05-25 12:34:00
17201,1143.1,4,1004,2010-02-10 12:26:00,2011-10-17 11:55:00
12439,1142.88,2,478,2009-12-14 08:40:00,2010-01-26 12:11:00
13856,1142.03,11,1105,2010-03-30 15:40:00,2011-06-24 10:03:00
16270,1141.24,1,688,2010-12-21 14:26:00,2010-12-21 14:26:00
16521,1140.11,3,1014,2010-03-01 13:22:00,2010-10-20 13:09:00
15586,1139.1,3,1338,2010-01-08 10:02:00,2010-04-26 11:00:00
17500,1138.0,3,17,2011-11-10 09:08:00,2011-11-22 14:25:00
15879,1137.8,4,639,2009-12-17 19:54:00,2010-10-31 16:21:00
17302,1135.63,5,575,2011-02-07 10:14:00,2011-11-25 09:36:00
17866,1134.95,3,535,2009-12-14 16:01:00,2011-07-20 11:07:00
13109,1134.03,3,757,2010-06-06 12:59:00,2011-10-11 10:16:00
15022,1133.44,5,640,2010-01-31 16:02:00,2011-11-28 12:35:00
16989,1133.25,6,1233,2011-07-12 09:11:00,2011-12-02 16:39:00
18125,1131.75,4,800,2011-01-27 15:02:00,2011-11-10 12:29:00
15500,1131.56,4,572,2011-09-19 13:47:00,2011-12-01 13:47:00
13393,1131.45,4,662,2009-12-07 18:12:00,2010-05-05 09:34:00
12616,1131.1,3,498,2010-11-16 11:38:00,2011-09-05 15:17:00
15695,1131.04,4,484,2010-01-27 10:56:00,2011-03-18 08:32:00
17622,1130.21,2,379,2010-04-20 13:38:00,2010-04-21 12:36:00
12427,1129.3,3,612,2010-12-03 10:44:00,2011-11-18 08:56:00
13447,1129.14,3,584,2011-11-04 10:10:00,2011-11-16 13:38:00
14450,1128.44,7,522,2010-04-08 12:09:00,2011-06-12 10:46:00
12373,1127.65,3,516,2010-02-04 12:08:00,2011-02-01 13:10:00
14671,1127.45,2,571,2010-05-20 18:21:00,2010-06-08 13:39:00
15969,1127.05,5,223,2010-07-05 13:10:00,2011-12-07 11:06:00
12503,1126.0,1,561,2010-05-04 13:59:00,2010-05-04 13:59:00
13167,1125.15,5,1007,2010-11-14 12:58:00,2011-11-21 12:24:00
13778,1124.49,4,511,2010-05-23 13:34:00,2011-08-28 15:25:00
14917,1123.75,2,891,2010-04-22 09:44:00,2010-04-22 11:28:00
17492,1122.42,3,450,2010-07-09 13:27:00,2011-04-05 15:21:00
13486,1122.41,3,669,2011-07-07 17:19:00,2011-09-22 13:13:00
17562,1122.38,7,817,2011-06-19 13:06:00,2011-11-25 14:21:00
18218,1121.84,4,1028,2010-02-17 15:11:00,2011-05-12 12:53:00
13368,1121.5,4,606,2010-10-12 10:43:00,2011-03-28 09:59:00
13589,1120.74,6,293,2009-12-06 10:26:00,2011-11-25 12:10:00
17007,1120.1,7,717,2010-09-28 13:51:00,2011-10-20 10:47:00
16354,1119.46,5,592,2010-04-27 13:33:00,2011-10-07 14:28:00
17423,1118.95,3,790,2010-11-11 12:26:00,2011-10-24 13:36:00
16430,1117.94,7,307,2010-01-27 12:45:00,2011-10-13 14:47:00
17788,1117.9,2,211,2011-08-02 10:38:00,2011-09-27 10:09:00
16278,1117.84,3,342,2010-07-28 15:40:00,2011-08-31 17:12:00
16769,1117.05,4,295,2009-12-14 11:10:00,2011-03-24 13:41:00
14080,1115.68,5,268,2009-12-02 15:01:00,2011-11-07 11:09:00
13509,1114.72,8,1214,2010-07-20 12:10:00,2011-12-01 10:10:00
16203,1114.54,6,607,2010-07-23 13:09:00,2011-10-12 12:31:00
14672,1113.14,4,646,2010-01-28 11:33:00,2011-04-19 10:19:00
12679,1113.02,4,554,2011-03-01 12:26:00,2011-10-12 12:30:00
12648,1112.0,4,518,2010-01-07 18:38:00,2011-07-08 11:55:00
16139,1111.15,5,602,2009-12-03 13:51:00,2011-11-21 08:37:00
16702,1110.83,4,692,2009-12-07 16:40:00,2010-10-20 14:10:00
15069,1109.53,1,520,2011-06-13 14:16:00,2011-06-13 14:16:00
15559,1109.4,1,526,2010-05-20 14:06:00,2010-05-20 14:06:00
15828,1108.82,1,367,2010-11-29 16:41:00,2010-11-29 16:41:00
15933,1107.46,3,885,2011-09-14 12:05:00,2011-11-18 13:14:00
14375,1106.82,3,647,2010-06-16 14:34:00,2011-06-07 13:44:00
14891,1106.73,4,788,2010-09-29 12:41:00,2011-07-14 18:08:00
14102,1105.88,5,769,2011-10-26 12:46:00,2011-12-04 15:38:00
17812,1105.29,7,571,2010-06-27 13:34:00,2011-11-27 11:47:00
12434,1103.43,3,532,2010-11-23 13:38:00,2011-09-16 12:38:00
16895,1102.9,5,421,2010-02-12 11:07:00,2011-10-06 12:15:00
13295,1101.97,4,733,2010-05-12 09:13:00,2010-12-15 11:21:00
14948,1101.97,6,673,2011-05-04 14:52:00,2011-11-16 17:16:00
12785,1100.4,3,453,2009-12-08 13:56:00,2010-12-10 13:48:00
16014,1100.28,5,462,2010-01-31 12:43:00,2011-11-02 12:04:00
14009,1099.91,3,951,2010-09-03 12:08:00,2011-05-25 15:47:00
17137,1099.81,6,680,2010-01-31 12:27:00,2010-10-19 14:51:00
12421,1098.6,6,652,2010-07-22 13:57:00,2011-11-24 09:07:00
13108,1098.52,2,1043,2010-09-30 17:09:00,2010-12-02 10:35:00
16916,1098.45,4,751,2010-10-20 12:56:00,2011-11-16 12:08:00
14971,1097.98,3,639,2011-10-27 13:33:00,2011-11-04 17:07:00
13835,1095.27,7,520,2010-03-04 08:26:00,2011-11-14 15:37:00
17703,1094.84,4,897,2010-10-17 16:16:00,2011-11-04 15:51:00
15745,1094.59,4,421,2011-04-17 13:04:00,2011-11-20 13:45:00
14460,1093.5,9,1879,2009-12-15 19:06:00,2011-08-21 14:19:00
12803,1092.81,1,872,2010-11-11 14:57:00,2010-11-11 14:57:00
17726,1092.06,7,444,2010-01-26 14:58:00,2010-11-09 13:37:00
14199,1091.7,4,254,2010-06-27 12:13:00,2011-05-05 13:44:00
16805,1091.34,5,1120,2009-12-08 14:29:00,2011-06-19 11:23:00
16211,1090.59,3,519,2010-09-27 15:24:00,2011-09-12 12:11:00
13853,1090.14,1,312,2011-10-13 14:18:00,2011-10-13 14:18:00
12534,1089.18,1,651,2011-08-01 10:26:00,2011-08-01 10:26:00
15254,1088.35,3,711,2010-05-28 10:08:00,2011-08-04 15:04:00
16188,1087.66,5,838,2010-10-27 11:50:00,2011-10-26 12:19:00
16223,1087.05,2,643,2010-11-09 12:07:00,2010-11-30 11:50:00
15763,1086.92,2,271,2011-09-23 12:10:00,2011-11-08 09:44:00
14139,1086.8,4,1049,2010-06-15 09:17:00,2011-10-24 13:34:00
13546,1086.24,5,587,2010-10-11 17:23:00,2011-11-27 14:50:00
16298,1085.7,7,308,2010-09-23 15:23:00,2011-11-17 11:59:00
14013,1084.57,5,775,2010-03-26 10:02:00,2011-08-21 15:01:00
17420,1084.43,6,499,2010-11-03 13:09:00,2011-10-20 14:52:00
16533,1082.81,3,611,2011-10-02 15:07:00,2011-11-20 13:08:00
14805,1082.55,7,416,2010-03-28 12:34:00,2011-11-24 16:20:00
14561,1080.76,3,1014,2011-06-08 13:26:00,2011-09-25 12:39:00
13744,1080.52,2,1153,2011-02-20 14:08:00,2011-09-05 15:19:00
13726,1079.66,2,1054,2011-08-31 11:06:00,2011-11-01 10:49:00
14343,1079.66,4,626,2010-01-18 16:47:00,2010-10-14 13:05:00
12354,1079.4,1,530,2011-04-21 13:11:00,2011-04-21 13:11:00
13567,1079.29,4,643,2010-06-16 12:48:00,2010-10-07 12:51:00
15546,1079.1,2,198,2010-04-12 11:45:00,2010-04-12 11:51:00
14352,1078.96,4,538,2011-03-11 14:58:00,2011-07-05 15:41:00
13656,1078.85,4,862,2010-04-23 12:50:00,2011-06-28 10:31:00
16183,1077.81,4,351,2010-10-28 14:43:00,2011-10-03 14:59:00
16642,1077.45,3,775,2010-10-20 14:22:00,2011-12-05 11:31:00
17366,1077.24,2,504,2010-09-09 19:46:00,2010-10-03 16:04:00
16071,1076.8,4,697,2010-02-22 14:48:00,2011-10-26 11:14:00
13607,1075.81,2,466,2010-11-02 11:48:00,2011-10-30 16:17:00
16048,1075.23,4,569,2010-06-08 12:36:00,2010-12-01 15:28:00
15912,1074.7,9,759,2009-12-10 12:58:00,2011-06-14 14:29:00
16231,1074.47,4,563,2010-04-21 12:06:00,2010-11-25 15:00:00
13727,1074.15,8,368,2009-12-09 13:25:00,2011-11-11 09:46:00
15238,1071.99,3,692,2011-06-08 16:00:00,2011-11-10 14:28:00
13467,1071.91,2,580,2011-11-03 16:56:00,2011-11-29 10:01:00
12801,1071.82,1,505,2010-07-27 09:38:00,2010-07-27 09:38:00
13521,1071.73,3,718,2011-11-29 15:09:00,2011-12-08 13:50:00
16593,1071.14,8,377,2009-12-05 10:44:00,2011-10-20 12:41:00
14484,1070.98,4,744,2009-12-17 10:57:00,2011-10-20 14:11:00
16884,1070.97,4,520,2010-05-18 12:00:00,2011-11-02 11:52:00
17522,1070.71,5,1034,2011-05-05 16:31:00,2011-12-08 12:31:00
12728,1070.17,5,543,2010-11-21 11:34:00,2011-09-29 15:31:00
17871,1068.95,5,665,2010-01-15 14:48:00,2011-05-19 11:32:00
17854,1068.5,6,607,2009-12-08 11:13:00,2011-06-07 16:21:00
16386,1068.16,3,700,2010-11-17 11:19:00,2011-11-11 12:28:00
15436,1067.75,3,574,2011-04-19 16:52:00,2011-11-27 16:05:00
15626,1067.52,3,1138,2010-10-14 17:16:00,2011-09-26 10:03:00
17277,1065.35,2,430,2011-01-21 12:37:00,2011-04-26 12:47:00
15639,1065.08,3,849,2010-04-13 13:11:00,2011-07-28 14:30:00
13959,1064.77,6,694,2010-07-16 15:11:00,2011-09-21 15:06:00
14488,1064.28,1,799,2011-10-03 09:30:00,2011-10-03 09:30:00
14966,1064.26,6,1060,2009-12-15 13:48:00,2011-11-25 12:20:00
15801,1063.95,3,570,2011-08-22 09:53:00,2011-10-24 13:52:00
12936,1063.9,4,559,2011-09-22 13:51:00,2011-11-22 17:32:00
17849,1063.76,8,224,2010-03-14 15:17:00,2011-05-05 13:46:00
12815,1063.46,2,379,2011-05-25 13:34:00,2011-07-15 10:21:00
14411,1063.0,1,196,2011-02-02 10:56:00,2011-02-02 10:56:00
17616,1060.8,4,416,2010-09-14 10:43:00,2011-06-19 10:11:00
15706,1060.56,4,321,2011-08-15 14:32:00,2011-10-07 10:09:00
17727,1060.25,1,645,2011-11-24 17:06:00,2011-11-24 17:06:00
17421,1059.41,3,807,2009-12-04 15:43:00,2010-11-18 16:57:00
18130,1059.39,3,824,2011-10-13 15:58:00,2011-11-24 14:40:00
17214,1059.12,6,272,2010-12-15 15:14:00,2011-10-10 13:17:00
14734,1056.42,4,378,2010-06-06 15:15:00,2010-10-10 12:04:00
12791,1056.11,6,450,2010-03-25 17:29:00,2010-12-01 11:27:00
15645,1055.17,3,396,2010-10-10 12:51:00,2011-11-21 11:55:00
15977,1054.73,2,1016,2011-10-31 16:24:00,2011-11-22 13:29:00
12716,1053.49,2,708,2011-07-29 13:28:00,2011-12-06 08:55:00
12580,1052.9,2,569,2010-05-12 11:45:00,2011-04-07 10:24:00
15886,1052.87,4,667,2010-04-20 15:03:00,2011-10-10 14:25:00
15855,1052.72,6,712,2010-08-20 17:15:00,2011-07-26 10:20:00
16391,1052.26,4,715,2010-05-27 11:27:00,2010-11-04 12:27:00
14947,1049.79,6,416,2010-03-25 11:29:00,2011-09-28 15:48:00
13775,1049.66,1,455,2010-04-28 12:15:00,2010-04-28 12:15:00
17934,1049.15,3,628,2010-10-29 12:23:00,2011-10-19 11:16:00
15026,1048.89,5,655,2010-09-17 13:52:00,2011-09-20 13:52:00
15839,1048.49,3,675,2011-07-14 16:35:00,2011-11-06 13:54:00
16728,1048.28,4,671,2011-03-20 13:28:00,2011-10-24 14:36:00
17578,1047.33,7,529,2010-06-28 11:55:00,2011-05-05 18:38:00
17474,1047.0,1,200,2010-04-19 10:43:00,2010-04-19 10:43:00
15407,1046.74,4,552,2011-02-07 13:18:00,2011-11-06 11:55:00
15091,1046.61,3,582,2010-02-03 11:46:00,2011-10-03 12:47:00
17555,1045.74,5,739,2010-05-02 16:02:00,2011-11-20 12:22:00
14108,1044.96,4,660,2009-12-01 18:07:00,2011-11-09 10:41:00
15464,1044.65,1,348,2011-01-05 15:56:00,2011-01-05 15:56:00
15535,1044.37,6,314,2010-09-16 20:04:00,2011-06-19 16:02:00
13359,1043.31,2,381,2010-11-01 15:05:00,2011-10-07 09:30:00
14813,1041.79,4,458,2010-04-08 11:49:00,2010-12-05 11:57:00
16903,1041.75,3,717,2010-10-20 14:42:00,2011-11-10 15:32:00
16991,1041.21,1,793,2010-10-14 14:08:00,2010-10-14 14:08:00
16261,1041.16,6,454,2010-09-23 16:40:00,2011-11-22 17:23:00
13613,1039.85,5,445,2010-02-17 12:40:00,2010-09-13 12:01:00
13873,1038.92,8,472,2010-03-03 12:31:00,2011-08-12 10:08:00
12486,1037.28,1,523,2010-10-04 12:14:00,2010-10-04 12:14:00
17042,1036.58,5,990,2011-04-06 14:53:00,2011-12-07 12:26:00
14902,1035.62,3,716,2010-06-04 12:35:00,2011-11-14 10:34:00
17926,1035.49,5,572,2010-05-09 14:07:00,2011-07-29 14:39:00
16260,1035.45,1,311,2011-10-20 09:40:00,2011-10-20 09:40:00
12811,1033.9,5,435,2010-10-08 12:20:00,2011-03-24 09:42:00
17724,1033.0,3,300,2011-07-24 13:26:00,2011-09-29 15:26:00
14248,1032.95,3,692,2010-07-12 14:27:00,2011-01-25 14:45:00
13000,1032.5,4,548,2009-12-14 17:03:00,2011-08-25 10:43:00
17405,1031.41,3,726,2011-07-12 14:17:00,2011-12-08 17:12:00
13235,1031.07,1,441,2011-05-11 17:13:00,2011-05-11 17:13:00
16198,1030.04,2,384,2010-09-28 13:59:00,2011-09-25 14:58:00
14932,1029.66,2,337,2010-11-19 09:16:00,2010-12-09 11:48:00
16418,1028.74,5,564,2010-10-13 12:31:00,2011-10-26 12:39:00
15333,1028.56,1,344,2011-05-15 13:27:00,2011-05-15 13:27:00
16385,1028.55,5,543,2010-03-18 12:45:00,2011-10-10 13:12:00
16682,1028.0,5,1040,2011-06-05 11:02:00,2011-12-05 12:13:00
17869,1027.96,7,558,2010-06-10 13:47:00,2011-08-24 16:16:00
16227,1027.22,3,436,2010-06-22 13:28:00,2011-04-28 13:33:00
15887,1027.15,3,605,2010-06-02 11:53:00,2010-10-29 08:36:00
15003,1027.03,6,525,2010-01-26 13:04:00,2010-08-23 15:44:00
17749,1026.18,3,446,2010-06-11 14:56:00,2011-06-14 15:45:00
16160,1025.44,2,1162,2011-09-15 10:53:00,2011-10-05 14:19:00
13602,1025.17,4,538,2010-05-28 11:49:00,2011-10-06 11:47:00
17310,1025.1,2,402,2010-06-23 11:38:00,2010-11-17 16:00:00
14204,1024.83,4,469,2009-12-02 13:26:00,2011-12-07 13:38:00
17362,1024.04,7,549,2010-01-06 10:53:00,2011-04-14 14:43:00
16568,1020.9,2,366,2010-03-08 14:51:00,2010-10-08 10:54:00
12572,1020.42,2,452,2011-10-19 08:20:00,2011-12-01 09:20:00
13376,1019.76,3,493,2011-04-19 13:03:00,2011-09-01 16:16:00
18142,1019.52,2,1276,2011-05-08 12:31:00,2011-07-05 13:19:00
12403,1019.36,2,260,2010-07-06 11:39:00,2011-10-21 10:51:00
13956,1019.27,5,486,2011-03-13 12:51:00,2011-12-04 13:20:00
16441,1019.13,5,478,2010-03-22 18:00:00,2011-10-03 17:48:00
12828,1018.71,6,494,2011-08-01 16:16:00,2011-12-07 08:45:00
16284,1018.48,3,674,2010-11-11 13:27:00,2011-11-08 16:12:00
12905,1018.42,2,532,2010-01-26 14:06:00,2010-05-12 10:05:00
16787,1017.53,4,472,2010-01-10 11:12:00,2010-11-07 11:01:00
12793,1017.33,3,526,2010-11-03 13:05:00,2011-01-09 12:12:00
15970,1017.32,2,498,2010-04-20 11:30:00,2011-02-09 12:08:00
12652,1017.03,2,536,2010-10-01 15:16:00,2011-01-12 15:00:00
13641,1016.47,5,1098,2009-12-05 13:17:00,2010-03-09 07:37:00
13333,1015.74,3,685,2010-02-19 09:26:00,2010-10-24 13:24:00
14675,1015.58,2,660,2010-11-16 12:22:00,2011-11-23 12:58:00
16623,1015.24,4,442,2010-04-26 14:04:00,2011-04-08 10:09:00
14355,1014.45,3,709,2010-03-22 15:08:00,2010-12-09 12:16:00
12410,1013.71,3,341,2010-07-25 13:26:00,2011-02-04 10:39:00
13466,1013.35,5,660,2010-03-21 13:50:00,2011-06-08 16:39:00
12642,1013.26,3,552,2011-08-24 09:23:00,2011-11-14 15:03:00
15951,1013.17,3,420,2010-11-23 18:20:00,2011-12-01 08:34:00
16451,1013.15,3,524,2009-12-04 15:11:00,2011-09-13 09:17:00
17197,1013.01,1,191,2011-11-10 10:32:00,2011-11-10 10:32:00
17980,1012.72,4,771,2010-11-11 14:42:00,2011-06-27 12:01:00
15713,1010.79,4,510,2009-12-16 09:41:00,2011-07-19 13:34:00
13039,1010.73,4,290,2009-12-17 16:43:00,2010-05-04 16:45:00
16572,1009.6,3,532,2011-03-09 12:04:00,2011-08-04 16:34:00
13258,1009.43,5,446,2010-11-04 12:45:00,2011-11-28 09:31:00
16287,1006.98,5,1426,2010-01-19 09:46:00,2011-06-23 09:08:00
13429,1006.8,4,1390,2011-09-25 15:59:00,2011-11-29 09:10:00
15850,1006.75,6,1334,2009-12-13 13:27:00,2011-11-20 14:14:00
13238,1006.63,6,442,2010-04-28 15:02:00,2011-11-22 15:37:00
15771,1006.54,3,512,2010-01-15 12:14:00,2010-04-14 13:56:00
12703,1006.53,4,595,2010-01-24 12:05:00,2011-09-29 17:52:00
13427,1006.53,6,880,2009-12-17 13:44:00,2011-11-20 13:02:00
13549,1005.8,8,554,2010-11-17 12:17:00,2011-11-14 09:20:00
13867,1005.09,3,501,2011-05-05 17:28:00,2011-11-08 15:48:00
14214,1004.38,5,751,2011-03-07 12:26:00,2011-11-09 10:31:00
15363,1004.11,2,527,2010-08-04 08:41:00,2010-12-02 12:28:00
18160,1003.88,3,519,2010-11-18 16:33:00,2011-10-13 15:50:00
16435,1003.07,3,608,2010-07-13 13:29:00,2010-07-15 18:22:00
12446,1002.31,1,351,2011-10-13 12:50:00,2011-10-13 12:50:00
16122,1001.34,6,1398,2010-10-10 15:26:00,2011-09-27 15:34:00
13857,1001.01,6,782,2010-05-17 14:21:00,2010-11-11 12:54:00
14255,1000.63,1,1,2010-06-11 15:54:00,2010-06-11 15:54:00
12545,1000.39,2,523,2011-03-25 12:04:00,2011-09-25 13:39:00
15508,1000.27,6,440,2011-04-18 15:31:00,2011-06-03 15:43:00
18143,1000.16,2,570,2011-07-21 10:44:00,2011-08-15 12:07:00
13005,999.68,4,462,2010-09-08 12:52:00,2011-06-19 10:53:00
12413,999.45,4,319,2010-11-02 13:26:00,2011-10-04 09:00:00
17205,999.35,3,2214,2010-05-24 15:36:00,2011-10-17 12:46:00
17329,998.53,5,430,2009-12-03 16:09:00,2011-11-25 14:24:00
16863,998.52,3,745,2010-10-26 10:03:00,2011-11-08 15:26:00
17631,998.49,7,591,2009-12-09 14:15:00,2011-12-08 09:47:00
12722,997.63,4,566,2011-07-12 11:55:00,2011-09-15 14:50:00
16898,997.29,5,789,2010-05-12 12:18:00,2011-11-13 15:44:00
13965,996.61,3,425,2010-01-05 15:21:00,2010-08-20 10:40:00
16699,994.6,7,640,2009-12-04 13:31:00,2010-11-24 14:38:00
13292,994.51,5,530,2010-07-01 14:36:00,2011-11-01 10:04:00
17237,994.13,4,414,2010-11-23 11:45:00,2011-11-28 15:02:00
15104,993.54,2,635,2011-03-02 14:16:00,2011-05-27 12:29:00
17299,993.23,6,919,2010-08-15 16:00:00,2011-11-28 12:01:00
14223,991.13,3,585,2011-03-20 16:02:00,2011-09-08 13:38:00
13559,990.0,2,360,2010-06-14 11:52:00,2010-07-15 09:52:00
13245,989.22,2,371,2010-10-03 14:03:00,2011-10-20 11:40:00
15973,988.44,3,301,2010-10-06 15:00:00,2010-12-08 11:42:00
17883,988.42,7,476,2010-02-25 20:07:00,2011-12-06 17:49:00
15176,988.04,1,448,2010-02-10 10:36:00,2010-02-10 10:36:00
16130,987.48,4,296,2010-04-01 13:58:00,2010-10-13 15:14:00
18237,987.1,5,622,2011-07-28 13:05:00,2011-12-07 12:49:00
13439,986.61,3,952,2010-07-01 14:36:00,2011-03-29 14:20:00
12862,984.62,2,611,2010-08-01 15:20:00,2010-10-10 11:47:00
17144,984.57,2,483,2011-09-16 12:50:00,2011-12-08 17:57:00
14142,983.15,2,831,2010-03-03 15:13:00,2010-12-01 16:33:00
15109,983.1,3,258,2009-12-04 12:33:00,2011-04-08 09:58:00
12541,981.18,3,680,2011-03-04 09:32:00,2011-11-10 10:40:00
12543,980.25,1,688,2010-09-17 15:51:00,2010-09-17 15:51:00
14510,979.85,3,793,2010-09-29 13:35:00,2010-11-29 12:46:00
14230,979.8,3,246,2010-06-09 13:56:00,2010-09-30 09:07:00
15025,979.79,2,503,2010-05-20 13:28:00,2011-11-06 15:20:00
17369,979.2,1,1152,2010-09-10 09:49:00,2010-09-10 09:49:00
13350,979.12,2,287,2011-09-21 13:33:00,2011-11-23 16:33:00
14157,978.69,5,521,2010-03-03 16:49:00,2011-11-20 11:32:00
15132,977.93,5,679,2011-03-22 12:02:00,2011-11-21 17:10:00
14454,977.3,5,400,2009-12-06 12:56:00,2010-11-28 13:26:00
17123,977.17,3,676,2010-05-16 11:52:00,2011-07-01 10:47:00
17221,976.62,5,713,2010-04-11 15:34:00,2011-12-02 13:35:00
15247,976.06,3,514,2010-06-20 14:08:00,2011-08-09 12:52:00
15406,975.87,4,547,2010-09-12 13:06:00,2011-11-08 13:22:00
15165,975.5,1,320,2010-12-01 14:03:00,2010-12-01 14:03:00
16376,974.96,2,691,2011-11-22 16:47:00,2011-12-01 11:38:00
15646,974.61,5,1051,2010-10-25 13:06:00,2011-07-05 09:53:00
15449,974.52,3,812,2011-03-23 10:43:00,2011-11-13 15:02:00
12994,974.42,3,459,2011-03-16 08:31:00,2011-12-05 15:43:00
17958,973.88,2,284,2009-12-11 15:37:00,2011-08-15 12:19:00
12525,973.73,3,509,2010-03-02 14:01:00,2010-07-29 16:08:00
16009,972.11,4,366,2011-07-03 11:26:00,2011-11-17 16:51:00
16535,972.04,3,664,2010-01-28 15:26:00,2011-12-04 15:18:00
14350,972.03,3,543,2010-10-05 15:52:00,2011-03-10 14:14:00
17100,971.74,2,800,2011-11-21 16:36:00,2011-11-21 16:36:00
14953,971.32,4,1014,2010-09-30 12:16:00,2011-11-14 14:59:00
15208,970.52,6,356,2010-10-12 12:17:00,2011-12-08 17:24:00
18006,969.51,4,395,2009-12-17 12:27:00,2011-11-16 16:52:00
13223,969.12,6,568,2010-02-12 13:27:00,2011-05-23 13:03:00
16254,967.44,3,543,2010-03-17 15:43:00,2010-11-26 13:22:00
13204,966.66,1,428,2009-12-08 14:56:00,2009-12-08 14:56:00
14138,965.88,2,600,2011-10-07 09:38:00,2011-12-08 12:44:00
17987,965.44,5,981,2010-06-07 11:23:00,2011-06-07 14:22:00
15084,965.2,2,600,2010-03-04 10:45:00,2010-11-25 11:58:00
12550,964.83,1,569,2011-09-21 14:35:00,2011-09-21 14:35:00
16763,964.7,2,492,2009-12-01 15:26:00,2011-05-25 11:52:00
15268,961.9,3,428,2010-04-13 11:27:00,2010-08-18 10:33:00
15156,961.49,3,597,2011-11-06 12:41:00,2011-12-08 18:22:00
16518,959.37,4,524,2010-06-01 13:31:00,2011-10-09 15:04:00
12588,958.78,4,438,2010-04-21 12:22:00,2011-10-31 15:01:00
18192,957.97,1,339,2011-09-29 09:53:00,2011-09-29 09:53:00
12697,957.59,3,508,2011-06-23 15:44:00,2011-11-11 08:47:00
17080,957.53,7,569,2010-07-01 16:03:00,2011-11-17 12:59:00
12675,957.25,2,336,2010-05-10 16:44:00,2010-06-04 09:49:00
17172,956.57,3,1215,2009-12-13 11:46:00,2011-09-22 09:36:00
16141,955.94,2,410,2010-10-18 14:12:00,2011-09-12 13:11:00
12990,955.5,7,480,2010-03-30 11:36:00,2011-11-08 13:01:00
14629,955.26,2,378,2011-10-23 16:13:00,2011-12-05 16:55:00
16947,955.21,5,655,2010-03-03 10:54:00,2011-04-18 09:38:00
12505,955.2,1,324,2010-10-27 09:18:00,2010-10-27 09:18:00
15430,954.75,2,309,2010-06-29 15:04:00,2010-08-29 10:42:00
17298,954.26,5,852,2010-03-08 08:56:00,2011-08-30 16:43:00
15835,954.09,4,439,2011-01-13 10:35:00,2011-10-26 15:47:00
17189,953.63,5,601,2009-12-02 11:45:00,2011-08-25 19:39:00
12414,952.41,6,495,2010-09-02 12:22:00,2011-05-06 14:51:00
14615,951.76,5,495,2010-06-09 13:59:00,2010-11-10 13:36:00
17955,949.9,6,681,2010-02-12 16:27:00,2011-05-25 12:00:00
12767,949.82,1,598,2010-11-29 09:38:00,2010-11-29 09:38:00
17081,949.39,6,381,2010-02-22 13:19:00,2011-11-14 12:56:00
13046,949.25,3,505,2010-09-09 13:09:00,2011-11-09 08:36:00
13636,949.12,5,592,2011-02-27 14:29:00,2011-11-03 10:30:00
15177,948.93,1,485,2010-10-10 12:48:00,2010-10-10 12:48:00
12822,948.88,2,550,2011-09-13 13:46:00,2011-09-30 10:04:00
12874,948.42,2,623,2010-06-03 12:51:00,2010-11-19 15:23:00
12355,947.61,2,543,2010-05-21 11:59:00,2011-05-09 13:49:00
17516,947.5,6,522,2010-11-26 12:50:00,2011-11-24 16:51:00
16136,946.8,4,674,2010-02-14 12:49:00,2011-10-11 09:10:00
14994,946.72,5,568,2010-03-26 14:16:00,2010-11-22 12:59:00
16861,946.59,5,616,2010-07-19 11:44:00,2011-10-11 09:05:00
17356,946.47,5,925,2010-01-20 12:14:00,2011-02-01 11:07:00
16146,946.38,4,544,2010-09-17 10:46:00,2011-07-05 14:20:00
18217,945.04,4,740,2010-07-01 15:39:00,2011-11-10 13:18:00
17544,944.82,3,410,2010-11-14 14:47:00,2010-11-14 15:08:00
13261,944.1,2,210,2011-02-27 10:41:00,2011-03-16 12:22:00
17860,943.84,4,789,2009-12-11 16:48:00,2010-12-06 12:41:00
16199,942.75,7,321,2010-03-18 18:47:00,2010-11-12 12:55:00
17604,942.38,6,614,2010-01-27 12:19:00,2011-05-06 13:43:00
15385,942.08,3,428,2010-01-31 13:02:00,2011-10-30 15:11:00
14958,941.99,6,248,2009-12-03 16:02:00,2011-07-15 14:20:00
14326,940.98,3,572,2010-06-25 12:10:00,2011-04-11 15:04:00
13416,940.8,3,208,2009-12-03 13:02:00,2011-10-27 08:56:00
15107,940.35,9,356,2010-09-14 10:47:00,2011-02-01 14:46:00
13936,939.66,3,661,2010-10-21 14:21:00,2011-06-13 08:47:00
16109,939.48,3,1092,2010-01-10 10:37:00,2011-05-05 09:17:00
17527,939.37,4,488,2011-05-05 13:43:00,2011-10-17 12:32:00
14437,936.34,5,480,2010-05-05 12:20:00,2010-12-09 09:27:00
17020,935.62,2,860,2010-03-03 12:27:00,2010-06-15 13:06:00
14140,935.05,2,811,2011-11-08 11:20:00,2011-12-06 09:05:00
12942,934.35,3,267,2010-12-09 09:34:00,2011-07-31 14:39:00
16781,934.25,2,305,2010-02-08 13:56:00,2010-12-02 14:26:00
15792,933.84,2,606,2010-03-31 09:42:00,2010-11-05 08:21:00
15787,933.26,3,534,2011-10-09 13:11:00,2011-11-13 14:55:00
16661,932.76,4,364,2009-12-17 15:39:00,2010-06-17 15:24:00
18154,932.6,5,626,2010-08-06 09:18:00,2011-12-06 16:41:00
18133,931.5,1,1350,2011-05-11 14:14:00,2011-05-11 14:14:00
12396,931.43,1,591,2010-02-03 13:22:00,2010-02-03 13:22:00
13465,931.12,2,584,2010-05-02 15:30:00,2010-09-19 15:13:00
14924,931.01,3,312,2010-03-10 12:51:00,2011-04-08 09:25:00
15723,930.7,4,427,2010-05-14 12:55:00,2010-12-10 11:12:00
14338,928.1,3,622,2010-06-21 10:32:00,2011-07-01 14:08:00
13288,927.61,5,379,2010-02-11 14:59:00,2010-09-22 16:32:00
15243,927.28,2,543,2010-09-30 17:28:00,2011-09-26 14:12:00
17805,927.03,2,1126,2010-04-08 14:36:00,2011-09-27 11:49:00
16975,926.12,3,586,2010-07-22 11:38:00,2010-10-12 17:53:00
12745,925.41,3,468,2010-01-26 16:22:00,2010-08-10 10:14:00
13805,924.6,2,1900,2011-08-02 15:29:00,2011-10-18 14:50:00
14128,924.21,3,814,2010-06-06 14:05:00,2011-10-10 12:00:00
18001,924.14,6,874,2009-12-02 15:38:00,2011-11-27 16:02:00
16643,923.11,2,553,2010-10-13 09:47:00,2011-04-08 08:24:00
13034,922.68,3,522,2010-11-03 15:22:00,2011-10-16 12:21:00
17322,922.59,5,631,2009-12-03 11:46:00,2010-11-28 14:41:00
15654,922.53,2,475,2011-11-13 15:15:00,2011-11-30 13:08:00
13122,922.39,2,585,2011-04-13 14:12:00,2011-09-06 15:53:00
17472,922.35,4,551,2010-03-21 13:27:00,2011-06-01 14:57:00
16362,922.16,6,467,2010-09-28 09:24:00,2011-11-07 13:01:00
13934,922.1,1,390,2011-03-21 08:39:00,2011-03-21 08:39:00
14605,921.56,4,416,2009-12-08 13:59:00,2010-11-30 14:07:00
12638,921.49,2,663,2010-03-10 10:30:00,2011-11-06 13:11:00
15576,921.37,1,394,2011-11-02 12:03:00,2011-11-02 12:03:00
15957,921.25,3,453,2010-10-15 12:11:00,2011-11-08 12:14:00
14272,920.81,4,1097,2010-05-06 14:01:00,2011-09-27 10:08:00
17363,920.46,3,499,2010-11-02 17:25:00,2010-11-09 17:11:00
12998,920.08,3,1124,2010-02-24 11:55:00,2010-08-04 08:05:00
14568,919.7,1,645,2010-09-30 17:15:00,2010-09-30 17:15:00
13075,919.61,1,485,2011-08-02 10:19:00,2011-08-02 10:19:00
13872,919.57,3,339,2009-12-14 09:56:00,2010-06-30 15:35:00
15304,919.55,9,133,2010-10-14 10:24:00,2011-10-10 10:23:00
17760,918.93,6,696,2010-02-28 12:15:00,2011-11-18 10:56:00
16204,918.71,3,671,2009-12-08 17:44:00,2011-11-16 13:40:00
14342,918.44,6,521,2010-08-24 13:03:00,2011-11-18 13:21:00
12368,917.7,1,330,2010-03-21 15:56:00,2010-03-21 15:56:00
14061,917.43,3,133,2009-12-01 18:03:00,2010-07-20 17:22:00
14015,917.34,1,378,2011-10-18 10:02:00,2011-10-18 10:02:00
15707,916.98,4,594,2011-09-14 14:19:00,2011-11-04 14:35:00
14423,916.61,3,419,2010-01-14 11:49:00,2011-05-05 15:12:00
14176,916.01,5,326,2010-11-23 13:21:00,2011-02-15 13:12:00
14839,915.28,3,927,2010-01-04 16:29:00,2010-10-17 13:01:00
14141,915.13,4,355,2011-08-26 14:40:00,2011-12-07 09:53:00
16216,914.93,1,254,2011-03-17 15:34:00,2011-03-17 15:34:00
14549,913.6,4,394,2009-12-02 14:06:00,2011-02-01 13:47:00
15364,913.19,2,493,2011-03-30 13:39:00,2011-09-05 09:46:00
14359,912.18,3,371,2011-09-13 09:03:00,2011-11-20 13:17:00
15244,912.08,3,472,2010-02-11 14:48:00,2011-10-05 13:19:00
16034,911.32,6,585,2010-10-26 13:00:00,2011-05-27 16:17:00
14289,911.26,6,292,2011-02-23 12:33:00,2011-12-01 11:44:00
14133,911.14,4,398,2009-12-06 12:10:00,2011-08-02 11:34:00
16138,910.35,3,774,2010-04-28 09:51:00,2010-11-26 12:13:00
13038,908.46,3,360,2011-02-22 11:43:00,2011-09-20 14:37:00
15097,908.35,3,424,2010-05-05 14:22:00,2011-12-05 14:03:00
17464,907.14,3,608,2010-03-30 13:15:00,2011-07-04 13:19:00
14714,906.24,4,642,2010-01-21 11:51:00,2011-11-15 13:07:00
14969,906.23,1,665,2010-01-05 12:43:00,2010-01-05 12:43:00
12808,906.1,5,375,2010-09-03 10:24:00,2011-11-03 10:05:00
13573,904.52,6,647,2010-03-12 16:06:00,2011-10-20 14:33:00
13255,904.46,3,517,2010-07-15 13:20:00,2011-11-30 13:14:00
15180,904.43,3,690,2010-04-29 15:27:00,2010-12-07 14:57:00
17746,904.18,4,688,2010-04-08 12:54:00,2011-04-13 14:31:00
17176,902.32,3,576,2010-01-31 15:49:00,2011-05-22 12:41:00
17382,902.28,8,457,2010-05-19 11:33:00,2011-10-05 13:05:00
13548,901.44,3,558,2010-08-25 13:44:00,2011-09-04 14:50:00
15511,900.53,5,269,2011-09-15 15:05:00,2011-11-28 09:43:00
12945,900.11,2,446,2010-02-21 15:18:00,2011-02-24 14:15:00
14729,899.73,3,569,2010-03-24 13:30:00,2010-12-01 12:43:00
12940,899.69,2,404,2011-09-13 10:16:00,2011-10-16 12:09:00
16834,898.96,2,760,2010-02-03 14:24:00,2011-04-26 09:37:00
15710,898.87,1,641,2010-10-18 17:05:00,2010-10-18 17:05:00
15992,896.6,3,514,2010-09-12 11:52:00,2011-12-06 11:00:00
13996,895.76,2,613,2010-11-05 15:07:00,2010-11-18 16:27:00
17226,895.47,3,853,2010-02-12 14:31:00,2011-02-04 11:52:00
15066,893.59,1,317,2011-10-17 13:25:00,2011-10-17 13:25:00
12772,892.47,1,556,2011-10-11 09:19:00,2011-10-11 09:19:00
17155,892.46,7,987,2009-12-03 11:34:00,2011-11-22 12:38:00
16784,892.33,5,494,2010-03-28 12:55:00,2011-11-20 12:20:00
16442,891.98,5,580,2009-12-13 11:05:00,2011-12-08 11:43:00
15393,891.34,5,378,2009-12-15 17:56:00,2011-11-23 16:48:00
16361,891.21,4,418,2011-09-29 13:13:00,2011-11-30 12:32:00
14065,891.02,3,582,2010-10-04 12:03:00,2010-11-15 16:13:00
15824,890.94,2,478,2010-06-25 15:10:00,2010-09-12 13:20:00
17537,887.67,2,699,2011-02-09 13:37:00,2011-11-10 10:56:00
16900,887.11,3,833,2011-10-07 13:17:00,2011-11-23 10:32:00
15900,886.57,4,656,2010-05-26 11:27:00,2011-11-16 12:19:00
16228,885.71,3,555,2010-11-04 18:54:00,2010-11-19 14:20:00
17704,885.19,2,343,2011-04-14 09:28:00,2011-06-24 09:40:00
16411,884.94,4,530,2010-10-07 15:09:00,2011-11-20 13:23:00
17708,884.18,4,387,2010-10-12 12:13:00,2011-06-05 10:12:00
15907,882.72,3,478,2011-05-13 13:01:00,2011-12-06 12:21:00
18141,882.47,2,433,2010-04-29 15:32:00,2010-11-03 11:44:00
16387,882.46,5,448,2010-03-11 12:22:00,2011-01-21 11:34:00
17480,882.23,2,581,2010-09-21 12:31:00,2011-09-23 11:39:00
17143,880.97,2,314,2010-07-12 13:26:00,2010-10-18 15:27:00
12680,880.81,4,444,2011-08-18 15:44:00,2011-12-09 12:50:00
16677,880.62,2,457,2010-02-25 16:11:00,2010-10-24 14:53:00
13937,880.13,2,587,2010-11-02 12:37:00,2011-06-23 16:35:00
14551,878.09,7,486,2010-01-27 12:06:00,2011-11-21 13:36:00
14612,877.7,1,134,2010-10-20 16:01:00,2010-10-20 16:01:00
15653,877.44,2,1200,2011-08-16 09:50:00,2011-09-08 10:49:00
14645,876.89,3,587,2010-03-15 11:33:00,2011-07-06 09:15:00
17864,876.57,5,1015,2010-10-08 11:49:00,2011-11-27 11:15:00
13768,875.97,2,373,2009-12-09 10:25:00,2009-12-13 10:41:00
13166,875.93,2,522,2010-10-21 14:29:00,2011-03-01 15:16:00
14681,875.15,6,172,2010-02-24 08:54:00,2011-09-29 15:52:00
16513,874.59,4,407,2011-10-27 14:56:00,2011-12-05 10:18:00
16657,874.43,4,1130,2011-03-30 12:02:00,2011-11-30 11:48:00
15469,874.25,3,287,2010-09-27 10:09:00,2011-10-20 16:21:00
17361,871.79,5,380,2010-02-01 14:30:00,2011-10-21 15:43:00
15224,871.36,5,443,2010-01-15 16:14:00,2010-12-16 15:02:00
13200,870.09,4,516,2011-08-05 14:50:00,2011-11-20 15:35:00
17566,869.77,2,497,2011-11-14 13:42:00,2011-12-01 19:54:00
14753,869.51,2,412,2010-09-05 11:04:00,2011-09-13 14:50:00
16948,868.77,7,2091,2010-02-21 13:48:00,2011-07-24 12:46:00
16357,868.37,4,389,2010-11-23 18:52:00,2011-11-06 16:04:00
17167,867.11,3,429,2010-09-20 14:02:00,2010-11-25 10:05:00
16567,865.6,2,996,2011-01-07 09:31:00,2011-05-29 13:57:00
13922,865.2,3,467,2010-08-29 14:36:00,2010-12-23 10:38:00
14600,865.17,2,487,2010-11-11 15:56:00,2011-02-07 09:48:00
18156,862.52,2,351,2010-12-05 12:29:00,2011-11-27 12:24:00
16668,862.42,13,773,2010-03-18 18:25:00,2011-11-24 17:43:00
12787,862.18,4,510,2010-10-22 14:57:00,2011-11-30 08:44:00
17358,861.01,5,430,2010-02-24 16:42:00,2011-02-09 16:57:00
12794,860.41,2,592,2011-09-02 12:01:00,2011-10-17 14:54:00
13339,860.12,1,326,2011-05-23 08:31:00,2011-05-23 08:31:00
14372,860.08,2,378,2010-04-19 15:57:00,2010-09-22 16:17:00
13891,859.21,3,476,2010-05-06 16:02:00,2010-11-26 15:57:00
12440,859.2,2,331,2009-12-22 12:03:00,2010-09-03 13:11:00
15870,857.46,4,504,2010-09-19 16:22:00,2011-11-07 10:58:00
15287,856.03,5,1010,2009-12-02 12:13:00,2011-11-17 15:34:00
17161,856.01,1,537,2010-09-21 16:44:00,2010-09-21 16:44:00
15542,855.71,3,418,2009-12-02 11:53:00,2010-07-15 13:32:00
17968,855.54,4,503,2010-07-15 15:01:00,2010-12-01 12:23:00
17064,855.45,3,316,2011-01-16 16:10:00,2011-10-12 10:18:00
12878,854.99,2,547,2011-03-18 14:02:00,2011-04-17 13:07:00
13945,854.15,2,413,2010-08-17 09:59:00,2010-11-10 10:00:00
14873,854.13,2,311,2010-03-16 10:51:00,2011-05-13 13:52:00
13991,852.88,6,995,2011-07-19 12:58:00,2011-11-27 16:18:00
14686,852.53,5,457,2010-02-18 18:29:00,2010-10-21 18:31:00
15266,852.21,5,236,2010-01-07 12:19:00,2011-01-05 13:40:00
16070,852.15,2,457,2011-11-07 16:36:00,2011-11-17 15:50:00
12696,851.91,2,564,2010-07-19 10:02:00,2010-10-01 10:43:00
17674,851.7,2,1021,2010-12-06 10:20:00,2011-09-26 13:35:00
13479,851.37,4,716,2010-08-19 16:18:00,2011-05-23 10:45:00
16020,851.01,3,487,2011-10-05 13:54:00,2011-11-23 11:18:00
17223,850.88,3,219,2010-11-29 17:19:00,2011-02-02 15:57:00
18108,848.81,3,261,2009-12-02 12:47:00,2011-03-30 13:56:00
12713,848.55,1,508,2011-12-09 12:16:00,2011-12-09 12:16:00
15264,848.4,2,443,2010-06-27 13:29:00,2011-10-06 13:49:00
15784,848.33,2,381,2010-02-05 14:42:00,2010-08-29 10:38:00
14202,847.76,3,166,2010-03-25 10:36:00,2010-11-23 17:13:00
13221,847.41,2,244,2010-12-15 13:24:00,2011-04-13 16:58:00
13487,846.87,5,362,2009-12-05 10:25:00,2011-10-13 12:07:00
16877,846.62,6,458,2011-05-15 16:13:00,2011-11-27 13:47:00
13970,846.55,2,469,2010-09-28 11:53:00,2010-11-18 13:21:00
14803,845.55,3,370,2011-02-20 13:21:00,2011-06-30 13:58:00
16500,843.91,9,386,2010-06-14 14:54:00,2011-12-05 12:04:00
14922,843.74,2,376,2010-07-20 09:45:00,2010-11-11 11:14:00
15070,843.25,3,375,2009-12-15 13:49:00,2010-12-02 11:23:00
16344,842.42,4,706,2010-02-09 12:16:00,2011-07-04 15:50:00
16846,842.41,3,517,2010-03-10 12:03:00,2011-10-20 13:55:00
17638,842.4,2,432,2009-12-18 09:58:00,2010-03-02 14:32:00
16810,842.04,2,372,2010-10-15 15:32:00,2011-05-31 15:32:00
14862,841.2,2,772,2011-07-14 11:20:00,2011-11-14 10:01:00
16798,841.16,3,205,2009-12-10 19:35:00,2010-06-03 19:01:00
12891,840.5,11,2325,2010-02-18 14:32:00,2011-06-07 12:31:00
13169,840.08,3,296,2010-05-26 15:58:00,2011-10-07 12:11:00
18247,839.73,3,335,2010-03-18 15:52:00,2010-10-21 09:49:00
13940,839.14,4,516,2011-07-18 16:05:00,2011-11-22 15:15:00
17332,838.27,5,794,2010-02-21 14:41:00,2010-06-29 16:10:00
14037,836.95,6,590,2009-12-07 11:39:00,2011-06-16 13:57:00
15832,836.79,1,465,2011-03-30 15:29:00,2011-03-30 15:29:00
14929,836.69,2,487,2010-10-14 12:22:00,2011-11-07 17:21:00
13569,836.36,4,388,2010-10-07 13:05:00,2011-11-22 13:07:00
13795,836.3,4,1250,2010-03-12 12:44:00,2010-11-16 17:25:00
16747,836.06,2,583,2011-10-03 10:18:00,2011-11-02 11:37:00
13386,835.46,2,514,2010-09-28 13:09:00,2010-10-21 12:52:00
16737,835.2,2,576,2010-05-11 09:53:00,2011-10-17 13:03:00
15012,834.82,3,467,2010-05-12 11:49:00,2011-10-17 12:22:00
15190,834.44,1,790,2010-10-01 13:09:00,2010-10-01 13:09:00
16644,833.78,2,826,2011-05-11 12:53:00,2011-06-15 12:39:00
12903,833.53,1,493,2010-10-07 12:39:00,2010-10-07 12:39:00
13175,831.45,2,423,2009-12-04 12:11:00,2010-05-06 13:13:00
15766,831.06,3,334,2010-01-26 15:55:00,2011-10-06 17:03:00
15759,830.93,7,523,2009-12-02 10:08:00,2011-05-05 15:13:00
16924,829.89,3,467,2011-09-16 12:54:00,2011-11-18 12:53:00
14087,829.47,3,718,2009-12-04 15:27:00,2011-12-07 12:41:00
14851,829.41,3,631,2010-03-19 11:52:00,2011-11-16 14:20:00
12730,829.25,1,234,2010-07-06 12:19:00,2010-07-06 12:19:00
12953,828.81,2,364,2010-07-05 13:37:00,2011-11-30 09:24:00
15617,828.55,3,485,2010-07-20 13:16:00,2010-11-08 16:07:00
17003,828.21,4,494,2010-05-10 11:20:00,2010-11-02 13:15:00
13681,827.83,4,360,2011-07-07 15:21:00,2011-11-22 11:13:00
17045,827.68,5,294,2010-10-06 14:52:00,2011-08-18 17:09:00
15945,827.27,4,397,2009-12-01 13:47:00,2010-12-09 13:14:00
12792,827.01,2,394,2010-06-23 10:49:00,2011-03-28 11:36:00
12461,826.88,2,287,2011-07-08 10:23:00,2011-09-06 16:57:00
12781,826.74,2,671,2011-02-28 08:43:00,2011-10-07 10:37:00
16494,826.53,1,675,2011-02-16 12:49:00,2011-02-16 12:49:00
17880,824.92,3,466,2009-12-09 16:13:00,2010-12-10 10:21:00
13513,824.59,3,364,2010-02-22 16:36:00,2011-08-05 11:50:00
14260,824.28,3,544,2010-06-09 11:23:00,2010-08-25 14:55:00
16264,823.53,2,616,2010-09-19 16:14:00,2010-09-27 15:00:00
15137,823.4,2,596,2010-01-28 15:45:00,2010-07-07 09:41:00
14508,822.92,5,347,2010-06-17 13:02:00,2011-11-17 19:48:00
15847,822.57,5,643,2010-03-08 08:47:00,2011-11-01 14:41:00
16164,822.48,3,433,2011-10-28 09:12:00,2011-11-22 15:04:00
16680,821.45,3,377,2010-06-23 09:30:00,2011-10-27 17:35:00
16246,821.35,2,336,2010-02-08 12:32:00,2010-09-06 12:04:00
13893,821.1,1,190,2011-02-15 11:30:00,2011-02-15 11:30:00
15314,820.45,3,750,2010-10-07 15:41:00,2011-05-24 14:39:00
16135,819.45,2,395,2010-05-05 09:35:00,2011-03-22 12:30:00
17683,819.01,3,781,2010-06-03 17:15:00,2010-11-19 10:11:00
13612,818.29,1,444,2010-03-17 12:14:00,2010-03-17 12:14:00
15483,817.82,10,905,2010-01-24 15:42:00,2011-07-01 13:07:00
14890,817.25,3,636,2010-02-18 09:00:00,2011-03-31 11:57:00
18043,817.2,3,422,2010-12-08 12:35:00,2011-11-15 12:48:00
16869,817.12,4,583,2011-06-17 13:01:00,2011-11-17 12:02:00
14872,816.6,3,662,2010-03-16 14:41:00,2010-08-13 12:34:00
13514,815.9,4,288,2010-01-26 15:11:00,2011-09-27 09:39:00
15399,815.77,3,611,2011-09-21 15:57:00,2011-12-08 13:04:00
14556,815.69,3,323,2010-01-20 11:49:00,2010-04-22 14:57:00
13811,814.5,3,68,2011-04-14 18:40:00,2011-06-09 09:54:00
12763,814.16,2,512,2010-12-05 15:46:00,2011-07-24 14:12:00
14624,814.07,6,645,2010-04-14 10:44:00,2011-10-13 13:44:00
16658,814.07,6,317,2010-03-30 16:24:00,2010-12-06 13:47:00
16621,813.48,4,302,2011-03-07 11:32:00,2011-10-19 11:38:00
17194,812.5,3,420,2010-06-27 13:16:00,2011-03-11 12:05:00
16460,811.23,3,876,2011-09-19 10:15:00,2011-11-11 13:46:00
16624,810.57,2,488,2011-05-26 14:20:00,2011-09-20 12:39:00
13045,808.92,3,405,2010-08-10 13:02:00,2011-09-01 15:04:00
15533,807.57,3,289,2011-09-11 15:41:00,2011-11-20 15:35:00
17495,806.72,3,367,2010-11-14 11:50:00,2011-12-02 12:08:00
12797,806.11,2,333,2010-10-11 12:53:00,2010-12-09 10:55:00
12632,804.88,2,694,2010-05-24 09:07:00,2010-07-07 09:39:00
13637,804.3,3,405,2011-04-27 13:06:00,2011-10-18 13:32:00
18248,804.02,2,511,2011-06-06 13:18:00,2011-08-09 10:19:00
16469,803.9,5,332,2010-07-13 13:17:00,2011-11-16 12:25:00
15644,803.54,4,550,2011-03-23 15:37:00,2011-06-26 14:54:00
18265,801.51,2,311,2011-07-04 15:26:00,2011-09-28 14:10:00
16127,801.31,2,391,2009-12-13 12:19:00,2011-10-31 13:58:00
17114,801.12,8,215,2011-01-09 11:39:00,2011-12-04 12:17:00
17023,800.18,3,530,2010-01-11 15:09:00,2010-10-18 15:37:00
13720,799.9,4,501,2011-03-30 09:17:00,2011-08-15 12:46:00
13041,799.13,4,335,2010-04-29 08:43:00,2010-09-15 11:44:00
17251,798.98,3,377,2009-12-15 10:36:00,2010-12-12 11:06:00
16438,798.35,5,463,2011-09-18 13:31:00,2011-12-04 10:51:00
13389,797.96,3,429,2011-04-21 12:12:00,2011-11-28 14:01:00
15309,797.96,4,440,2009-12-04 13:01:00,2010-04-08 11:11:00
17281,797.85,6,295,2010-02-04 13:00:00,2010-11-30 18:05:00
15637,797.59,5,651,2009-12-15 17:54:00,2011-10-18 08:28:00
16155,796.9,5,495,2010-06-18 11:23:00,2010-11-23 12:03:00
15396,796.38,2,278,2010-05-05 09:04:00,2011-08-19 10:56:00
16952,795.83,5,343,2009-12-11 13:52:00,2011-08-22 13:03:00
18084,795.23,3,755,2010-11-16 08:09:00,2011-11-23 13:57:00
13336,795.12,1,559,2011-09-23 14:05:00,2011-09-23 14:05:00
15831,794.64,3,1092,2011-01-19 14:52:00,2011-10-12 13:14:00
16961,794.56,3,482,2010-06-25 14:36:00,2011-08-15 13:46:00
17212,794.41,3,727,2010-08-10 09:22:00,2011-03-31 19:42:00
16679,793.06,3,276,2010-06-10 18:35:00,2010-12-08 13:51:00
13296,792.51,6,653,2010-05-11 14:29:00,2011-07-25 13:46:00
14022,792.15,2,681,2010-08-10 09:38:00,2011-04-28 14:39:00
16250,791.38,3,376,2010-11-18 10:43:00,2011-03-23 15:07:00
14976,790.86,7,234,2011-01-17 11:09:00,2011-10-13 16:37:00
13484,790.72,3,224,2010-03-10 11:46:00,2011-04-12 16:30:00
13544,790.2,6,331,2010-03-05 11:31:00,2011-10-31 11:57:00
14656,790.0,5,309,2010-04-15 12:10:00,2011-06-23 13:51:00
13016,789.89,3,527,2011-08-08 15:00:00,2011-09-27 14:08:00
16759,789.79,3,609,2011-11-09 09:06:00,2011-12-02 12:42:00
16472,789.6,2,252,2010-04-21 11:48:00,2010-10-01 13:56:00
15448,788.81,2,487,2010-02-03 13:29:00,2011-01-31 10:42:00
17952,788.46,4,477,2010-06-16 11:54:00,2010-11-26 13:54:00
14557,788.38,1,510,2011-09-15 15:48:00,2011-09-15 15:48:00
17817,788.15,6,353,2010-10-13 15:07:00,2011-12-05 14:39:00
14513,788.01,6,593,2010-05-20 17:57:00,2011-08-31 11:25:00
13323,787.85,5,175,2011-09-16 13:23:00,2011-12-06 17:12:00
16468,787.52,3,371,2010-08-15 13:10:00,2011-09-26 14:13:00
13212,786.83,3,309,2011-10-09 14:48:00,2011-11-20 12:40:00
14463,786.57,4,210,2010-07-28 11:35:00,2011-09-02 15:20:00
12628,786.46,3,448,2011-10-06 09:28:00,2011-12-05 13:15:00
16739,786.43,2,391,2010-06-21 09:38:00,2011-06-16 09:17:00
13770,785.37,4,468,2009-12-09 14:44:00,2010-10-13 15:10:00
13541,785.25,2,279,2010-05-18 16:15:00,2010-10-08 16:37:00
15806,784.58,3,602,2011-03-08 09:24:00,2011-10-24 14:35:00
13595,784.48,3,341,2010-03-03 14:42:00,2010-07-11 12:36:00
13415,784.17,4,496,2009-12-11 14:20:00,2010-08-24 11:38:00
15714,783.96,5,361,2010-06-02 12:08:00,2011-11-28 11:26:00
12761,782.95,2,281,2010-09-01 10:47:00,2010-09-08 12:17:00
16836,782.37,4,539,2010-05-14 12:52:00,2011-10-31 10:05:00
15952,781.91,4,391,2011-04-28 12:55:00,2011-11-06 11:18:00
17255,781.7,4,583,2010-09-19 15:53:00,2011-10-30 12:18:00
13453,781.69,3,341,2010-11-02 13:23:00,2011-06-27 09:34:00
13287,781.59,3,429,2010-01-04 10:43:00,2010-04-15 15:26:00
15679,781.28,4,1170,2011-06-10 08:24:00,2011-11-15 16:19:00
15239,780.59,2,594,2011-09-22 09:53:00,2011-11-29 14:14:00
13502,780.5,5,490,2010-06-09 10:52:00,2011-11-23 10:39:00
15246,780.4,3,359,2010-06-02 11:28:00,2011-04-15 14:45:00
17691,780.05,4,373,2010-06-11 11:50:00,2010-12-16 17:20:00
18228,779.9,2,238,2011-09-21 10:48:00,2011-10-14 09:21:00
12735,779.57,2,368,2011-01-06 14:26:00,2011-01-28 13:37:00
12504,779.05,4,458,2010-04-22 10:24:00,2011-11-21 16:02:00
13781,778.83,3,300,2009-12-18 15:46:00,2011-04-03 12:08:00
14815,778.5,2,744,2011-10-03 11:36:00,2011-11-03 11:36:00
16958,778.49,1,514,2010-09-30 14:25:00,2010-09-30 14:25:00
14690,777.68,4,341,2010-10-25 12:20:00,2011-10-26 15:39:00
16505,777.6,1,576,2011-11-08 12:14:00,2011-11-08 12:14:00
13563,777.53,2,209,2011-07-22 17:21:00,2011-09-16 14:45:00
13745,777.36,2,1146,2010-06-11 17:19:00,2011-06-30 16:43:00
15837,777.01,2,405,2010-08-11 10:16:00,2011-10-06 09:01:00
15794,777.0,2,288,2009-12-02 15:10:00,2009-12-03 13:04:00
15618,776.85,4,454,2011-07-26 10:13:00,2011-11-07 08:34:00
14997,776.6,4,1408,2010-02-22 12:11:00,2011-10-24 13:28:00
15092,776.46,3,230,2010-09-03 12:33:00,2011-05-08 14:10:00
15743,775.96,4,214,2011-06-08 10:14:00,2011-11-23 17:19:00
13314,775.94,3,560,2011-09-27 10:20:00,2011-12-08 12:29:00
13341,775.85,1,301,2011-03-24 09:50:00,2011-03-24 09:50:00
17482,775.64,2,240,2010-05-10 14:10:00,2010-08-09 15:33:00
15921,775.26,4,335,2010-03-09 11:03:00,2011-06-20 11:03:00
15414,774.9,3,443,2011-04-11 13:45:00,2011-11-30 09:50:00
15773,774.52,2,410,2010-10-26 15:27:00,2011-12-04 12:48:00
18058,774.06,3,394,2010-02-10 09:38:00,2011-11-30 08:38:00
18112,773.36,4,443,2010-06-06 12:40:00,2011-11-27 14:43:00
16565,773.05,4,211,2010-06-02 12:47:00,2010-12-10 15:21:00
15075,773.03,1,447,2011-09-23 12:27:00,2011-09-23 12:27:00
17349,772.41,5,772,2010-03-18 14:26:00,2011-06-13 14:29:00
12923,770.42,3,230,2010-05-13 14:55:00,2011-10-06 16:20:00
17801,770.03,3,820,2010-01-17 11:31:00,2010-09-14 14:32:00
14838,769.92,2,361,2009-12-03 09:52:00,2010-10-12 15:46:00
12965,769.81,1,282,2011-09-11 15:31:00,2011-09-11 15:31:00
16480,769.29,1,455,2011-09-25 11:40:00,2011-09-25 11:40:00
16978,768.88,3,285,2010-02-11 16:27:00,2011-09-23 12:50:00
13980,768.82,5,463,2010-02-21 14:18:00,2011-10-10 13:34:00
13356,768.24,1,325,2011-09-20 14:33:00,2011-09-20 14:33:00
15331,767.91,3,701,2010-04-09 14:26:00,2010-07-28 09:42:00
13712,766.42,2,1128,2010-04-08 11:16:00,2011-04-07 12:33:00
12991,764.82,3,483,2010-11-15 13:43:00,2011-11-16 15:34:00
14413,764.52,4,277,2010-01-19 14:27:00,2010-12-12 13:37:00
13699,764.15,2,219,2010-06-07 13:03:00,2011-07-07 16:51:00
16602,763.33,2,429,2010-11-16 09:13:00,2011-11-03 15:54:00
17466,763.28,2,306,2011-09-22 09:16:00,2011-11-29 13:15:00
15428,762.75,4,347,2009-12-17 17:46:00,2011-11-24 16:54:00
16806,762.16,4,356,2011-04-14 19:59:00,2011-08-28 15:27:00
13598,761.96,5,393,2010-02-26 11:22:00,2011-10-23 14:28:00
14883,761.59,6,790,2011-05-12 09:49:00,2011-11-21 10:23:00
17425,759.17,2,407,2011-10-10 11:37:00,2011-11-20 15:30:00
18246,758.82,3,214,2010-04-09 10:19:00,2011-11-16 11:49:00
16720,758.74,3,460,2009-12-17 17:54:00,2011-11-13 16:22:00
15908,758.62,2,173,2010-07-15 19:21:00,2010-08-06 11:56:00
15568,758.29,3,461,2011-09-27 14:37:00,2011-12-07 11:27:00
15006,757.78,2,387,2010-09-12 13:03:00,2011-10-19 15:08:00
16392,756.7,3,604,2010-05-27 11:17:00,2011-03-15 12:11:00
16262,755.15,1,446,2010-11-26 13:22:00,2010-11-26 13:22:00
16892,754.75,7,367,2009-12-08 14:20:00,2011-12-08 13:18:00
18104,754.64,1,362,2011-11-02 14:07:00,2011-11-02 14:07:00
18034,754.2,3,951,2010-11-29 12:36:00,2011-11-18 12:22:00
14234,754.12,4,951,2011-10-13 13:58:00,2011-11-17 17:53:00
14247,753.56,5,378,2010-06-06 15:07:00,2011-03-06 15:21:00
17579,753.28,4,375,2010-05-10 14:28:00,2011-12-05 12:28:00
14998,753.18,4,352,2010-04-13 16:07:00,2011-06-22 17:30:00
13730,752.6,2,488,2011-07-01 12:47:00,2011-07-27 08:35:00
13070,751.7,4,372,2009-12-07 14:44:00,2011-05-31 13:45:00
14923,749.1,1,418,2011-10-20 11:51:00,2011-10-20 11:51:00
16972,749.0,2,183,2010-09-09 11:20:00,2010-11-22 10:59:00
14048,748.69,3,467,2010-11-22 14:08:00,2011-02-07 14:53:00
15656,748.5,4,343,2011-02-28 15:32:00,2011-10-25 14:56:00
17387,746.81,2,522,2011-11-06 11:25:00,2011-11-20 11:00:00
14942,746.56,4,354,2009-12-10 10:32:00,2010-11-03 10:51:00
17889,746.42,7,403,2010-03-31 10:54:00,2011-05-11 16:26:00
14050,746.36,2,689,2011-08-25 13:46:00,2011-11-08 10:00:00
16465,746.24,2,504,2010-09-21 10:46:00,2010-10-15 09:27:00
18190,745.62,5,490,2009-12-22 12:05:00,2011-05-31 14:48:00
14228,745.5,3,260,2010-06-11 12:29:00,2010-09-28 09:45:00
13950,745.06,4,323,2011-04-07 11:29:00,2011-11-28 14:44:00
13236,744.85,2,416,2011-08-25 08:58:00,2011-11-15 12:50:00
12871,744.02,3,484,2010-09-26 10:34:00,2011-09-16 15:07:00
13354,743.53,1,604,2011-09-29 13:17:00,2011-09-29 13:17:00
14104,743.53,5,496,2010-05-28 16:11:00,2011-07-08 12:50:00
17038,743.17,2,535,2010-10-20 16:04:00,2011-11-09 13:50:00
16730,743.11,3,994,2011-01-24 14:01:00,2011-10-18 14:11:00
15420,743.0,6,844,2009-12-05 13:29:00,2010-10-01 15:46:00
14302,742.9,3,298,2009-12-02 08:16:00,2010-10-05 08:10:00
12465,742.19,2,479,2011-06-23 13:37:00,2011-11-22 16:34:00
18275,741.85,2,417,2009-12-08 16:23:00,2010-05-10 15:46:00
13721,741.54,2,512,2010-11-09 17:59:00,2011-11-03 14:05:00
13713,740.76,3,284,2010-05-05 16:48:00,2010-10-27 16:18:00
15919,739.77,2,560,2010-12-06 11:26:00,2011-11-20 11:28:00
15720,739.22,2,327,2010-06-07 15:40:00,2011-11-15 14:48:00
12603,739.2,1,63,2011-11-18 10:42:00,2011-11-18 10:42:00
15922,739.0,1,276,2010-12-01 13:51:00,2010-12-01 13:51:00
15988,738.89,3,476,2010-02-21 11:36:00,2011-11-20 13:23:00
15462,737.05,4,495,2010-09-20 10:23:00,2011-09-06 13:11:00
16075,736.93,2,271,2010-05-24 15:57:00,2010-07-25 11:31:00
17461,735.82,3,770,2011-11-10 12:01:00,2011-11-17 10:21:00
15045,735.66,2,114,2011-03-27 11:44:00,2011-07-11 11:33:00
12527,735.51,5,526,2010-06-28 15:37:00,2011-09-19 11:55:00
17430,735.17,4,515,2010-08-17 11:52:00,2011-11-07 09:24:00
13286,734.91,1,274,2010-04-18 15:35:00,2010-04-18 15:35:00
15938,734.81,9,449,2010-06-01 09:42:00,2011-08-19 12:56:00
12537,732.94,1,449,2010-10-27 08:36:00,2010-10-27 08:36:00
17979,732.41,4,383,2011-03-25 11:34:00,2011-11-04 12:05:00
13575,732.07,5,449,2011-06-16 14:24:00,2011-11-16 13:14:00
13780,732.07,3,479,2010-10-28 19:51:00,2011-12-02 13:49:00
17548,731.26,4,494,2010-11-08 16:19:00,2011-04-20 12:01:00
17681,731.2,5,450,2010-01-15 11:53:00,2010-04-21 17:22:00
14778,730.86,2,306,2011-02-04 11:43:00,2011-08-04 15:23:00
13921,730.7,4,210,2009-12-18 12:19:00,2010-11-02 16:32:00
13452,729.8,3,6,2010-08-24 09:53:00,2011-03-25 14:19:00
12925,729.33,3,649,2010-04-26 10:32:00,2011-12-05 11:11:00
15872,729.25,4,467,2010-06-07 14:53:00,2011-11-25 11:55:00
18163,728.84,1,452,2010-05-04 14:51:00,2010-05-04 14:51:00
17756,728.75,3,399,2010-11-10 12:54:00,2010-11-29 12:20:00
12786,728.5,1,324,2010-04-09 12:12:00,2010-04-09 12:12:00
17547,727.85,2,223,2010-02-12 14:34:00,2010-11-29 09:41:00
17141,727.58,4,423,2010-01-24 14:19:00,2010-10-17 14:54:00
17374,727.11,3,155,2010-11-09 17:14:00,2011-05-05 09:05:00
16447,727.1,3,315,2010-02-17 14:09:00,2011-07-27 12:45:00
18078,725.53,4,370,2010-03-21 15:50:00,2011-05-06 14:32:00
12723,725.07,5,434,2011-10-05 15:52:00,2011-12-06 10:19:00
17964,724.97,2,489,2010-12-02 13:32:00,2011-11-08 10:44:00
18187,724.89,1,310,2010-03-18 09:49:00,2010-03-18 09:49:00
13729,724.73,3,419,2010-01-24 14:57:00,2010-09-30 10:44:00
14798,724.31,8,601,2010-03-01 08:38:00,2011-10-18 10:58:00
17572,723.01,10,351,2009-12-15 10:00:00,2011-09-29 17:53:00
15368,722.74,2,406,2010-11-10 15:52:00,2011-11-18 14:42:00
13264,722.56,1,375,2010-09-23 12:42:00,2010-09-23 12:42:00
17615,721.8,6,378,2010-08-11 12:54:00,2011-08-01 14:06:00
13441,720.9,2,520,2010-10-04 10:38:00,2011-09-09 09:38:00
16023,719.81,3,358,2011-03-18 13:32:00,2011-10-24 16:34:00
17999,718.8,3,380,2010-11-26 13:16:00,2011-11-02 15:56:00
13537,717.85,2,337,2010-09-14 10:41:00,2010-10-10 12:45:00
13604,717.62,1,242,2010-02-19 12:02:00,2010-02-19 12:02:00
16269,717.57,1,579,2010-09-28 11:50:00,2010-09-28 11:50:00
12573,717.41,5,479,2010-08-31 17:25:00,2011-04-26 15:52:00
16526,717.21,2,279,2010-05-04 16:34:00,2011-06-21 12:02:00
15274,716.57,2,619,2011-11-21 14:17:00,2011-12-05 16:57:00
12519,716.54,2,387,2010-08-20 08:21:00,2011-10-07 09:26:00
12535,716.35,2,219,2011-06-06 12:47:00,2011-09-09 08:48:00
12492,715.21,3,444,2010-11-01 14:58:00,2011-10-07 15:15:00
15330,714.96,2,1312,2011-10-10 12:30:00,2011-11-07 17:50:00
13512,713.39,4,419,2010-05-05 13:22:00,2011-03-24 10:03:00
14026,713.11,2,427,2010-03-24 14:10:00,2010-08-26 10:31:00
13147,712.8,4,144,2011-09-01 12:28:00,2011-11-29 13:59:00
17761,712.78,1,398,2011-11-07 10:23:00,2011-11-07 10:23:00
14470,712.04,3,282,2010-10-05 12:39:00,2011-11-28 10:31:00
15127,711.5,2,464,2010-07-08 10:07:00,2011-10-05 10:30:00
13103,709.64,3,426,2010-05-11 14:41:00,2011-10-31 09:38:00
13057,709.59,3,456,2010-03-18 12:14:00,2010-06-27 15:44:00
13927,708.26,2,463,2010-09-28 16:12:00,2011-09-26 12:00:00
12485,708.1,1,414,2010-06-28 15:22:00,2010-06-28 15:22:00
14398,707.79,2,267,2010-06-30 11:57:00,2010-11-03 13:46:00
16449,707.69,2,367,2011-03-04 12:15:00,2011-05-26 10:25:00
12453,707.09,1,473,2011-07-28 14:08:00,2011-07-28 14:08:00
13626,707.04,2,398,2010-11-25 16:12:00,2011-04-01 10:05:00
16309,706.57,2,467,2011-04-13 11:46:00,2011-08-25 15:35:00
17051,706.49,4,507,2010-03-21 14:55:00,2011-05-29 14:13:00
12890,706.02,2,457,2010-11-17 14:05:00,2011-11-15 17:26:00
16364,705.79,2,279,2011-07-25 14:35:00,2011-11-28 11:27:00
16882,705.12,3,424,2011-01-26 17:43:00,2011-10-04 10:42:00
16015,704.55,3,907,2011-10-21 12:56:00,2011-12-06 10:58:00
12612,704.04,1,262,2011-09-26 15:35:00,2011-09-26 15:35:00
16274,703.5,1,306,2010-12-01 15:35:00,2010-12-01 15:35:00
12883,703.47,4,196,2011-09-11 15:18:00,2011-11-15 09:32:00
15103,703.36,2,329,2011-09-14 13:54:00,2011-11-08 14:53:00
17561,703.02,4,381,2009-12-06 13:29:00,2011-11-20 12:53:00
14699,702.6,4,484,2010-07-02 12:04:00,2011-05-09 14:54:00
16997,702.0,3,360,2011-01-18 11:51:00,2011-02-24 17:28:00
17825,701.96,4,516,2009-12-14 12:09:00,2010-04-20 12:01:00
14324,701.61,2,402,2010-01-15 13:31:00,2010-10-26 11:44:00
14179,701.57,2,319,2011-10-18 14:00:00,2011-10-30 12:07:00
14356,701.23,2,277,2011-09-19 14:43:00,2011-09-21 09:18:00
13833,700.41,2,243,2010-10-31 14:11:00,2011-07-03 13:27:00
17163,699.78,4,531,2010-02-02 10:39:00,2011-11-18 08:57:00
13242,699.4,7,350,2010-02-09 13:12:00,2011-08-19 12:53:00
16018,698.13,4,503,2009-12-07 13:57:00,2011-10-31 14:13:00
14497,697.06,2,332,2010-02-04 09:59:00,2011-02-03 17:01:00
16415,696.76,3,508,2010-02-01 12:30:00,2011-10-26 13:35:00
15700,696.68,2,357,2011-06-19 15:36:00,2011-06-20 16:53:00
14959,695.42,4,494,2011-02-16 13:00:00,2011-10-06 18:23:00
13101,695.4,4,478,2010-01-27 15:49:00,2011-04-19 14:37:00
15995,694.54,1,352,2010-10-21 13:57:00,2010-10-21 13:57:00
15053,693.95,3,984,2011-03-03 12:06:00,2011-12-05 12:08:00
14111,692.85,4,458,2011-04-12 11:36:00,2011-11-25 13:44:00
17733,692.19,2,463,2011-03-23 09:54:00,2011-11-01 08:16:00
12817,690.98,3,219,2010-10-01 08:57:00,2011-03-03 16:28:00
14880,690.59,3,365,2011-02-24 12:27:00,2011-09-23 13:42:00
16545,689.82,2,322,2010-11-29 10:39:00,2011-06-28 10:37:00
17834,689.67,2,639,2010-09-20 15:32:00,2010-10-21 12:09:00
17502,689.1,4,376,2011-11-10 16:39:00,2011-11-30 13:13:00
15361,689.07,4,373,2010-06-14 13:27:00,2010-12-13 09:52:00
12450,688.2,5,442,2010-08-22 13:11:00,2011-07-06 14:41:00
18017,688.0,4,400,2010-10-04 15:11:00,2011-09-19 16:15:00
15901,687.72,7,695,2010-06-14 12:39:00,2011-11-23 12:43:00
14809,686.76,2,232,2010-03-28 15:42:00,2010-03-28 15:44:00
13898,686.4,2,544,2010-10-24 15:42:00,2011-01-18 10:28:00
16824,686.24,3,390,2010-11-11 12:21:00,2011-11-24 12:38:00
17935,686.14,7,244,2009-12-04 14:33:00,2011-07-24 13:18:00
12658,686.05,1,320,2011-11-21 10:22:00,2011-11-21 10:22:00
15257,685.9,2,71,2010-10-21 14:03:00,2011-03-01 12:58:00
15219,685.45,2,271,2010-03-01 11:33:00,2011-06-16 16:57:00
15184,685.39,4,462,2009-12-16 12:06:00,2011-11-10 13:41:00
16885,684.6,4,358,2010-11-19 12:51:00,2011-11-24 13:40:00
13585,684.54,3,1386,2009-12-01 14:56:00,2010-06-27 12:33:00
15669,684.34,4,342,2011-03-21 09:13:00,2011-10-30 16:03:00
15207,683.92,3,428,2010-06-10 17:29:00,2010-10-19 13:29:00
17874,683.46,6,221,2011-03-29 11:25:00,2011-06-07 12:54:00
14222,683.17,1,607,2011-06-15 16:42:00,2011-06-15 16:42:00
15582,682.91,3,453,2011-05-03 13:36:00,2011-11-15 09:55:00
13987,682.54,2,492,2010-11-04 09:54:00,2010-11-25 10:20:00
12601,681.26,6,290,2010-10-31 10:57:00,2011-06-03 10:17:00
12478,680.99,1,236,2011-12-06 09:56:00,2011-12-06 09:56:00
18271,680.85,2,319,2009-12-08 11:27:00,2010-04-09 09:26:00
18082,680.84,1,608,2011-11-14 12:45:00,2011-11-14 12:45:00
13524,680.18,5,324,2011-05-04 12:26:00,2011-10-30 12:34:00
13809,679.7,3,281,2010-09-05 11:42:00,2011-02-07 13:15:00
13430,679.45,2,751,2011-09-14 14:26:00,2011-11-21 08:19:00
14151,679.45,2,405,2009-12-23 10:54:00,2010-02-04 15:35:00
17782,679.02,2,538,2010-11-22 10:03:00,2010-11-22 11:15:00
16646,678.8,1,1072,2010-09-16 13:28:00,2010-09-16 13:28:00
14182,678.77,4,174,2010-04-22 15:36:00,2010-09-22 11:45:00
13925,678.25,4,331,2011-07-28 12:09:00,2011-09-08 12:47:00
13974,677.72,2,356,2010-05-06 17:55:00,2011-10-21 14:41:00
16601,677.0,3,391,2010-03-26 13:39:00,2011-10-30 11:09:00
13040,676.99,2,355,2011-11-06 13:53:00,2011-12-01 10:38:00
17462,675.69,2,227,2011-02-28 17:01:00,2011-10-10 13:56:00
13325,675.3,1,240,2011-09-19 10:36:00,2011-09-19 10:36:00
13355,674.7,1,314,2011-08-09 14:48:00,2011-08-09 14:48:00
13951,674.45,3,459,2011-02-18 15:21:00,2011-06-16 16:43:00
14504,673.26,4,308,2011-03-06 14:38:00,2011-10-23 16:00:00
16648,672.8,3,503,2010-04-28 14:58:00,2011-10-28 08:58:00
16226,672.17,5,521,2010-10-22 11:19:00,2011-05-20 14:41:00
17011,671.7,3,792,2010-02-26 09:47:00,2011-11-09 13:30:00
15562,671.43,3,560,2009-12-13 15:17:00,2010-12-23 09:55:00
17709,671.01,5,295,2010-04-15 14:48:00,2011-06-23 11:55:00
13398,670.34,2,341,2010-09-17 09:34:00,2011-05-31 13:17:00
17418,670.06,3,521,2010-11-17 13:42:00,2011-10-28 13:00:00
13741,668.43,3,218,2011-05-06 13:43:00,2011-09-29 09:19:00
16268,667.65,2,533,2011-09-29 18:30:00,2011-09-29 18:30:00
17962,666.96,4,633,2010-01-13 15:24:00,2011-07-20 14:16:00
18123,666.64,3,616,2010-07-14 12:47:00,2011-11-15 14:23:00
13217,666.48,4,512,2010-02-22 12:49:00,2011-08-09 15:32:00
17105,665.78,2,693,2011-02-06 14:46:00,2011-07-03 15:53:00
16132,664.2,2,280,2010-03-22 10:25:00,2010-06-13 13:49:00
16704,664.16,2,433,2010-02-05 14:14:00,2010-03-31 14:02:00
13596,664.11,2,384,2011-11-27 11:57:00,2011-12-04 12:01:00
15643,664.0,3,246,2011-03-02 14:34:00,2011-06-01 07:38:00
14720,663.81,3,219,2011-08-05 12:06:00,2011-12-04 12:02:00
16573,663.61,2,360,2011-02-22 15:14:00,2011-09-16 09:13:00
15350,663.25,2,323,2010-11-21 15:14:00,2010-12-01 13:33:00
12837,662.66,2,194,2010-05-19 15:10:00,2011-06-19 16:07:00
13864,662.4,1,192,2010-11-18 12:50:00,2010-11-18 12:50:00
16862,662.33,4,513,2010-01-07 12:57:00,2010-06-10 13:05:00
14425,661.39,3,325,2009-12-02 11:31:00,2010-10-01 10:24:00
13028,661.32,2,798,2011-10-25 14:09:00,2011-11-17 11:10:00
12386,660.8,2,568,2010-12-08 09:53:00,2011-01-06 12:37:00
17375,660.55,4,480,2010-10-04 09:14:00,2011-05-24 15:45:00
14603,660.0,1,400,2011-03-10 10:27:00,2011-03-10 10:27:00
15405,659.84,2,348,2010-05-12 15:56:00,2011-06-03 14:44:00
15492,659.46,2,483,2011-09-26 14:02:00,2011-11-11 14:53:00
13759,659.41,2,287,2011-09-29 15:40:00,2011-11-06 14:47:00
13622,658.95,1,379,2010-01-12 13:22:00,2010-01-12 13:22:00
14452,658.95,4,285,2010-07-06 13:13:00,2011-11-29 12:06:00
14150,658.64,2,496,2010-12-15 10:04:00,2011-11-04 10:05:00
13433,658.32,4,190,2010-01-12 08:59:00,2010-07-26 16:55:00
16887,658.17,3,423,2009-12-01 13:41:00,2011-11-04 14:07:00
15880,658.06,1,404,2010-12-05 13:00:00,2010-12-05 13:00:00
15715,658.02,5,246,2010-03-30 12:17:00,2010-06-02 09:56:00
16696,657.9,4,146,2011-04-05 15:20:00,2011-07-27 14:23:00
17852,657.81,5,372,2009-12-08 12:51:00,2011-11-28 12:36:00
17459,657.3,2,537,2011-10-10 17:00:00,2011-10-27 13:25:00
16157,656.69,3,347,2011-09-28 11:48:00,2011-11-24 11:41:00
16708,656.63,1,285,2011-10-25 12:20:00,2011-10-25 12:20:00
14558,655.5,3,162,2009-12-08 10:41:00,2010-02-23 12:51:00
17371,655.37,6,281,2009-12-08 12:25:00,2011-11-22 13:30:00
16117,654.4,3,321,2010-04-27 11:50:00,2011-06-03 11:42:00
17398,653.38,3,310,2011-03-29 13:04:00,2011-08-17 09:48:00
13496,653.33,2,341,2010-12-15 10:17:00,2011-11-29 10:58:00
18121,653.3,2,438,2011-07-08 12:14:00,2011-07-13 12:53:00
15205,653.24,2,378,2011-08-04 16:07:00,2011-09-15 19:36:00
13820,652.75,3,285,2010-01-28 12:26:00,2010-10-17 13:46:00
17523,652.74,4,872,2011-11-20 13:40:00,2011-11-28 13:20:00
13840,651.4,1,358,2010-10-19 13:34:00,2010-10-19 13:34:00
12855,650.94,4,270,2010-11-02 18:16:00,2010-12-02 09:37:00
16056,650.75,1,345,2011-10-25 15:19:00,2011-10-25 15:19:00
16969,650.41,3,816,2011-06-01 12:10:00,2011-10-31 13:12:00
17779,650.32,3,396,2011-07-19 12:19:00,2011-11-18 14:15:00
14034,648.89,3,420,2011-07-05 13:06:00,2011-11-17 14:02:00
12844,648.6,4,223,2010-04-25 11:51:00,2011-11-10 13:31:00
16495,648.26,3,328,2011-03-08 16:38:00,2011-12-06 13:20:00
17777,647.56,3,501,2011-08-31 14:35:00,2011-11-15 12:02:00
16734,646.76,3,345,2011-08-17 15:00:00,2011-10-18 13:44:00
13474,646.59,3,318,2010-08-01 14:40:00,2011-04-17 13:53:00
14024,645.74,3,238,2010-11-14 10:51:00,2011-08-10 11:30:00
17380,645.0,3,252,2010-06-23 11:24:00,2010-10-01 16:42:00
12719,644.95,2,374,2011-10-05 14:50:00,2011-12-04 13:45:00
16185,644.72,3,321,2010-05-24 11:04:00,2011-11-23 09:41:00
17312,644.3,3,372,2011-07-03 13:12:00,2011-07-24 11:52:00
17976,643.58,1,186,2010-12-02 13:49:00,2010-12-02 13:49:00
17963,643.16,4,341,2010-01-19 17:25:00,2010-08-25 15:58:00
13237,643.0,1,128,2010-11-17 10:07:00,2010-11-17 10:07:00
15297,641.94,3,292,2011-10-07 09:42:00,2011-11-29 16:32:00
14537,641.4,2,228,2010-03-26 13:44:00,2011-10-13 10:54:00
12365,641.38,2,174,2011-02-21 13:51:00,2011-02-21 14:04:00
12624,641.13,2,355,2011-06-15 12:34:00,2011-08-25 15:04:00
13318,640.76,3,304,2011-11-02 13:26:00,2011-12-08 18:51:00
14563,640.54,2,279,2010-04-26 12:51:00,2010-07-18 12:01:00
12538,640.45,2,336,2010-11-26 13:02:00,2011-11-10 17:16:00
12880,640.13,2,279,2010-05-14 11:57:00,2010-11-23 10:50:00
15183,639.93,3,297,2010-05-04 11:31:00,2010-06-10 10:43:00
12734,639.65,3,265,2010-11-12 13:26:00,2010-12-22 12:47:00
15648,639.5,2,218,2011-03-17 18:59:00,2011-05-19 15:53:00
17998,639.24,3,561,2009-12-01 13:07:00,2010-11-24 15:31:00
16428,638.49,3,575,2010-07-30 12:10:00,2010-10-22 12:22:00
12699,638.11,1,373,2010-10-18 12:07:00,2010-10-18 12:07:00
14664,636.24,2,465,2011-11-06 14:56:00,2011-11-20 10:59:00
15829,636.14,2,996,2011-07-22 10:23:00,2011-09-01 16:45:00
16534,635.9,1,168,2010-03-07 15:47:00,2010-03-07 15:47:00
17334,635.15,3,566,2010-10-29 12:16:00,2011-02-10 14:59:00
14365,634.68,2,557,2010-01-27 09:44:00,2010-11-10 09:52:00
14219,633.83,3,363,2010-08-03 14:42:00,2011-12-05 16:23:00
15666,632.94,2,469,2010-08-01 15:41:00,2010-08-24 16:14:00
13540,632.39,3,189,2010-02-22 09:22:00,2010-08-29 14:20:00
14237,632.14,2,276,2010-04-28 10:04:00,2010-12-01 13:20:00
18183,632.07,2,371,2011-03-10 10:08:00,2011-04-26 15:26:00
13822,632.0,2,611,2011-10-30 15:55:00,2011-12-04 12:13:00
17985,631.35,1,171,2011-11-17 14:24:00,2011-11-17 14:24:00
13706,631.17,2,301,2010-03-23 09:18:00,2011-02-10 09:21:00
16193,630.43,2,379,2010-10-25 10:25:00,2011-04-17 11:45:00
16399,630.22,3,452,2010-11-15 15:03:00,2011-11-20 16:12:00
13525,628.78,2,394,2011-04-05 15:36:00,2011-11-25 12:01:00
14283,628.44,4,550,2010-05-19 12:22:00,2010-09-02 14:46:00
16158,628.32,9,182,2009-12-05 15:00:00,2010-07-05 13:55:00
13480,627.82,2,362,2010-01-29 12:35:00,2010-10-19 11:53:00
13518,627.16,1,382,2011-09-15 10:29:00,2011-09-15 10:29:00
14036,626.65,1,268,2011-02-28 09:26:00,2011-02-28 09:26:00
13914,626.45,2,380,2011-11-03 16:28:00,2011-11-28 10:35:00
14381,625.94,2,449,2010-09-14 16:15:00,2011-10-18 17:10:00
14793,625.9,2,361,2010-06-22 16:54:00,2011-11-18 14:50:00
16715,625.52,2,1174,2010-05-26 12:35:00,2011-09-22 18:15:00
16330,625.38,7,326,2010-02-15 12:36:00,2011-11-22 12:24:00
17134,625.3,3,144,2010-09-23 18:32:00,2011-08-25 09:53:00
13776,623.98,2,2,2010-10-07 16:07:00,2010-10-07 16:11:00
16750,623.93,5,214,2011-04-21 16:53:00,2011-10-26 12:48:00
15147,623.5,1,366,2011-04-13 15:57:00,2011-04-13 15:57:00
16792,623.46,5,324,2010-01-04 13:47:00,2011-03-02 14:41:00
16431,623.28,3,442,2011-02-15 14:02:00,2011-05-10 14:09:00
15258,623.16,2,142,2011-05-06 14:16:00,2011-06-24 12:30:00
12575,622.82,2,315,2010-07-01 09:15:00,2010-09-08 13:09:00
14115,622.67,2,509,2010-02-11 11:44:00,2010-07-26 12:36:00
17005,622.36,2,691,2010-04-30 10:55:00,2010-08-26 10:57:00
18101,622.01,5,247,2010-02-03 13:52:00,2011-11-28 13:37:00
14169,621.51,2,205,2010-09-21 13:39:00,2010-10-05 08:45:00
16368,621.44,3,307,2010-09-30 11:30:00,2011-12-07 13:12:00
15016,620.89,5,243,2010-06-14 13:06:00,2011-06-20 12:06:00
13836,620.37,2,273,2010-10-21 13:27:00,2010-11-05 13:31:00
14339,620.27,2,456,2010-10-07 08:50:00,2011-04-11 11:06:00
12667,620.13,1,395,2011-10-12 17:00:00,2011-10-12 17:00:00
15276,619.8,4,317,2010-10-01 12:24:00,2011-10-04 16:39:00
13444,619.08,2,331,2010-07-21 14:34:00,2010-11-30 13:02:00
13020,618.96,2,278,2010-02-18 10:35:00,2010-05-26 11:12:00
14079,618.73,2,302,2010-01-26 17:19:00,2011-08-07 12:10:00
13493,618.63,2,380,2011-02-25 16:42:00,2011-03-09 15:35:00
16613,618.59,1,293,2011-09-30 15:52:00,2011-09-30 15:52:00
14594,618.33,2,329,2010-12-01 13:54:00,2011-12-02 13:28:00
12596,618.27,2,474,2011-04-11 13:22:00,2011-10-19 13:02:00
13301,618.09,4,345,2011-02-20 13:13:00,2011-08-28 11:25:00
14455,617.72,4,706,2010-08-01 13:26:00,2010-10-03 15:48:00
15956,617.6,2,278,2009-12-13 11:16:00,2010-06-06 13:06:00
14377,617.05,2,219,2011-03-22 13:38:00,2011-06-01 13:32:00
13369,616.56,1,298,2010-12-09 11:30:00,2010-12-09 11:30:00
16311,616.26,2,394,2011-10-21 13:13:00,2011-11-22 08:54:00
17639,615.17,6,576,2010-08-13 11:59:00,2011-03-08 15:22:00
15275,615.14,1,498,2011-11-02 11:20:00,2011-11-02 11:20:00
14077,615.08,6,376,2010-11-09 16:01:00,2011-10-30 12:35:00
16847,614.89,2,255,2010-03-31 13:32:00,2011-10-27 13:29:00
16566,614.66,5,362,2011-02-20 10:29:00,2011-11-24 16:34:00
16844,614.34,2,281,2010-05-06 09:16:00,2010-05-26 10:29:00
16343,614.12,3,345,2010-10-28 14:15:00,2011-11-23 17:45:00
14570,613.75,3,431,2010-09-22 13:07:00,2011-03-04 10:58:00
17035,613.59,4,327,2009-12-03 10:37:00,2011-04-08 11:23:00
15362,613.08,2,368,2009-12-01 09:08:00,2010-09-17 10:37:00
16116,612.78,1,248,2011-05-12 12:01:00,2011-05-12 12:01:00
16178,612.6,2,304,2010-11-03 14:46:00,2011-07-24 16:05:00
16589,612.36,4,536,2010-09-15 14:56:00,2011-09-29 14:50:00
12513,612.29,1,462,2011-08-19 10:51:00,2011-08-19 10:51:00
13008,612.13,3,379,2009-12-16 16:07:00,2011-01-20 14:24:00
15232,612.06,2,686,2011-07-22 12:21:00,2011-08-18 16:27:00
16922,611.08,1,281,2010-05-16 11:24:00,2010-05-16 11:24:00
13731,610.59,2,278,2011-04-07 10:10:00,2011-05-04 14:33:00
13832,609.89,2,420,2010-10-13 14:41:00,2011-11-20 15:36:00
14636,609.85,2,241,2011-03-16 09:52:00,2011-11-03 16:12:00
15748,609.81,3,261,2010-09-16 16:52:00,2011-10-30 12:51:00
17325,609.57,3,465,2010-03-08 11:31:00,2011-03-04 13:09:00
17707,609.3,8,546,2009-12-07 12:19:00,2011-06-07 15:03:00
16675,608.86,2,296,2010-08-18 13:11:00,2010-09-24 12:15:00
13933,608.79,2,205,2011-07-14 13:35:00,2011-08-22 14:03:00
15018,607.46,3,210,2010-12-07 10:47:00,2011-11-01 12:47:00
15717,607.0,5,224,2010-04-26 10:41:00,2011-04-19 13:21:00
17473,607.0,2,270,2010-09-09 19:03:00,2010-10-27 11:45:00
17119,606.91,2,334,2011-10-11 11:03:00,2011-12-06 14:40:00
15158,606.02,2,219,2010-11-03 13:46:00,2011-10-25 13:53:00
16590,605.9,2,240,2010-10-21 12:09:00,2010-11-04 09:06:00
17507,605.58,2,359,2011-02-03 18:08:00,2011-03-23 11:48:00
14323,605.06,2,350,2011-04-15 11:44:00,2011-08-17 11:37:00
16321,604.55,7,259,2009-12-01 10:36:00,2011-09-28 14:55:00
12944,604.51,2,289,2010-12-20 10:41:00,2011-11-04 11:04:00
14611,604.33,2,582,2010-04-20 10:19:00,2010-09-22 09:19:00
13106,603.46,2,231,2010-10-22 13:10:00,2011-07-29 15:12:00
12707,603.42,1,256,2011-02-21 08:38:00,2011-02-21 08:38:00
18264,603.25,1,241,2010-07-29 10:02:00,2010-07-29 10:02:00
16022,602.63,1,255,2011-03-24 13:16:00,2011-03-24 13:16:00
16080,602.56,4,298,2010-09-15 14:19:00,2011-09-19 10:42:00
12654,601.98,5,264,2011-02-17 13:16:00,2011-11-29 10:10:00
17270,601.45,2,420,2009-12-07 17:18:00,2010-08-27 14:09:00
14254,601.03,1,263,2010-10-03 11:52:00,2010-10-03 11:52:00
12420,600.39,1,345,2011-10-07 08:55:00,2011-10-07 08:55:00
17745,600.34,2,164,2010-06-02 09:03:00,2010-08-19 12:30:00
18211,600.07,5,359,2011-03-06 12:09:00,2011-11-14 08:10:00
17678,599.76,2,368,2010-04-15 13:54:00,2011-03-21 11:52:00
12521,599.68,1,309,2011-07-20 10:51:00,2011-07-20 10:51:00
12556,599.56,2,355,2011-07-11 13:35:00,2011-10-20 13:06:00
13311,598.57,2,305,2011-07-12 14:26:00,2011-12-05 12:55:00
15424,597.78,3,873,2010-09-02 17:17:00,2011-03-30 13:02:00
14569,597.33,4,257,2010-04-15 11:49:00,2011-12-08 14:58:00
15631,596.67,1,525,2010-03-07 14:52:00,2010-03-07 14:52:00
16780,596.4,3,352,2010-10-28 19:41:00,2011-08-31 16:09:00
15346,596.12,3,260,2010-10-04 15:11:00,2011-01-11 11:18:00
14965,596.09,2,363,2011-09-04 13:15:00,2011-09-04 13:20:00
17845,596.09,4,195,2010-05-12 13:04:00,2010-06-02 15:20:00
17209,595.7,3,723,2009-12-03 11:10:00,2010-02-28 16:01:00
17658,595.42,2,616,2011-05-12 15:23:00,2011-11-14 12:07:00
13684,594.88,4,234,2010-03-28 14:48:00,2011-02-27 10:13:00
14771,594.62,2,622,2009-12-03 09:44:00,2010-03-28 12:52:00
13558,594.52,4,338,2011-10-02 13:01:00,2011-12-04 11:24:00
15442,594.0,1,120,2011-04-05 12:24:00,2011-04-05 12:24:00
15929,594.0,1,120,2010-03-05 14:56:00,2010-03-05 14:56:00
14746,593.5,4,398,2010-10-12 11:06:00,2010-10-29 14:44:00
16412,593.19,5,288,2010-02-04 13:46:00,2011-10-17 12:35:00
18232,592.97,4,302,2011-05-26 16:30:00,2011-09-19 11:49:00
16776,592.51,2,435,2010-10-20 12:13:00,2011-10-10 13:04:00
13472,592.24,2,310,2010-06-02 09:48:00,2010-09-02 09:41:00
17815,591.96,1,612,2010-11-11 14:39:00,2010-11-11 14:39:00
17156,591.87,1,391,2010-08-05 11:30:00,2010-08-05 11:30:00
12790,591.85,2,306,2010-10-25 13:04:00,2011-05-31 14:14:00
17483,591.73,4,265,2010-10-21 12:43:00,2011-10-05 13:10:00
15524,591.4,2,28,2010-04-12 09:19:00,2011-11-15 12:09:00
17098,591.07,3,125,2010-06-17 10:30:00,2010-11-23 12:13:00
15160,589.27,4,307,2010-10-14 15:26:00,2010-12-17 14:15:00
15624,588.13,4,357,2011-03-28 13:32:00,2011-08-15 11:38:00
15191,588.05,3,287,2010-01-20 12:35:00,2010-09-02 15:37:00
17890,586.89,2,402,2010-12-13 15:12:00,2011-01-21 11:19:00
14173,586.0,6,194,2009-12-09 12:46:00,2011-11-29 11:54:00
17392,585.92,3,450,2010-09-15 16:17:00,2011-02-06 12:48:00
12384,585.27,2,126,2011-08-10 11:23:00,2011-11-11 08:39:00
12800,584.25,3,284,2010-02-01 11:02:00,2010-08-26 14:11:00
14023,584.07,2,345,2011-04-03 15:50:00,2011-12-02 13:58:00
15762,583.75,2,251,2011-09-23 15:17:00,2011-10-05 16:15:00
17014,583.43,3,243,2011-10-04 11:36:00,2011-12-01 14:09:00
16001,583.39,1,337,2010-11-23 17:10:00,2010-11-23 17:10:00
14670,583.33,3,423,2009-12-07 13:59:00,2011-03-04 14:13:00
16445,583.16,4,287,2010-10-24 12:39:00,2011-11-06 12:32:00
15918,582.88,3,240,2010-03-18 11:40:00,2011-06-02 11:42:00
16100,582.64,1,438,2010-09-03 11:39:00,2010-09-03 11:39:00
16802,582.61,2,369,2009-12-09 13:00:00,2010-01-29 13:44:00
17099,582.17,1,317,2010-06-24 16:25:00,2010-06-24 16:25:00
14742,579.85,1,374,2010-09-30 14:07:00,2010-09-30 14:07:00
16596,579.63,4,227,2009-12-10 13:09:00,2011-11-24 10:02:00
15588,579.6,1,96,2010-01-31 12:19:00,2010-01-31 12:19:00
14529,578.61,3,325,2011-08-21 14:10:00,2011-10-10 15:27:00
18262,577.54,3,552,2010-04-16 09:05:00,2011-07-22 16:04:00
15830,576.0,1,415,2011-11-02 10:40:00,2011-11-02 10:40:00
17557,575.46,4,310,2009-12-07 10:15:00,2011-11-25 12:57:00
17773,575.37,2,254,2010-01-18 14:32:00,2010-07-13 14:07:00
12859,575.1,1,292,2010-09-07 12:20:00,2010-09-07 12:20:00
13262,573.45,3,247,2010-04-18 12:14:00,2011-03-21 15:06:00
12879,573.22,3,370,2011-09-09 12:11:00,2011-10-26 12:24:00
17274,573.22,2,271,2010-11-09 12:06:00,2011-11-04 13:16:00
13424,572.77,1,529,2010-09-16 10:49:00,2010-09-16 10:49:00
13379,572.56,3,601,2011-07-26 12:26:00,2011-11-13 13:45:00
13179,572.31,1,368,2010-03-31 11:40:00,2010-03-31 11:40:00
14053,572.3,4,490,2010-08-10 11:02:00,2011-08-07 14:27:00
12816,572.2,2,128,2011-06-16 13:24:00,2011-09-05 12:41:00
13816,571.67,2,269,2011-10-06 14:37:00,2011-11-16 08:38:00
15198,571.35,5,327,2010-01-19 10:01:00,2011-09-08 14:42:00
15691,571.3,4,212,2009-12-06 16:01:00,2011-04-01 15:13:00
18053,571.07,3,409,2010-06-30 12:36:00,2011-09-30 09:05:00
15821,570.96,2,202,2011-10-09 13:28:00,2011-10-26 15:48:00
13190,570.66,3,308,2009-12-07 12:13:00,2010-06-13 15:47:00
15315,570.5,2,862,2011-08-15 15:17:00,2011-10-06 12:51:00
17122,570.5,4,368,2010-07-28 09:34:00,2011-08-12 14:33:00
15857,570.48,2,584,2010-10-05 16:43:00,2011-11-21 12:18:00
14170,570.18,3,270,2010-11-09 14:06:00,2010-11-29 13:10:00
17433,569.96,2,305,2010-11-19 13:37:00,2011-09-12 14:24:00
15169,569.22,2,356,2009-12-13 11:16:00,2010-11-22 13:04:00
15920,569.14,9,238,2009-12-14 13:09:00,2011-07-08 15:31:00
13406,568.92,2,292,2010-03-18 07:29:00,2010-10-08 14:44:00
18244,568.64,2,856,2010-07-25 10:30:00,2010-10-05 11:15:00
13321,567.36,2,372,2011-09-14 15:18:00,2011-09-28 15:24:00
16667,567.18,2,236,2011-02-28 12:57:00,2011-10-02 15:26:00
14208,567.05,2,529,2010-06-06 13:11:00,2011-09-06 12:48:00
15627,566.9,2,344,2010-07-05 11:56:00,2010-09-08 14:14:00
13998,566.7,3,204,2010-05-12 13:18:00,2010-09-19 10:20:00
18150,566.58,3,332,2011-05-22 10:47:00,2011-11-07 16:49:00
13894,564.62,3,354,2011-02-02 12:54:00,2011-11-16 09:44:00
15344,563.94,3,116,2011-09-26 14:48:00,2011-12-09 10:45:00
15143,563.63,2,320,2010-10-03 13:58:00,2011-04-28 12:03:00
15597,563.37,2,393,2010-05-13 13:10:00,2011-11-04 13:26:00
14986,563.1,2,338,2010-01-24 15:54:00,2010-11-28 15:25:00
17665,563.1,1,690,2010-08-03 13:12:00,2010-08-03 13:12:00
17195,562.98,1,486,2010-02-22 13:05:00,2010-02-22 13:05:00
17970,562.79,1,513,2011-05-12 20:03:00,2011-05-12 20:03:00
12559,561.71,2,283,2011-01-24 10:12:00,2011-02-02 09:49:00
17233,560.86,3,298,2009-12-15 12:03:00,2011-11-04 14:06:00
15655,560.67,1,324,2011-04-10 15:25:00,2011-04-10 15:25:00
17413,560.14,2,302,2010-05-19 11:11:00,2010-10-31 12:33:00
14273,559.97,4,264,2011-04-11 13:24:00,2011-10-19 13:20:00
15415,559.61,1,551,2011-01-30 14:13:00,2011-01-30 14:13:00
17503,558.96,2,486,2011-11-01 11:12:00,2011-12-07 09:18:00
14592,557.94,3,407,2011-10-06 18:08:00,2011-11-04 16:35:00
13260,557.62,1,142,2011-10-09 13:21:00,2011-10-09 13:21:00
18127,556.13,4,250,2010-11-01 13:56:00,2011-11-20 14:05:00
13024,555.87,2,181,2010-05-06 14:25:00,2010-08-26 09:42:00
15102,554.67,2,339,2010-06-11 10:16:00,2010-06-27 12:16:00
15634,554.65,2,227,2010-11-21 15:30:00,2011-11-22 16:28:00
18056,554.6,2,334,2010-03-31 12:29:00,2011-02-24 14:27:00
16641,554.5,2,454,2010-01-07 12:22:00,2011-08-26 12:49:00
15650,553.88,2,210,2010-03-21 11:46:00,2010-07-06 10:41:00
17407,552.9,1,426,2010-10-24 11:57:00,2010-10-24 11:57:00
17016,552.4,1,309,2010-05-12 12:32:00,2010-05-12 12:32:00
12363,552.0,2,408,2011-04-11 13:29:00,2011-08-22 10:18:00
13677,551.24,2,217,2010-07-07 17:25:00,2010-10-31 11:32:00
16414,551.21,5,201,2010-01-14 10:21:00,2011-11-18 09:42:00
17291,550.8,1,72,2011-02-04 13:04:00,2011-02-04 13:04:00
17265,550.01,2,389,2011-06-12 12:00:00,2011-07-24 10:49:00
12390,549.84,1,353,2011-09-21 09:33:00,2011-09-21 09:33:00
16111,549.33,1,233,2010-10-07 19:51:00,2010-10-07 19:51:00
15055,549.12,3,225,2009-12-16 15:48:00,2010-08-22 11:06:00
15200,549.05,1,195,2010-08-02 09:38:00,2010-08-02 09:38:00
15842,548.8,2,296,2010-06-30 09:06:00,2010-11-11 14:08:00
13948,548.76,4,248,2009-12-04 12:14:00,2010-12-14 10:18:00
16936,548.29,2,339,2010-11-19 11:54:00,2011-11-14 11:04:00
18039,548.22,4,555,2010-03-09 11:19:00,2010-11-30 13:07:00
16536,548.12,1,250,2011-08-21 15:54:00,2011-08-21 15:54:00
15598,548.02,2,404,2010-10-08 09:20:00,2011-10-17 16:04:00
16031,547.9,2,421,2011-04-06 14:23:00,2011-09-08 13:07:00
16811,547.07,2,477,2011-11-22 17:19:00,2011-12-05 11:39:00
17637,547.06,2,280,2011-08-16 13:25:00,2011-11-08 12:51:00
17295,547.0,3,293,2011-10-06 12:22:00,2011-11-11 10:49:00
17520,546.81,1,365,2011-10-17 12:04:00,2011-10-17 12:04:00
15080,546.25,2,287,2010-07-26 10:03:00,2010-10-08 11:52:00
17806,546.04,1,727,2011-11-28 14:12:00,2011-11-28 14:12:00
15728,544.6,2,132,2010-09-21 14:46:00,2010-11-25 10:39:00
18207,544.47,1,325,2010-07-28 14:26:00,2010-07-28 14:26:00
16475,544.3,4,319,2011-03-11 09:39:00,2011-09-12 14:37:00
13390,544.08,1,224,2011-09-26 08:38:00,2011-09-26 08:38:00
13955,544.07,3,272,2010-11-29 17:35:00,2011-07-08 17:19:00
14716,543.28,3,643,2010-09-21 12:07:00,2011-10-27 17:29:00
16927,543.05,3,993,2010-12-13 11:57:00,2011-08-16 11:10:00
15959,542.89,3,269,2010-01-26 16:19:00,2010-01-26 16:38:00
16519,542.76,4,174,2010-03-01 13:51:00,2011-11-14 15:41:00
13785,542.49,4,151,2010-09-05 16:01:00,2010-10-07 09:25:00
15675,542.04,4,624,2010-10-31 14:14:00,2011-09-19 13:48:00
16230,542.03,2,365,2011-05-03 15:12:00,2011-06-03 10:06:00
16060,541.95,3,243,2010-08-02 15:26:00,2010-11-04 12:10:00
16647,541.9,4,396,2010-06-13 15:52:00,2011-06-23 11:47:00
17447,541.53,2,443,2011-09-29 10:10:00,2011-10-30 14:18:00
17643,541.25,2,297,2010-07-22 13:07:00,2010-12-01 14:38:00
17580,541.02,5,223,2010-10-13 14:28:00,2011-04-01 12:41:00
16576,540.87,2,323,2010-07-06 10:42:00,2010-10-15 13:37:00
12819,540.52,1,344,2010-09-07 15:20:00,2010-09-07 15:20:00
12743,540.13,2,315,2011-07-28 16:06:00,2011-07-28 16:21:00
17524,539.14,3,362,2010-09-27 16:20:00,2010-12-13 14:32:00
13812,539.0,3,333,2011-08-26 12:54:00,2011-10-28 14:27:00
15539,538.46,1,410,2011-12-02 13:36:00,2011-12-02 13:36:00
13961,538.4,1,226,2010-11-12 14:40:00,2010-11-12 14:40:00
14539,537.48,2,428,2011-10-26 12:03:00,2011-11-24 09:50:00
16804,536.99,3,246,2011-03-14 15:48:00,2011-11-16 16:43:00
18140,536.41,1,395,2010-08-23 11:58:00,2010-08-23 11:58:00
13207,535.86,4,178,2010-04-06 16:37:00,2011-11-24 14:52:00
15890,535.65,5,119,2010-04-14 08:43:00,2010-11-10 12:46:00
16142,535.34,1,422,2011-04-04 10:16:00,2011-04-04 10:16:00
12810,534.99,2,389,2010-02-01 09:52:00,2010-06-23 10:53:00
13807,534.8,3,152,2009-12-04 12:41:00,2010-12-07 15:48:00
13385,534.57,1,281,2011-01-14 09:52:00,2011-01-14 09:52:00
17443,534.24,1,504,2011-05-04 10:47:00,2011-05-04 10:47:00
17436,534.06,5,178,2009-12-07 12:31:00,2011-12-08 12:30:00
16785,533.78,1,313,2010-10-26 10:36:00,2010-10-26 10:36:00
16707,533.41,4,396,2010-03-09 15:16:00,2010-11-04 14:39:00
13594,533.32,2,396,2010-08-11 10:23:00,2011-10-18 10:19:00
15433,533.3,2,534,2011-03-17 14:12:00,2011-05-10 10:45:00
15825,532.94,1,220,2011-06-20 13:27:00,2011-06-20 13:27:00
15659,532.49,3,161,2010-02-24 13:32:00,2011-10-27 09:23:00
15115,531.85,2,245,2009-12-07 11:20:00,2011-11-21 14:59:00
14940,531.49,2,384,2009-12-06 15:46:00,2010-10-18 10:47:00
16583,531.4,2,264,2010-02-04 12:18:00,2010-12-01 12:03:00
16706,531.35,3,249,2011-08-17 15:53:00,2011-11-02 13:50:00
16935,530.86,3,273,2010-10-14 13:09:00,2010-11-23 09:16:00
15917,530.17,5,248,2009-12-02 14:55:00,2011-04-06 10:40:00
18159,530.15,1,139,2011-02-11 14:26:00,2011-02-11 14:26:00
14002,529.73,2,877,2011-07-06 14:59:00,2011-07-28 15:55:00
17458,529.58,2,282,2010-11-23 11:43:00,2011-11-24 13:01:00
18191,529.4,2,332,2010-08-19 17:42:00,2011-03-23 12:08:00
16406,528.36,3,257,2010-02-24 11:51:00,2011-11-21 11:57:00
15756,528.01,4,241,2011-04-04 14:00:00,2011-10-09 13:30:00
18098,527.94,1,215,2010-11-08 16:31:00,2010-11-08 16:31:00
14616,527.78,5,170,2010-06-09 09:42:00,2011-04-11 09:54:00
12479,527.2,1,385,2011-11-28 13:26:00,2011-11-28 13:26:00
16421,526.27,3,123,2010-08-27 12:02:00,2010-11-28 13:31:00
15467,524.88,3,310,2011-07-10 14:42:00,2011-11-30 14:17:00
14417,524.65,1,543,2010-11-17 10:55:00,2010-11-17 10:55:00
15683,524.54,2,332,2010-08-23 12:01:00,2011-08-14 12:56:00
17765,524.0,4,195,2010-09-17 12:45:00,2011-07-04 12:41:00
13277,523.3,7,382,2010-06-18 08:45:00,2011-11-24 09:21:00
17712,522.91,1,215,2011-10-26 12:28:00,2011-10-26 12:28:00
13605,522.67,2,425,2010-05-17 15:46:00,2010-11-17 17:16:00
16413,522.03,2,283,2010-11-29 12:49:00,2011-10-14 12:08:00
17514,522.0,2,284,2010-02-08 14:00:00,2011-08-03 15:45:00
12956,521.89,4,340,2009-12-15 19:03:00,2011-02-06 16:08:00
15689,521.03,3,207,2010-04-01 09:53:00,2011-08-12 09:37:00
13977,519.81,1,303,2010-10-24 14:08:00,2010-10-24 14:08:00
12571,519.61,2,523,2011-08-10 12:35:00,2011-10-31 10:19:00
12777,519.45,1,458,2010-09-08 11:35:00,2010-09-08 11:35:00
12825,518.63,2,139,2010-03-08 10:17:00,2010-07-06 13:56:00
13600,518.42,2,599,2010-03-15 17:16:00,2011-01-31 15:27:00
12979,517.7,1,520,2009-12-10 15:45:00,2009-12-10 15:45:00
18205,517.36,2,192,2011-09-26 12:02:00,2011-11-03 13:22:00
14311,516.45,2,235,2010-05-21 10:28:00,2011-04-11 10:14:00
13043,516.42,1,254,2011-03-11 14:52:00,2011-03-11 14:52:00
14429,516.28,1,286,2010-11-01 10:08:00,2010-11-01 10:08:00
13859,515.86,2,167,2010-06-28 15:36:00,2011-01-17 16:14:00
18243,515.78,1,221,2010-10-21 14:29:00,2010-10-21 14:29:00
14949,515.0,4,250,2009-12-18 15:28:00,2010-08-27 15:38:00
17510,514.56,2,422,2010-10-15 10:20:00,2011-11-15 10:00:00
18212,514.37,2,158,2010-01-31 14:42:00,2011-01-17 16:14:00
12897,514.25,4,249,2010-06-14 11:58:00,2011-05-19 12:13:00
12977,513.88,4,128,2010-07-16 16:25:00,2011-07-06 16:40:00
18011,513.58,2,196,2010-05-21 13:28:00,2010-12-01 17:35:00
16829,513.32,2,215,2010-11-16 18:11:00,2011-07-06 10:48:00
13177,512.2,2,180,2010-10-05 10:35:00,2011-10-06 09:56:00
15891,511.68,1,418,2011-04-27 12:35:00,2011-04-27 12:35:00
12361,511.25,4,235,2010-01-26 14:37:00,2011-02-25 13:51:00
16561,511.12,2,244,2011-10-11 09:53:00,2011-12-04 11:50:00
13367,510.2,1,253,2010-10-04 10:00:00,2010-10-04 10:00:00
13710,509.52,3,336,2010-04-06 12:54:00,2011-11-08 08:16:00
14008,509.04,1,326,2010-10-03 13:09:00,2010-10-03 13:09:00
12436,509.01,1,211,2011-09-01 12:09:00,2011-09-01 12:09:00
12907,508.91,2,177,2010-08-02 14:33:00,2010-11-09 12:08:00
15417,508.8,1,284,2011-09-15 15:26:00,2011-09-15 15:26:00
17391,508.8,2,480,2011-06-28 12:21:00,2011-06-29 09:58:00
14317,508.58,1,255,2011-10-06 10:44:00,2011-10-06 10:44:00
13067,508.51,3,131,2010-09-19 13:43:00,2011-09-18 13:38:00
14552,507.93,3,258,2010-04-26 13:44:00,2011-07-11 12:49:00
17415,507.84,1,114,2011-09-21 12:50:00,2011-09-21 12:50:00
14158,507.66,1,781,2011-10-30 15:08:00,2011-10-30 15:08:00
17384,507.55,3,121,2010-08-29 16:01:00,2011-11-20 15:48:00
13885,506.8,2,182,2011-05-23 08:52:00,2011-06-03 15:07:00
13123,506.75,2,268,2010-06-28 12:43:00,2010-08-24 10:18:00
14647,506.04,2,175,2010-07-04 13:27:00,2011-05-22 13:40:00
12988,505.82,1,126,2011-02-20 14:31:00,2011-02-20 14:31:00
14807,504.14,2,234,2010-02-28 11:33:00,2010-11-14 12:47:00
17630,503.6,2,158,2011-04-21 14:03:00,2011-06-23 11:58:00
12376,503.15,2,240,2010-10-18 08:42:00,2010-11-15 12:15:00
12419,503.01,2,231,2010-10-22 10:40:00,2010-11-19 10:04:00
15138,502.52,1,300,2010-11-11 09:16:00,2010-11-11 09:16:00
17276,502.49,1,187,2010-11-02 16:20:00,2010-11-02 16:20:00
17266,501.72,5,243,2010-03-09 10:42:00,2011-12-07 14:12:00
13865,501.56,4,204,2011-02-23 12:04:00,2011-10-12 13:31:00
15881,501.39,5,260,2010-12-10 13:32:00,2011-01-31 16:59:00
14968,501.24,2,257,2010-09-07 13:28:00,2011-11-09 13:58:00
13116,501.14,1,291,2011-07-24 14:33:00,2011-07-24 14:33:00
13247,501.12,4,328,2011-09-18 11:31:00,2011-11-22 10:59:00
18049,500.92,2,402,2010-04-28 13:24:00,2010-09-28 14:26:00
17248,500.54,2,276,2010-08-15 11:55:00,2011-08-11 13:34:00
16616,500.42,2,370,2011-07-05 13:38:00,2011-11-24 16:31:00
12366,500.24,1,296,2010-03-16 10:28:00,2010-03-16 10:28:00
17110,499.9,3,136,2010-04-08 13:32:00,2011-06-27 12:58:00
13553,499.6,1,201,2010-02-03 12:21:00,2010-02-03 12:21:00
15193,499.32,1,144,2011-10-10 08:23:00,2011-10-10 08:23:00
16402,499.1,2,248,2010-12-05 13:42:00,2011-03-20 12:25:00
17256,498.93,5,299,2010-04-18 13:40:00,2011-08-24 13:30:00
16488,498.8,3,728,2011-07-14 11:46:00,2011-11-06 13:42:00
14171,498.79,2,211,2009-12-09 13:50:00,2011-09-02 16:43:00
17053,498.48,1,122,2011-08-01 10:23:00,2011-08-01 10:23:00
16820,497.61,1,307,2011-09-05 12:06:00,2011-09-05 12:06:00
17680,497.45,3,155,2010-07-16 16:07:00,2011-11-16 12:42:00
17335,497.04,2,210,2010-01-24 11:15:00,2010-11-21 10:17:00
17923,497.0,3,140,2010-06-13 13:58:00,2011-03-02 15:15:00
12943,496.5,2,222,2010-04-13 11:03:00,2010-05-30 13:52:00
15300,496.44,1,292,2011-10-06 17:08:00,2011-10-06 17:08:00
15278,496.16,4,458,2010-02-12 14:53:00,2010-05-27 10:03:00
12904,496.06,2,294,2011-06-20 13:18:00,2011-11-21 14:34:00
16977,496.0,4,142,2010-03-18 11:06:00,2010-11-09 13:17:00
17995,495.48,3,263,2010-11-17 17:01:00,2011-03-03 12:30:00
14319,494.85,1,329,2010-10-11 13:38:00,2010-10-11 13:38:00
16352,494.44,2,300,2011-11-02 08:44:00,2011-11-22 10:32:00
17333,494.25,1,375,2011-09-15 10:11:00,2011-09-15 10:11:00
15447,492.88,5,228,2010-03-24 14:40:00,2011-01-13 11:26:00
14270,492.65,1,197,2011-01-12 09:33:00,2011-01-12 09:33:00
18203,492.52,4,111,2009-12-08 13:19:00,2011-07-05 13:07:00
14310,492.1,1,230,2010-10-03 12:34:00,2010-10-03 12:34:00
13732,491.86,1,498,2011-11-11 15:49:00,2011-11-11 15:49:00
17269,491.81,1,314,2010-11-19 11:12:00,2010-11-19 11:12:00
14663,490.6,2,397,2010-10-05 13:12:00,2010-10-05 13:21:00
15000,490.52,1,218,2011-10-23 11:42:00,2011-10-23 11:42:00
15877,490.33,2,368,2011-11-22 11:18:00,2011-12-08 11:53:00
14416,490.22,2,326,2011-10-28 15:10:00,2011-11-17 15:22:00
12983,490.08,1,638,2010-04-20 12:58:00,2010-04-20 12:58:00
12634,490.0,2,337,2010-06-09 15:41:00,2010-06-22 10:05:00
17476,489.86,2,224,2009-12-02 12:09:00,2010-11-09 10:21:00
17715,489.6,2,576,2010-04-26 12:17:00,2011-05-23 12:32:00
17988,489.54,14,186,2009-12-07 13:35:00,2011-11-28 11:00:00
14722,489.52,3,214,2010-08-10 13:28:00,2011-07-15 14:58:00
17925,488.16,1,144,2010-12-02 10:10:00,2010-12-02 10:10:00
18280,488.15,2,194,2010-11-10 15:51:00,2011-03-07 09:52:00
17608,488.06,4,528,2010-04-11 13:37:00,2011-11-06 13:06:00
13412,487.35,1,176,2010-03-29 16:28:00,2010-03-29 16:28:00
13733,487.03,2,335,2009-12-04 15:28:00,2010-10-25 12:18:00
16021,487.03,2,276,2010-06-13 11:05:00,2010-11-09 14:48:00
13675,486.82,2,330,2011-02-28 12:14:00,2011-07-11 12:57:00
17453,486.72,2,219,2011-10-06 17:02:00,2011-11-22 09:42:00
12920,486.64,4,420,2009-12-14 15:58:00,2011-11-22 15:05:00
13153,486.22,1,418,2011-12-04 12:14:00,2011-12-04 12:14:00
15216,486.09,2,217,2010-03-31 09:52:00,2011-09-13 11:41:00
12443,485.31,1,182,2009-12-07 15:42:00,2009-12-07 15:42:00
16999,484.82,2,294,2011-09-26 15:43:00,2011-11-16 13:53:00
16024,483.99,3,504,2010-10-24 11:40:00,2011-11-27 13:26:00
16603,482.47,2,480,2011-09-09 13:02:00,2011-09-26 10:06:00
17996,482.33,3,587,2010-06-11 11:48:00,2010-11-25 11:00:00
12542,481.88,2,522,2010-03-09 16:26:00,2010-08-12 19:12:00
18216,481.75,1,200,2011-11-08 16:55:00,2011-11-08 16:55:00
17106,481.58,1,153,2010-11-15 14:11:00,2010-11-15 14:11:00
13176,481.49,1,448,2011-10-24 15:43:00,2011-10-24 15:43:00
15174,481.46,2,382,2010-10-25 09:40:00,2011-01-21 09:06:00
15048,479.7,4,224,2010-12-06 12:15:00,2011-10-05 14:55:00
13428,478.54,3,356,2010-07-13 13:20:00,2011-11-29 14:20:00
15589,478.53,3,243,2011-02-02 10:46:00,2011-03-29 09:54:00
12447,476.49,1,190,2011-04-10 13:25:00,2011-04-10 13:25:00
18176,476.35,1,283,2010-12-16 15:45:00,2010-12-16 15:45:00
15277,476.34,2,373,2010-10-10 16:02:00,2011-10-24 10:08:00
15507,475.86,1,160,2011-06-21 11:19:00,2011-06-21 11:19:00
15780,475.28,3,220,2010-12-17 11:43:00,2011-06-09 12:01:00
16552,475.02,2,258,2010-12-01 12:36:00,2011-04-11 10:04:00
14322,474.1,4,158,2010-02-18 08:49:00,2010-10-06 15:17:00
17104,474.03,1,149,2010-10-12 12:21:00,2010-10-12 12:21:00
16635,473.0,1,277,2010-10-29 09:41:00,2010-10-29 09:41:00
13194,472.78,2,326,2010-10-14 11:54:00,2011-07-27 09:01:00
14975,472.39,2,507,2010-10-14 14:11:00,2011-10-13 14:08:00
13642,472.2,4,231,2010-10-03 12:23:00,2011-05-08 12:34:00
13161,472.13,2,105,2010-07-27 12:44:00,2011-01-30 14:03:00
16038,471.78,3,244,2011-05-22 11:29:00,2011-12-02 12:40:00
15721,471.4,1,388,2011-11-28 12:14:00,2011-11-28 12:14:00
16473,470.83,4,296,2010-11-30 16:29:00,2011-06-28 09:10:00
13066,470.8,2,322,2011-11-07 17:06:00,2011-11-15 12:57:00
15963,470.76,2,298,2011-10-25 13:05:00,2011-11-20 11:33:00
17254,469.48,3,397,2010-11-03 14:00:00,2011-12-05 12:46:00
14058,469.19,2,211,2010-06-27 11:29:00,2010-09-03 09:31:00
14369,469.13,2,255,2010-02-16 10:28:00,2010-03-07 15:47:00
15557,468.91,1,213,2011-11-11 12:46:00,2011-11-11 12:46:00
15387,468.65,1,335,2010-08-04 16:05:00,2010-08-04 16:05:00
12554,468.5,1,240,2010-09-17 12:29:00,2010-09-17 12:29:00
13171,468.41,3,229,2011-02-13 14:16:00,2011-11-18 10:27:00
14491,468.13,2,179,2010-12-02 12:10:00,2011-06-17 15:22:00
17294,467.79,2,297,2010-02-08 14:21:00,2010-02-08 16:12:00
17187,467.71,2,426,2010-07-01 14:38:00,2011-04-27 12:39:00
14029,467.66,2,198,2011-07-18 16:57:00,2011-10-07 14:46:00
16390,467.5,3,122,2010-01-29 15:25:00,2010-06-21 10:11:00
12958,467.34,2,118,2010-05-05 16:22:00,2010-11-04 16:16:00
14052,466.66,2,174,2010-11-14 11:37:00,2011-11-20 12:30:00
14148,466.29,2,223,2010-10-21 14:08:00,2011-04-20 12:02:00
16504,465.88,1,510,2011-11-14 15:18:00,2011-11-14 15:18:00
13248,465.68,2,305,2011-06-03 13:05:00,2011-08-07 12:40:00
17181,465.37,3,484,2010-04-23 11:21:00,2011-10-13 14:48:00
13928,464.57,4,129,2011-07-29 15:59:00,2011-11-29 10:33:00
15349,463.91,2,321,2011-06-05 15:46:00,2011-07-04 16:06:00
14727,463.73,3,458,2010-06-11 13:23:00,2011-03-10 14:45:00
18083,463.53,1,268,2010-11-07 11:44:00,2010-11-07 11:44:00
17040,463.25,2,189,2010-06-07 15:08:00,2011-07-25 10:19:00
14627,462.75,1,284,2010-11-25 16:32:00,2010-11-25 16:32:00
14331,462.66,2,252,2011-07-27 15:14:00,2011-08-07 13:17:00
14954,462.12,2,209,2010-01-05 16:38:00,2011-11-27 14:30:00
15958,462.12,4,154,2010-06-07 10:59:00,2011-09-26 13:41:00
13624,462.08,1,820,2010-11-16 13:43:00,2010-11-16 13:43:00
18284,461.68,1,494,2010-10-04 11:33:00,2010-10-04 11:33:00
15540,460.68,2,444,2010-11-29 11:10:00,2011-11-28 13:51:00
12491,460.4,1,260,2011-11-01 12:18:00,2011-11-01 12:18:00
16310,460.08,2,270,2010-03-07 15:41:00,2010-10-21 14:47:00
17111,459.58,2,581,2010-10-10 15:21:00,2011-10-23 15:59:00
14118,458.45,1,97,2010-10-07 11:59:00,2010-10-07 11:59:00
13957,458.25,3,157,2010-02-19 10:32:00,2010-10-18 10:02:00
14599,457.89,2,292,2010-07-18 15:54:00,2010-11-14 14:49:00
14011,457.82,2,644,2010-04-11 13:40:00,2010-08-16 15:31:00
15121,457.72,2,199,2011-02-24 12:41:00,2011-10-20 14:51:00
16069,457.7,1,138,2010-10-18 10:32:00,2010-10-18 10:32:00
12375,457.5,2,178,2011-09-02 14:23:00,2011-11-29 10:36:00
17344,457.36,2,200,2009-12-11 12:31:00,2011-10-24 12:56:00
12564,456.9,1,133,2011-03-23 14:55:00,2011-03-23 14:55:00
14819,456.41,4,170,2009-12-21 15:54:00,2011-10-06 13:41:00
14296,456.4,2,314,2010-05-14 14:34:00,2010-10-14 14:14:00
16039,456.4,2,409,2010-03-21 15:17:00,2010-10-12 10:44:00
12999,455.88,3,342,2011-04-08 10:26:00,2011-05-27 13:24:00
15585,455.3,1,320,2011-06-16 08:38:00,2011-06-16 08:38:00
14335,454.86,2,375,2011-09-04 13:07:00,2011-11-23 13:41:00
16765,454.75,2,311,2010-11-22 13:42:00,2011-02-18 15:41:00
17067,454.54,3,322,2009-12-08 12:03:00,2009-12-15 08:39:00
12459,454.36,1,258,2010-04-13 14:53:00,2010-04-13 14:53:00
17140,454.12,1,296,2011-04-06 13:33:00,2011-04-06 13:33:00
15475,454.11,1,319,2011-09-23 15:20:00,2011-09-23 15:20:00
17564,454.01,3,146,2011-09-20 14:00:00,2011-11-15 13:27:00
17376,453.64,4,244,2010-07-05 11:11:00,2011-09-30 12:36:00
18158,453.4,2,354,2011-09-12 09:03:00,2011-11-30 16:19:00
16481,453.38,1,201,2010-01-26 13:09:00,2010-01-26 13:09:00
12729,453.01,1,233,2011-08-18 11:40:00,2011-08-18 11:40:00
14184,452.89,1,127,2011-10-04 12:43:00,2011-10-04 12:43:00
16799,452.78,2,162,2010-09-12 12:46:00,2010-10-03 14:28:00
13698,451.73,2,227,2010-01-27 09:02:00,2010-04-22 11:52:00
18100,451.56,1,440,2010-06-07 14:19:00,2010-06-07 14:19:00
15802,451.42,1,1,2011-07-20 11:38:00,2011-07-20 11:38:00
18031,451.3,1,298,2010-11-26 11:00:00,2010-11-26 11:00:00
15961,451.29,1,154,2010-11-25 15:59:00,2010-11-25 15:59:00
12831,451.11,3,303,2010-09-02 15:58:00,2011-03-22 13:02:00
15124,450.82,4,462,2010-02-26 10:49:00,2011-11-17 10:09:00
16870,450.16,1,278,2010-08-27 13:53:00,2010-08-27 13:53:00
13150,449.97,3,171,2010-03-19 09:03:00,2010-08-12 12:59:00
14784,449.93,3,363,2010-11-15 09:49:00,2011-11-13 13:30:00
13877,449.68,3,478,2010-01-19 10:53:00,2011-09-14 15:49:00
13489,449.52,4,560,2011-02-18 10:42:00,2011-08-26 13:16:00
15126,449.49,2,273,2010-01-21 17:09:00,2010-06-21 12:31:00
12448,449.45,1,243,2011-10-26 13:46:00,2011-10-26 13:46:00
15418,449.42,2,264,2010-05-02 11:31:00,2010-10-10 13:38:00
17823,449.25,2,252,2010-10-14 16:14:00,2010-10-14 16:24:00
15739,449.12,1,472,2011-10-04 13:42:00,2011-10-04 13:42:00
14761,447.92,3,206,2010-09-21 14:22:00,2011-10-12 12:10:00
14780,447.68,2,310,2011-09-21 15:15:00,2011-10-16 12:46:00
18201,447.53,1,191,2009-12-17 08:55:00,2009-12-17 08:55:00
13754,447.05,3,315,2010-09-28 15:29:00,2011-07-11 11:51:00
16095,447.05,1,265,2010-09-09 16:54:00,2010-09-09 16:54:00
14149,446.62,1,218,2011-05-03 09:44:00,2011-05-03 09:44:00
17370,446.18,4,540,2011-06-23 11:50:00,2011-09-28 10:14:00
14010,445.15,2,177,2010-05-23 12:46:00,2010-05-23 13:00:00
14328,445.05,1,1,2010-09-27 16:01:00,2010-09-27 16:01:00
18134,445.0,2,128,2010-01-14 11:59:00,2010-04-20 14:02:00
12788,444.9,4,194,2010-06-29 13:05:00,2010-09-02 14:21:00
18270,444.55,3,209,2010-10-03 10:49:00,2011-11-01 13:57:00
14638,443.6,1,166,2011-10-20 10:10:00,2011-10-20 10:10:00
16424,443.06,2,212,2010-11-22 11:24:00,2011-06-01 13:40:00
16404,443.05,1,157,2011-09-30 14:55:00,2011-09-30 14:55:00
18222,443.0,1,335,2011-09-08 10:45:00,2011-09-08 10:45:00
14996,442.29,2,404,2010-08-15 13:41:00,2010-08-15 13:44:00
17699,442.0,2,208,2010-05-27 11:53:00,2010-08-20 09:39:00
12579,440.42,1,285,2011-09-22 17:15:00,2011-09-22 17:15:00
18233,440.0,1,4,2011-01-18 08:44:00,2011-01-18 08:44:00
13954,439.92,2,150,2011-09-30 10:52:00,2011-12-08 12:50:00
16025,439.66,1,338,2011-11-10 11:45:00,2011-11-10 11:45:00
16968,439.43,2,326,2011-08-24 10:51:00,2011-12-05 15:02:00
13086,439.33,1,155,2010-11-22 10:28:00,2010-11-22 10:28:00
17718,439.18,2,274,2010-03-05 08:01:00,2011-04-21 13:39:00
13432,439.1,2,217,2010-04-06 14:42:00,2010-05-17 13:18:00
13358,439.03,1,285,2011-03-16 11:52:00,2011-03-16 11:52:00
13964,438.9,2,228,2010-10-05 12:38:00,2010-11-17 13:53:00
17729,438.65,1,247,2010-04-22 15:03:00,2010-04-22 15:03:00
15859,438.46,1,174,2010-10-03 12:52:00,2010-10-03 12:52:00
17807,437.87,3,262,2010-01-04 14:00:00,2010-11-09 16:21:00
12552,437.82,2,88,2011-10-31 12:11:00,2011-11-01 10:02:00
17070,437.42,2,232,2010-10-25 15:57:00,2011-08-17 17:01:00
14846,437.4,1,193,2010-10-08 17:07:00,2010-10-08 17:07:00
12672,437.05,2,138,2010-04-23 09:57:00,2011-01-14 09:20:00
14123,436.18,1,234,2009-12-06 15:35:00,2009-12-06 15:35:00
16084,436.18,1,216,2011-02-13 16:05:00,2011-02-13 16:05:00
16166,435.83,2,173,2010-01-17 14:16:00,2010-10-07 15:44:00
12445,434.98,2,206,2010-10-15 12:28:00,2011-11-17 18:43:00
13738,434.78,1,237,2010-11-08 15:23:00,2010-11-08 15:23:00
15323,434.6,3,188,2010-02-16 09:21:00,2010-05-26 10:01:00
14910,434.35,4,238,2011-10-16 11:06:00,2011-12-07 10:06:00
14238,434.23,3,189,2009-12-05 10:58:00,2011-01-17 14:40:00
16888,434.2,3,145,2010-01-07 13:07:00,2010-11-04 12:39:00
14093,433.86,1,391,2011-11-27 16:27:00,2011-11-27 16:27:00
16939,433.85,3,229,2010-02-28 13:33:00,2010-08-08 12:24:00
18029,433.77,1,253,2010-03-07 15:30:00,2010-03-07 15:30:00
12493,433.74,2,207,2011-05-26 14:53:00,2011-06-27 10:17:00
15613,433.72,1,700,2010-04-08 12:51:00,2010-04-08 12:51:00
16522,433.36,2,212,2010-09-15 13:32:00,2010-09-30 10:54:00
17178,432.96,1,100,2009-12-08 16:20:00,2009-12-08 16:20:00
17687,432.68,1,210,2010-10-15 12:30:00,2010-10-15 12:30:00
16604,432.45,2,175,2010-05-20 16:34:00,2010-05-26 09:10:00
16236,432.2,1,184,2011-09-22 14:10:00,2011-09-22 14:10:00
16881,432.0,1,600,2011-10-04 10:33:00,2011-10-04 10:33:00
14042,431.98,1,180,2009-12-14 15:07:00,2009-12-14 15:07:00
15488,431.92,5,251,2010-05-05 13:03:00,2011-09-08 10:11:00
17842,430.69,1,89,2010-04-16 14:23:00,2010-04-16 14:23:00
12452,430.57,2,185,2011-11-23 08:05:00,2011-11-23 10:28:00
12795,430.48,1,68,2011-11-21 10:27:00,2011-11-21 10:27:00
12827,430.15,3,197,2011-10-26 15:44:00,2011-12-04 12:17:00
15450,429.84,1,376,2011-11-09 17:11:00,2011-11-09 17:11:00
15461,429.7,2,230,2010-03-18 12:40:00,2010-09-05 12:31:00
14979,429.66,1,209,2009-12-04 12:54:00,2009-12-04 12:54:00
15230,429.6,2,351,2011-04-13 11:04:00,2011-04-14 14:39:00
15036,429.56,3,316,2011-06-13 12:19:00,2011-09-28 15:42:00
13413,429.44,6,455,2010-01-21 17:43:00,2010-03-10 12:17:00
15888,429.16,3,139,2010-07-01 11:51:00,2011-09-20 12:30:00
15553,428.93,1,449,2011-10-10 14:02:00,2011-10-10 14:02:00
18089,428.45,1,95,2010-09-19 11:57:00,2010-09-19 11:57:00
15360,427.93,1,223,2011-10-31 09:35:00,2011-10-31 09:35:00
12740,427.6,1,342,2011-10-07 10:44:00,2011-10-07 10:44:00
18285,427.0,1,145,2010-02-17 10:24:00,2010-02-17 10:24:00
17740,426.9,6,222,2010-01-11 13:11:00,2010-11-15 16:33:00
18152,426.69,1,75,2010-03-03 15:26:00,2010-03-03 15:26:00
15930,426.63,1,139,2011-10-03 14:52:00,2011-10-03 14:52:00
14288,426.6,1,188,2011-05-10 13:22:00,2011-05-10 13:22:00
15966,426.53,1,275,2010-09-15 10:44:00,2010-09-15 10:44:00
15217,426.24,1,190,2010-05-25 13:51:00,2010-05-25 13:51:00
14877,425.85,2,168,2010-03-07 12:25:00,2010-10-17 13:09:00
13703,425.56,2,128,2010-10-20 13:11:00,2011-01-25 13:10:00
15545,424.3,2,237,2010-12-03 17:28:00,2011-10-16 13:24:00
17103,424.3,1,471,2009-12-17 14:08:00,2009-12-17 14:08:00
16541,424.03,1,173,2009-12-04 13:22:00,2009-12-04 13:22:00
16913,423.91,3,229,2010-02-26 12:06:00,2011-02-22 12:56:00
17330,423.8,4,122,2010-03-02 09:20:00,2011-11-17 08:56:00
14097,422.86,2,352,2010-03-04 10:46:00,2010-08-15 14:20:00
13374,422.8,2,135,2010-09-16 10:29:00,2010-10-21 10:04:00
16137,422.7,1,210,2010-01-28 15:04:00,2010-01-28 15:04:00
16689,422.6,2,330,2011-09-18 13:29:00,2011-09-25 11:39:00
18240,422.58,1,126,2011-10-24 13:06:00,2011-10-24 13:06:00
16149,422.22,3,598,2010-10-06 15:54:00,2011-12-05 11:29:00
16773,421.24,3,252,2009-12-06 15:01:00,2011-10-13 14:37:00
14757,420.5,1,160,2011-09-25 14:36:00,2011-09-25 14:36:00
15206,420.3,4,162,2011-03-09 08:59:00,2011-11-29 13:41:00
15711,420.25,2,199,2010-01-24 12:13:00,2010-06-01 12:14:00
14575,420.22,1,163,2010-08-08 14:51:00,2010-08-08 14:51:00
13672,419.92,3,138,2009-12-09 11:40:00,2011-02-11 13:53:00
13442,419.87,3,115,2009-12-01 14:59:00,2010-02-10 14:03:00
13096,419.7,1,6,2010-11-10 14:08:00,2010-11-10 14:08:00
14124,419.58,1,1618,2011-09-16 13:32:00,2011-09-16 13:32:00
13079,419.18,6,158,2010-10-18 14:15:00,2011-12-05 16:53:00
15262,418.82,3,218,2010-08-08 15:55:00,2011-01-20 12:16:00
12593,418.1,3,206,2011-05-05 09:29:00,2011-08-23 12:43:00
13073,418.08,2,261,2010-09-28 09:27:00,2010-10-24 14:06:00
17701,417.95,1,109,2011-04-01 12:25:00,2011-04-01 12:25:00
17855,417.94,1,394,2010-12-02 09:44:00,2010-12-02 09:44:00
17232,417.77,2,202,2011-11-25 12:24:00,2011-12-07 12:21:00
16832,417.61,5,179,2010-09-07 12:35:00,2011-06-08 15:36:00
14762,417.57,2,428,2010-03-23 15:36:00,2011-03-21 08:20:00
12833,417.38,1,156,2011-07-17 13:46:00,2011-07-17 13:46:00
17258,417.3,2,188,2010-02-12 15:51:00,2010-11-08 12:37:00
16816,417.06,4,274,2010-12-16 17:01:00,2011-08-28 14:16:00
15935,416.86,2,115,2011-04-12 09:35:00,2011-04-14 13:27:00
16957,416.64,2,172,2011-03-03 09:25:00,2011-04-14 13:56:00
15011,416.6,2,289,2010-10-19 12:05:00,2010-11-09 11:10:00
16355,416.35,1,179,2010-11-29 14:21:00,2010-11-29 14:21:00
16356,415.87,6,190,2010-06-06 11:26:00,2011-05-26 11:51:00
12930,415.8,2,252,2011-06-21 13:25:00,2011-09-22 15:18:00
12608,415.79,1,323,2010-10-31 10:49:00,2010-10-31 10:49:00
15725,415.25,1,221,2011-11-24 14:51:00,2011-11-24 14:51:00
14333,415.2,1,58,2011-10-03 10:38:00,2011-10-03 10:38:00
16752,415.0,1,108,2010-12-02 12:18:00,2010-12-02 12:18:00
13565,414.8,3,260,2010-10-24 15:51:00,2011-11-20 14:33:00
18278,414.2,2,140,2010-10-31 12:13:00,2011-09-27 11:58:00
13002,414.13,3,201,2010-10-01 11:58:00,2011-01-25 15:18:00
13669,413.55,3,393,2010-10-28 15:05:00,2011-10-20 09:32:00
14082,413.36,2,246,2010-11-12 11:47:00,2010-12-10 11:02:00
17601,413.08,2,295,2010-11-24 14:29:00,2011-04-14 18:02:00
17767,413.05,2,198,2010-10-25 16:22:00,2011-11-24 14:42:00
17662,412.92,2,184,2009-12-17 09:54:00,2010-02-16 09:38:00
14620,412.78,2,214,2011-03-01 08:30:00,2011-05-18 11:58:00
16932,412.55,3,217,2010-05-17 14:15:00,2011-10-17 14:12:00
18050,412.06,2,250,2010-11-11 15:51:00,2010-12-15 14:25:00
16272,411.7,1,224,2011-08-15 10:53:00,2011-08-15 10:54:00
15960,410.95,4,258,2010-09-30 15:50:00,2010-11-30 15:57:00
15099,410.48,1,343,2011-09-16 13:13:00,2011-09-16 13:13:00
17598,409.98,1,126,2010-11-23 17:43:00,2010-11-23 17:43:00
13827,409.8,3,138,2011-07-19 15:38:00,2011-10-13 12:38:00
15894,409.69,2,275,2010-12-05 14:06:00,2011-03-31 13:50:00
14581,409.65,2,304,2010-06-13 15:48:00,2011-11-23 12:39:00
14348,409.57,1,183,2011-03-24 16:23:00,2011-03-24 16:23:00
15225,409.4,1,226,2011-04-19 14:51:00,2011-04-19 14:51:00
16864,409.25,2,283,2010-04-20 11:56:00,2010-10-01 16:16:00
16921,409.21,3,275,2010-04-18 15:34:00,2011-10-09 16:22:00
16243,409.1,2,110,2011-10-16 12:09:00,2011-11-06 12:32:00
13686,409.04,3,378,2010-11-03 13:44:00,2011-06-10 09:10:00
12974,408.95,2,104,2010-05-23 11:45:00,2011-05-26 09:33:00
16629,408.63,2,489,2011-09-04 16:12:00,2011-09-27 10:34:00
16324,408.59,3,270,2011-06-15 14:26:00,2011-08-03 12:58:00
17285,407.94,2,134,2010-02-14 14:10:00,2010-03-21 13:38:00
12353,406.76,2,212,2010-10-27 12:44:00,2011-05-19 17:47:00
16632,406.4,2,256,2010-05-07 16:46:00,2010-08-11 11:39:00
17000,406.3,2,305,2010-10-27 14:16:00,2010-11-08 13:35:00
15342,406.09,1,283,2011-08-02 10:19:00,2011-08-02 10:19:00
12741,406.07,2,214,2010-06-24 16:24:00,2010-06-28 14:36:00
16815,406.02,2,237,2010-06-21 12:05:00,2010-09-12 10:59:00
18111,405.85,1,232,2010-04-29 12:58:00,2010-04-29 12:58:00
12922,405.38,1,370,2011-07-01 15:35:00,2011-07-01 15:35:00
13143,405.1,1,198,2010-05-04 12:22:00,2010-05-04 12:22:00
13640,405.0,1,108,2010-04-07 15:33:00,2010-04-07 15:33:00
15941,405.0,1,60,2010-03-12 14:45:00,2010-03-12 14:45:00
15968,404.55,1,247,2010-11-16 13:04:00,2010-11-16 13:04:00
13574,404.45,1,304,2010-10-24 13:28:00,2010-10-24 13:28:00
16319,404.4,1,72,2011-05-06 11:27:00,2011-05-06 11:27:00
16484,404.3,2,200,2011-06-02 10:39:00,2011-06-19 12:06:00
12498,403.7,3,159,2011-10-13 09:30:00,2011-11-18 12:53:00
14678,403.39,1,179,2010-05-09 14:32:00,2010-05-09 14:32:00
17785,403.38,3,227,2010-05-23 13:01:00,2011-10-17 13:43:00
17431,403.3,1,292,2011-01-30 14:36:00,2011-01-30 14:36:00
13530,402.98,1,272,2010-03-15 14:10:00,2010-03-15 14:10:00
16315,402.71,2,143,2010-06-21 13:53:00,2011-01-13 11:57:00
15504,402.7,4,141,2010-02-12 12:34:00,2011-09-19 13:45:00
17094,402.2,2,212,2010-10-12 10:48:00,2011-01-21 13:09:00
16998,402.0,5,104,2010-09-21 14:39:00,2011-07-13 09:44:00
14494,401.46,3,210,2009-12-08 13:25:00,2011-11-14 09:21:00
14471,400.95,2,187,2009-12-07 12:26:00,2010-04-27 17:12:00
17168,400.2,1,220,2010-07-29 12:33:00,2010-07-29 12:33:00
14358,400.06,2,338,2010-10-07 17:26:00,2010-11-15 15:51:00
15501,399.95,2,205,2010-10-20 12:47:00,2010-10-31 11:15:00
15446,399.75,3,265,2009-12-13 13:53:00,2010-11-28 11:59:00
18164,399.65,1,184,2011-11-02 12:56:00,2011-11-02 12:56:00
13252,399.3,2,134,2010-03-24 10:30:00,2010-11-10 16:00:00
18128,399.29,1,216,2010-06-20 13:19:00,2010-06-20 13:19:00
17052,399.09,1,251,2011-11-11 14:50:00,2011-11-11 14:50:00
17830,398.7,3,92,2011-02-24 10:15:00,2011-12-08 12:28:00
15522,397.99,2,572,2011-09-13 12:26:00,2011-11-07 11:26:00
13352,397.98,1,321,2011-10-10 13:55:00,2011-10-10 13:55:00
12508,397.88,2,271,2011-11-10 16:27:00,2011-11-13 15:37:00
15037,397.76,2,298,2010-11-28 12:14:00,2010-11-28 13:05:00
15280,397.52,3,507,2010-05-17 14:17:00,2011-06-20 17:14:00
15429,397.35,2,380,2011-09-25 13:42:00,2011-11-13 12:28:00
17789,397.15,2,199,2010-02-16 13:16:00,2011-03-03 13:14:00
12824,397.12,1,232,2011-10-11 12:49:00,2011-10-11 12:49:00
17486,396.87,1,191,2011-03-23 14:00:00,2011-03-23 14:00:00
13597,396.71,2,231,2010-11-02 09:30:00,2010-11-04 14:54:00
15883,396.48,2,223,2011-11-06 14:50:00,2011-12-07 17:05:00
17918,396.39,3,352,2010-07-22 14:20:00,2010-07-27 11:51:00
18067,396.33,1,189,2011-10-30 15:58:00,2011-10-30 15:58:00
15577,396.03,5,120,2009-12-13 16:17:00,2011-07-11 17:03:00
16893,395.82,2,179,2010-11-28 15:14:00,2010-12-08 12:06:00
13879,395.5,1,204,2010-03-04 10:49:00,2010-03-04 10:49:00
13083,395.43,3,307,2010-10-10 13:38:00,2011-12-05 15:01:00
12677,395.1,2,176,2010-02-11 13:55:00,2010-06-02 14:30:00
16538,395.07,3,254,2010-04-23 16:25:00,2010-06-16 16:59:00
18048,394.93,3,256,2010-08-03 13:03:00,2011-05-20 14:58:00
16207,394.38,1,140,2011-11-14 13:51:00,2011-11-14 13:51:00
15386,394.14,1,446,2011-06-06 13:47:00,2011-06-06 13:47:00
12499,393.72,1,302,2010-05-28 15:12:00,2010-05-28 15:12:00
17300,393.64,2,467,2010-08-15 11:02:00,2010-11-14 10:56:00
15345,393.54,1,81,2011-10-25 11:28:00,2011-10-25 11:28:00
15437,393.45,2,177,2010-03-09 10:45:00,2011-03-22 13:11:00
17563,392.38,2,256,2010-04-07 10:02:00,2010-05-10 14:54:00
18110,392.28,2,169,2010-10-24 14:21:00,2011-11-20 12:34:00
16827,392.13,5,125,2010-04-29 19:07:00,2010-11-11 14:04:00
16783,391.95,1,163,2010-09-29 11:53:00,2010-09-29 11:53:00
14072,390.85,1,65,2010-02-11 12:31:00,2010-02-11 12:31:00
14197,390.05,1,143,2010-10-25 10:01:00,2010-10-25 10:01:00
17116,389.78,1,392,2010-03-01 16:29:00,2010-03-01 16:29:00
18024,389.78,2,184,2011-07-10 12:28:00,2011-07-10 12:40:00
17379,389.72,1,623,2011-11-28 13:56:00,2011-11-28 13:56:00
14752,389.64,1,260,2011-10-27 11:55:00,2011-10-27 11:55:00
13345,389.5,1,141,2011-02-25 09:01:00,2011-02-25 09:01:00
17479,389.26,1,266,2010-03-17 09:26:00,2010-03-17 09:26:00
17286,389.18,3,368,2010-11-04 13:43:00,2011-11-18 12:47:00
12690,389.01,1,106,2011-05-18 09:09:00,2011-05-18 09:09:00
18227,388.75,2,22,2010-08-12 16:45:00,2011-05-06 12:23:00
15592,388.58,1,354,2011-10-24 08:59:00,2011-10-24 08:59:00
13896,388.55,1,149,2010-03-24 08:55:00,2010-03-24 08:55:00
13899,388.52,2,156,2011-03-10 09:30:00,2011-11-23 13:40:00
13673,387.44,2,114,2011-11-07 15:40:00,2011-11-21 12:11:00
17771,387.41,4,373,2010-04-29 13:21:00,2011-10-14 11:43:00
17595,386.69,2,228,2011-11-02 16:19:00,2011-11-27 16:08:00
16148,386.62,2,250,2010-09-29 10:12:00,2011-02-16 14:01:00
17614,386.32,1,235,2011-10-13 16:01:00,2011-10-13 16:01:00
14779,386.15,3,84,2011-01-20 12:04:00,2011-03-04 12:42:00
13584,385.7,3,360,2010-02-02 08:40:00,2011-02-06 12:49:00
16492,385.56,1,235,2010-06-17 08:20:00,2010-06-17 08:20:00
12973,385.55,1,31,2010-10-22 10:14:00,2010-10-22 10:14:00
12889,385.46,4,124,2010-07-25 14:32:00,2010-11-23 16:08:00
12829,385.3,3,550,2010-06-07 15:04:00,2011-01-07 11:13:00
14826,385.2,2,152,2010-01-13 13:08:00,2010-05-07 09:00:00
17617,385.19,1,249,2010-05-30 12:48:00,2010-05-30 12:48:00
17711,385.1,2,246,2011-02-23 11:32:00,2011-11-29 11:40:00
17171,384.59,2,225,2010-02-16 12:02:00,2011-02-23 16:37:00
16868,384.56,3,112,2010-04-25 11:31:00,2010-11-10 13:17:00
16433,384.52,2,214,2010-10-27 12:26:00,2011-11-11 14:09:00
17357,384.39,2,152,2011-11-15 16:29:00,2011-11-15 16:30:00
13966,384.26,1,760,2010-09-30 13:08:00,2010-09-30 13:08:00
16982,384.06,1,182,2011-10-10 12:28:00,2011-10-10 12:28:00
14598,384.04,2,354,2010-05-19 13:07:00,2011-10-26 13:19:00
15155,383.97,1,192,2010-11-21 12:59:00,2010-11-21 12:59:00
13792,383.95,3,156,2010-10-13 11:05:00,2011-10-04 14:31:00
17804,383.78,3,194,2009-12-01 12:22:00,2010-11-28 14:01:00
12515,383.7,1,131,2010-12-21 15:43:00,2010-12-21 15:43:00
15440,383.68,3,197,2011-05-15 11:30:00,2011-10-16 12:16:00
12547,383.58,3,309,2010-07-27 13:55:00,2011-05-26 12:38:00
12832,383.03,2,195,2011-09-02 13:48:00,2011-11-07 13:30:00
13817,382.98,2,211,2010-12-23 11:46:00,2011-11-10 17:49:00
17403,382.87,2,188,2010-09-15 12:29:00,2011-11-03 15:18:00
14767,382.81,1,117,2010-08-22 14:54:00,2010-08-22 14:54:00
16988,382.67,2,158,2010-11-25 09:22:00,2011-12-04 16:02:00
13657,382.14,2,209,2011-05-22 12:35:00,2011-11-29 12:32:00
17753,382.06,4,124,2010-01-06 14:20:00,2010-09-01 15:49:00
17250,381.97,2,167,2011-03-23 16:45:00,2011-12-06 12:15:00
14908,381.9,2,182,2010-09-02 16:39:00,2011-09-26 12:56:00
16304,381.66,1,228,2010-01-14 08:30:00,2010-01-14 08:30:00
15090,381.32,1,208,2011-02-04 14:03:00,2011-02-04 14:03:00
17393,381.15,2,238,2010-08-08 15:53:00,2010-10-25 11:10:00
17903,381.09,1,142,2010-11-10 15:39:00,2010-11-10 15:39:00
12796,381.0,1,182,2010-03-21 15:49:00,2010-03-21 15:49:00
17573,380.6,3,308,2011-09-07 10:36:00,2011-11-10 13:01:00
17936,380.13,1,257,2011-12-04 13:32:00,2011-12-04 13:32:00
14731,380.02,3,256,2011-05-11 13:06:00,2011-10-23 15:54:00
16577,380.0,1,142,2010-02-11 09:45:00,2010-02-11 09:45:00
14200,379.2,1,140,2010-04-01 13:01:00,2010-04-01 13:01:00
16909,379.14,1,436,2011-09-28 16:45:00,2011-09-28 16:45:00
16930,378.89,3,339,2011-10-02 14:25:00,2011-11-13 16:13:00
13372,378.64,1,159,2011-09-11 12:46:00,2011-09-11 12:46:00
17078,378.2,2,788,2011-11-03 18:49:00,2011-11-03 19:17:00
12651,377.75,4,265,2010-08-31 15:21:00,2011-01-09 12:46:00
12941,377.49,1,381,2009-12-15 13:12:00,2009-12-15 13:12:00
17736,377.44,3,238,2011-08-18 14:33:00,2011-11-30 15:36:00
17783,376.96,3,438,2010-07-15 12:50:00,2011-09-28 16:07:00
17717,376.92,1,344,2010-10-14 12:54:00,2010-10-14 12:54:00
16544,376.7,4,150,2010-02-15 13:20:00,2010-07-08 11:11:00
17489,376.64,2,428,2011-05-11 11:34:00,2011-10-12 08:56:00
14353,376.5,3,344,2010-10-04 12:38:00,2011-05-08 16:06:00
13997,376.46,3,143,2010-06-07 17:33:00,2010-07-08 18:06:00
14531,376.34,1,260,2010-08-17 10:16:00,2010-08-17 10:16:00
13688,375.5,1,130,2010-03-14 14:11:00,2010-03-14 14:11:00
14448,375.35,2,104,2010-12-10 17:26:00,2011-11-30 13:50:00
14294,375.34,1,190,2010-10-28 16:25:00,2010-10-28 16:25:00
14067,374.7,2,361,2011-09-04 12:00:00,2011-10-07 10:21:00
17912,374.55,6,215,2010-11-29 13:53:00,2011-02-02 14:25:00
17568,374.45,1,275,2010-03-16 16:45:00,2010-03-16 16:45:00
14736,374.05,2,148,2010-08-11 15:13:00,2010-08-11 15:21:00
13351,373.94,1,117,2011-10-04 12:55:00,2011-10-04 12:55:00
13283,373.36,4,204,2010-03-09 14:36:00,2011-10-11 09:50:00
17810,373.16,2,118,2010-01-25 10:26:00,2010-02-09 10:47:00
15337,373.02,1,200,2010-10-24 15:29:00,2010-10-24 15:29:00
13197,373.01,1,204,2010-04-09 09:14:00,2010-04-09 09:14:00
14981,372.92,2,241,2010-10-12 11:04:00,2011-04-07 13:45:00
12895,372.8,2,210,2011-09-14 08:35:00,2011-10-28 13:51:00
12544,372.7,1,136,2011-11-03 16:15:00,2011-11-03 16:15:00
12981,372.22,2,242,2011-07-29 14:14:00,2011-11-10 12:00:00
13164,372.2,2,120,2010-02-10 11:52:00,2010-05-19 13:52:00
17245,371.63,2,307,2010-01-19 15:39:00,2011-05-19 10:43:00
18155,371.62,3,266,2011-02-21 10:36:00,2011-09-25 13:32:00
15472,371.56,1,251,2011-08-18 15:17:00,2011-08-18 15:17:00
18162,371.51,1,332,2009-12-07 13:24:00,2009-12-07 13:24:00
14950,371.2,1,136,2011-11-20 13:48:00,2011-11-20 13:48:00
15975,371.01,1,243,2011-09-16 13:33:00,2011-09-16 13:33:00
15063,370.8,1,56,2011-05-10 13:25:00,2011-05-10 13:25:00
15765,370.63,1,335,2010-02-11 10:25:00,2010-02-11 10:25:00
14168,370.45,2,147,2010-05-24 12:28:00,2010-10-15 10:49:00
15458,370.44,2,300,2010-11-02 19:50:00,2011-11-14 13:08:00
17437,369.68,1,283,2010-06-28 11:11:00,2010-06-28 11:11:00
16758,369.34,1,203,2011-10-05 14:47:00,2011-10-05 14:47:00
14888,369.2,1,184,2011-05-16 14:58:00,2011-05-16 14:58:00
14172,369.02,3,78,2010-03-07 10:58:00,2010-04-13 13:26:00
15477,368.4,1,216,2010-02-28 10:37:00,2010-02-28 10:37:00
17792,368.35,2,149,2010-08-18 13:08:00,2010-08-29 14:30:00
15989,368.31,2,169,2009-12-02 15:51:00,2010-11-29 12:03:00
14706,367.54,1,246,2010-03-31 11:09:00,2010-03-31 11:09:00
14018,367.15,1,224,2010-03-04 14:23:00,2010-03-04 14:23:00
14962,366.91,4,123,2010-05-04 14:57:00,2011-03-14 09:42:00
14244,366.42,1,814,2010-02-17 11:40:00,2010-02-17 11:40:00
12899,366.4,1,108,2010-10-22 09:53:00,2010-10-22 09:53:00
17911,366.23,1,223,2011-11-30 14:52:00,2011-11-30 14:52:00
16974,365.5,2,70,2010-05-24 10:43:00,2010-07-05 10:18:00
15029,365.1,1,234,2010-03-30 12:16:00,2010-03-30 12:16:00
13545,364.93,2,252,2010-06-13 11:49:00,2010-11-14 11:27:00
17536,364.83,3,201,2010-01-26 12:00:00,2011-06-15 13:23:00
14886,364.8,1,160,2011-04-01 08:56:00,2011-04-01 08:56:00
15949,364.72,2,284,2011-09-29 17:34:00,2011-11-23 09:09:00
15343,364.5,1,84,2011-09-13 13:55:00,2011-09-13 13:55:00
15915,364.45,1,414,2010-11-03 11:13:00,2010-11-03 11:13:00
14528,364.22,1,278,2011-11-02 17:09:00,2011-11-02 17:09:00
16509,363.7,1,64,2011-02-16 09:25:00,2011-02-16 09:25:00
14253,363.4,2,88,2010-03-26 15:08:00,2010-08-03 14:55:00
16078,362.99,2,200,2010-02-08 13:29:00,2011-03-01 09:47:00
16378,362.95,3,267,2011-02-02 12:42:00,2011-04-06 15:07:00
13962,362.8,3,160,2010-09-30 10:35:00,2011-11-18 08:47:00
14840,362.71,2,179,2010-06-18 15:42:00,2011-03-17 12:00:00
14122,362.42,3,114,2009-12-02 14:22:00,2010-10-29 15:11:00
17339,362.36,3,188,2010-07-18 13:08:00,2011-09-06 13:29:00
16052,362.06,1,282,2011-10-16 15:13:00,2011-10-16 15:13:00
13844,361.62,1,196,2011-11-28 13:21:00,2011-11-28 13:21:00
18119,361.4,1,248,2010-12-07 11:59:00,2010-12-07 11:59:00
16305,361.22,1,256,2011-07-24 12:18:00,2011-07-24 12:18:00
16448,361.12,2,176,2010-08-25 16:58:00,2011-05-25 16:28:00
13274,360.85,1,199,2010-10-26 13:48:00,2010-10-26 13:48:00
18091,360.85,1,539,2010-04-25 13:18:00,2010-04-25 13:18:00
17772,360.75,3,113,2010-11-12 11:31:00,2011-11-29 11:05:00
17012,360.61,1,251,2009-12-14 17:34:00,2009-12-14 17:34:00
17945,360.35,3,244,2010-01-12 11:33:00,2010-01-12 11:40:00
18208,360.08,1,82,2010-05-23 11:54:00,2010-05-23 11:54:00
13298,360.0,1,96,2011-12-08 13:11:00,2011-12-08 13:11:00
15008,360.0,2,1500,2010-03-12 11:13:00,2010-08-16 13:09:00
13181,359.69,1,171,2010-11-23 15:05:00,2010-11-23 15:05:00
14926,359.4,2,204,2010-04-20 09:59:00,2010-11-23 07:13:00
14919,359.35,1,129,2010-06-18 13:06:00,2010-06-18 13:06:00
15120,358.82,1,296,2011-07-29 09:48:00,2011-07-29 09:48:00
17948,358.56,1,144,2011-07-15 12:58:00,2011-07-15 12:58:00
16856,358.49,3,171,2010-09-23 13:11:00,2011-11-25 08:59:00
17748,358.15,1,111,2010-06-30 13:49:00,2010-06-30 13:49:00
13228,358.0,1,200,2011-09-19 14:28:00,2011-09-19 14:28:00
16606,357.66,2,148,2010-10-01 13:21:00,2010-10-31 13:57:00
15595,357.6,1,144,2010-08-09 12:27:00,2010-08-09 12:27:00
12495,357.4,1,130,2010-03-09 10:53:00,2010-03-09 10:53:00
16971,357.21,1,72,2011-11-01 15:06:00,2011-11-01 15:06:00
18040,357.2,2,148,2011-04-08 08:27:00,2011-11-20 14:20:00
18273,357.0,4,140,2010-04-28 12:24:00,2011-12-07 13:16:00
14500,356.85,3,117,2011-06-03 10:08:00,2011-09-12 16:45:00
17200,356.71,4,367,2010-02-25 13:23:00,2010-11-17 13:04:00
15840,355.56,2,396,2011-06-20 11:42:00,2011-10-12 09:08:00
12996,355.5,1,122,2010-11-29 09:27:00,2010-11-29 09:27:00
16920,355.45,1,81,2010-10-24 14:07:00,2010-10-24 14:07:00
15863,355.1,5,162,2009-12-17 10:20:00,2011-11-14 12:49:00
14268,354.85,1,147,2010-08-26 10:45:00,2010-08-26 10:45:00
15986,354.42,2,368,2010-11-23 10:02:00,2011-11-09 15:17:00
12888,354.12,2,76,2011-03-29 14:31:00,2011-05-09 16:02:00
12845,354.09,4,204,2011-02-22 14:10:00,2011-03-17 13:34:00
16323,353.66,2,146,2010-05-11 09:48:00,2011-05-27 14:48:00
18003,353.51,1,297,2010-11-28 15:09:00,2010-11-28 15:09:00
13210,353.48,1,316,2011-09-07 08:18:00,2011-09-07 08:18:00
13343,353.43,1,135,2011-06-15 12:24:00,2011-06-15 12:24:00
14804,353.27,1,121,2011-12-01 11:20:00,2011-12-01 11:20:00
16382,353.1,2,167,2010-06-07 12:42:00,2010-10-27 16:23:00
16690,353.03,4,209,2010-09-14 15:00:00,2011-09-28 15:02:00
12617,352.98,1,210,2011-11-10 14:39:00,2011-11-10 14:39:00
13765,352.82,1,297,2010-02-24 13:46:00,2010-02-24 13:46:00
16857,352.8,1,168,2010-09-23 10:49:00,2010-09-23 10:49:00
12566,351.65,1,265,2011-09-14 14:30:00,2011-09-14 14:30:00
16192,351.3,1,208,2009-12-04 12:28:00,2009-12-04 12:28:00
13923,351.13,1,185,2011-10-17 12:33:00,2011-10-17 12:33:00
14252,350.99,1,111,2010-11-23 13:36:00,2010-11-23 13:36:00
13332,350.9,1,179,2011-11-25 13:30:00,2011-11-25 13:30:00
13281,350.85,1,201,2010-09-26 16:03:00,2010-09-26 16:03:00
15334,350.82,3,273,2011-06-19 13:51:00,2011-07-06 11:22:00
16476,350.35,1,187,2010-10-04 10:29:00,2010-10-04 10:29:00
12532,349.83,1,153,2011-11-09 13:47:00,2011-11-09 13:47:00
13670,349.7,1,282,2011-09-25 15:25:00,2011-09-25 15:25:00
13887,349.55,1,147,2011-05-19 17:22:00,2011-05-19 17:22:00
18250,349.27,1,199,2011-02-02 13:16:00,2011-02-02 13:16:00
14545,349.25,1,236,2010-02-03 15:23:00,2010-02-03 15:23:00
17252,348.91,2,192,2011-06-06 16:41:00,2011-08-15 09:45:00
13790,348.8,1,748,2011-12-05 15:48:00,2011-12-05 15:48:00
17577,348.75,2,179,2010-02-09 10:10:00,2010-03-04 13:01:00
15282,348.59,1,395,2010-05-18 16:27:00,2010-05-18 16:27:00
16263,348.16,1,197,2010-10-12 14:52:00,2010-10-12 14:52:00
12760,347.8,1,198,2010-09-10 08:50:00,2010-09-10 08:50:00
17668,347.75,2,93,2011-11-01 14:45:00,2011-12-08 13:25:00
15085,347.54,1,169,2009-12-10 11:47:00,2009-12-10 11:47:00
12441,347.1,1,242,2010-12-08 10:45:00,2010-12-08 10:45:00
13062,346.98,1,343,2011-06-01 15:12:00,2011-06-01 15:12:00
12411,346.9,1,138,2010-10-26 09:25:00,2010-10-26 09:25:00
17780,346.56,3,156,2010-01-24 11:21:00,2010-02-10 13:43:00
13234,346.5,2,159,2009-12-07 12:32:00,2010-02-05 11:41:00
16423,346.12,1,230,2011-11-15 09:21:00,2011-11-15 09:21:00
15781,345.46,3,180,2011-02-07 09:15:00,2011-11-14 14:57:00
13774,345.0,1,192,2011-09-19 12:06:00,2011-09-19 12:06:00
14633,344.9,1,96,2011-03-18 17:07:00,2011-03-18 17:07:00
18199,344.75,1,99,2010-01-25 11:32:00,2010-01-25 11:32:00
15519,344.61,2,116,2010-09-19 13:57:00,2010-11-21 14:35:00
17569,344.14,1,159,2011-01-11 14:15:00,2011-01-11 14:15:00
13068,344.0,2,200,2011-01-24 08:20:00,2011-11-29 15:00:00
16990,344.0,2,200,2010-10-13 11:42:00,2011-05-05 08:30:00
15047,343.62,1,222,2011-03-15 10:49:00,2011-03-15 10:49:00
15520,343.5,1,314,2011-12-08 10:58:00,2011-12-08 10:58:00
18081,343.45,3,195,2011-07-29 11:56:00,2011-11-03 16:30:00
12715,343.36,1,192,2011-08-25 15:22:00,2011-08-25 15:22:00
13519,343.21,2,133,2010-09-23 11:45:00,2011-09-22 18:24:00
17795,342.83,2,305,2011-03-20 12:02:00,2011-06-13 12:36:00
13550,342.55,1,430,2010-11-21 15:24:00,2010-11-21 15:24:00
16851,342.45,3,271,2011-10-19 09:48:00,2011-12-05 13:32:00
14989,342.4,1,200,2010-02-16 10:40:00,2010-02-16 10:40:00
17835,342.24,3,344,2011-11-16 16:30:00,2011-12-07 11:48:00
17660,342.22,2,259,2009-12-02 16:02:00,2011-07-21 13:37:00
14724,341.9,1,184,2010-04-28 13:26:00,2010-04-28 13:26:00
16826,341.7,1,158,2011-10-19 14:05:00,2011-10-19 14:05:00
16585,341.59,2,151,2010-01-13 13:31:00,2010-04-25 10:34:00
13187,341.36,4,296,2010-03-25 17:18:00,2011-01-06 18:57:00
13347,341.36,1,205,2011-09-30 13:28:00,2011-09-30 13:28:00
17928,341.24,3,222,2010-05-17 15:30:00,2011-10-25 13:52:00
16259,340.94,3,143,2010-04-13 16:57:00,2010-10-25 14:27:00
17542,340.85,3,323,2010-03-08 12:08:00,2011-03-15 11:45:00
16044,340.84,1,170,2010-09-30 18:12:00,2010-09-30 18:12:00
15818,340.5,1,284,2010-04-30 12:58:00,2010-04-30 12:58:00
12900,340.33,1,139,2010-10-13 15:17:00,2010-10-13 15:17:00
12698,339.75,1,111,2010-04-28 15:51:00,2010-04-28 15:51:00
13737,339.6,1,125,2011-05-23 16:32:00,2011-05-23 16:32:00
14203,339.34,1,80,2010-11-07 13:35:00,2010-11-07 13:35:00
17697,338.95,1,93,2011-04-17 15:40:00,2011-04-17 15:40:00
14630,338.65,1,111,2010-08-12 16:38:00,2010-08-12 16:38:00
17833,338.46,1,143,2009-12-16 13:40:00,2009-12-16 13:40:00
14799,338.15,2,495,2009-12-02 11:18:00,2011-10-19 16:16:00
17296,338.13,1,216,2009-12-09 14:01:00,2009-12-09 14:01:00
12869,337.67,1,144,2010-01-27 12:10:00,2010-01-27 12:10:00
15942,337.44,1,232,2011-07-29 09:01:00,2011-07-29 09:01:00
12780,337.4,1,285,2010-04-20 09:40:00,2010-04-20 09:40:00
13930,337.34,2,274,2011-07-26 11:00:00,2011-10-13 09:45:00
18269,337.2,1,152,2010-12-08 13:53:00,2010-12-08 13:53:00
17973,337.04,1,176,2011-10-19 10:34:00,2011-10-19 10:34:00
17488,336.5,1,136,2010-03-08 14:07:00,2010-03-08 14:07:00
15619,336.4,1,136,2011-11-29 08:14:00,2011-11-29 08:14:00
13482,336.09,2,187,2010-03-22 10:31:00,2011-04-21 17:03:00
17967,335.69,2,184,2010-10-19 13:19:00,2010-12-03 11:19:00
14196,335.52,1,142,2011-08-25 10:25:00,2011-08-25 10:25:00
16063,335.32,1,262,2011-03-24 14:55:00,2011-03-24 14:56:00
17917,335.03,3,184,2010-12-12 12:08:00,2011-10-25 13:20:00
12489,334.93,1,105,2011-01-07 13:13:00,2011-01-07 13:13:00
17821,334.62,1,162,2010-10-29 13:20:00,2010-10-29 13:20:00
12350,334.4,1,197,2011-02-02 16:01:00,2011-02-02 16:01:00
17607,333.81,1,269,2010-11-28 13:11:00,2010-11-28 13:11:00
13216,333.74,1,297,2011-03-17 12:18:00,2011-03-17 12:18:00
14241,333.7,2,242,2010-01-12 15:11:00,2011-06-09 11:46:00
16234,333.18,3,170,2010-05-27 10:39:00,2010-08-20 14:33:00
16006,332.82,2,205,2010-11-17 12:03:00,2011-05-12 13:12:00
14137,332.7,1,462,2010-01-13 12:30:00,2010-01-13 12:30:00
13904,332.64,2,332,2011-02-18 11:18:00,2011-11-02 13:41:00
16850,332.41,1,249,2011-01-10 11:09:00,2011-01-10 11:09:00
16803,332.3,1,245,2011-10-05 14:28:00,2011-10-05 14:28:00
16452,332.17,2,199,2010-01-15 12:22:00,2010-03-19 12:39:00
17647,331.66,3,82,2010-02-08 14:39:00,2011-10-05 15:38:00
15512,331.58,4,235,2010-02-01 13:23:00,2011-07-07 10:20:00
17435,331.35,1,195,2010-10-24 13:55:00,2010-10-24 13:55:00
16030,331.24,1,283,2011-02-03 11:28:00,2011-02-03 11:28:00
13981,331.14,1,234,2010-10-20 10:03:00,2010-10-20 10:03:00
16478,331.0,3,224,2011-10-05 12:02:00,2011-11-14 15:51:00
15878,330.77,2,243,2009-12-06 12:28:00,2010-05-27 12:17:00
17776,330.56,2,273,2009-12-16 14:59:00,2010-11-18 12:14:00
14517,330.45,2,91,2011-07-21 11:42:00,2011-11-06 14:20:00
12807,330.35,1,145,2010-11-21 14:21:00,2010-11-21 14:21:00
13010,330.12,2,323,2010-03-01 11:28:00,2010-11-30 15:09:00
15130,330.11,1,197,2011-06-23 10:15:00,2011-06-23 10:15:00
12850,330.0,1,200,2010-09-20 12:26:00,2010-09-20 12:26:00
18186,329.58,1,338,2009-12-17 10:22:00,2009-12-17 10:22:00
17518,329.42,2,267,2010-03-28 13:31:00,2010-10-10 12:40:00
17914,329.36,1,457,2011-12-06 11:58:00,2011-12-06 11:58:00
17154,329.34,1,490,2011-09-25 13:42:00,2011-09-25 13:42:00
15153,329.25,1,198,2011-11-08 17:09:00,2011-11-08 17:09:00
15979,329.22,1,450,2010-04-16 11:35:00,2010-04-16 11:35:00
16286,328.95,2,101,2010-03-26 09:58:00,2010-08-19 14:48:00
14012,328.8,1,160,2011-03-07 12:26:00,2011-03-07 12:26:00
16855,328.4,2,164,2011-10-27 16:31:00,2011-11-16 12:03:00
15213,328.35,2,272,2011-01-14 11:05:00,2011-01-25 12:21:00
14747,328.2,1,84,2011-04-04 14:09:00,2011-04-04 14:09:00
16318,328.15,1,199,2011-11-04 13:05:00,2011-11-04 13:05:00
15709,327.85,2,169,2010-04-29 18:31:00,2011-03-01 10:38:00
17196,327.75,1,154,2010-10-08 11:31:00,2010-10-08 11:31:00
15735,327.68,1,206,2010-10-14 13:38:00,2010-10-14 13:38:00
13498,327.38,1,362,2009-12-09 15:26:00,2009-12-09 15:26:00
16322,326.75,2,231,2011-11-03 14:33:00,2011-12-08 15:41:00
12460,326.65,1,170,2010-09-09 13:51:00,2010-09-09 13:51:00
13646,326.25,2,79,2010-11-05 12:00:00,2010-11-05 12:13:00
18047,326.09,2,130,2010-11-23 12:57:00,2010-11-23 13:11:00
17439,325.74,1,370,2010-02-22 12:48:00,2010-02-22 12:48:00
12804,325.37,2,270,2010-07-27 13:52:00,2010-08-31 11:58:00
13661,325.24,1,118,2010-04-15 14:58:00,2010-04-15 14:58:00
15670,325.2,2,132,2010-06-01 15:34:00,2011-02-16 10:50:00
13801,324.8,1,168,2011-10-04 10:15:00,2011-10-04 10:15:00
15982,324.51,1,131,2010-04-13 15:47:00,2010-04-13 15:47:00
12946,324.45,1,149,2010-09-29 10:14:00,2010-09-29 10:14:00
16685,324.24,2,396,2011-10-09 13:44:00,2011-10-09 13:58:00
18261,324.24,2,146,2011-09-05 09:34:00,2011-10-27 15:36:00
13834,324.19,2,221,2010-02-08 12:52:00,2010-05-12 10:27:00
17440,323.58,4,282,2010-06-08 14:40:00,2011-07-06 11:54:00
13025,323.39,1,241,2009-12-08 10:02:00,2009-12-08 10:02:00
16195,323.25,1,123,2009-12-16 14:09:00,2009-12-16 14:09:00
14263,322.93,1,171,2010-10-12 14:09:00,2010-10-12 14:09:00
16627,322.8,1,162,2011-09-21 14:38:00,2011-09-21 14:38:00
14832,322.69,1,1,2010-03-19 15:14:00,2010-03-19 15:14:00
16342,322.41,4,157,2011-06-13 10:10:00,2011-09-25 14:36:00
14424,322.08,1,48,2011-11-22 11:48:00,2011-11-22 11:48:00
15726,321.91,1,123,2010-11-14 16:12:00,2010-11-14 16:12:00
18090,321.9,1,307,2010-10-14 12:32:00,2010-10-14 12:32:00
13111,321.88,1,180,2009-12-21 09:00:00,2009-12-21 09:00:00
17471,321.65,1,153,2010-08-22 11:53:00,2010-08-22 11:53:00
14070,321.6,1,85,2010-01-24 12:27:00,2010-01-24 12:27:00
15770,321.45,1,67,2010-04-06 11:47:00,2010-04-06 11:47:00
14823,321.43,3,88,2011-05-29 12:48:00,2011-06-12 13:12:00
17182,321.3,2,54,2009-12-21 15:22:00,2010-10-13 10:09:00
15869,321.11,3,273,2010-03-23 16:50:00,2011-03-07 17:23:00
15236,321.05,1,269,2011-02-14 10:52:00,2011-02-14 10:52:00
15432,320.76,2,92,2010-06-16 14:34:00,2011-11-16 16:30:00
14622,320.58,1,146,2011-06-08 12:42:00,2011-06-08 12:42:00
13986,320.46,1,430,2011-11-22 15:00:00,2011-11-22 15:00:00
17843,320.4,2,251,2010-10-24 10:56:00,2011-02-09 15:33:00
17309,320.39,3,181,2010-02-04 15:49:00,2011-09-05 15:20:00
16683,320.25,1,190,2010-06-24 10:36:00,2010-06-24 10:36:00
13942,320.0,1,1000,2010-06-23 12:35:00,2010-06-23 12:35:00
13843,319.75,1,145,2010-11-23 17:48:00,2010-11-23 17:48:00
16436,319.14,3,227,2009-12-06 16:02:00,2010-02-09 13:19:00
16967,319.02,1,333,2011-06-03 14:24:00,2011-06-03 14:24:00
17229,318.76,2,185,2011-07-20 12:38:00,2011-09-04 13:56:00
16273,318.34,2,40,2010-02-21 16:02:00,2010-03-01 13:24:00
15682,318.24,2,222,2010-01-21 14:37:00,2010-04-19 15:30:00
14703,318.17,1,183,2011-11-25 09:23:00,2011-11-25 09:23:00
17839,318.15,1,257,2011-10-28 17:27:00,2011-10-28 17:27:00
18253,317.88,1,128,2010-03-07 12:38:00,2010-03-07 12:38:00
17267,317.2,2,158,2011-08-04 17:19:00,2011-08-04 17:22:00
15616,317.11,1,137,2010-09-27 13:10:00,2010-09-27 13:10:00
17689,317.08,2,300,2010-08-22 13:54:00,2010-11-16 13:22:00
16761,316.62,1,341,2011-09-04 11:15:00,2011-09-04 11:15:00
15204,316.58,1,258,2010-12-17 13:49:00,2010-12-17 13:49:00
12529,316.48,1,192,2010-06-29 13:10:00,2010-06-29 13:10:00
13494,316.26,1,162,2011-02-01 11:58:00,2011-02-01 11:58:00
17408,316.09,3,163,2010-07-13 14:02:00,2011-06-29 12:53:00
18117,315.65,1,605,2011-11-14 12:47:00,2011-11-14 12:47:00
12614,315.6,1,76,2011-03-07 10:22:00,2011-03-07 10:22:00
15042,315.45,2,238,2010-04-23 14:01:00,2011-05-24 16:25:00
16091,315.06,2,154,2011-05-25 09:18:00,2011-07-08 08:45:00
17121,314.74,1,106,2010-11-02 11:47:00,2010-11-02 11:47:00
14991,314.67,1,191,2010-10-05 13:01:00,2010-10-05 13:01:00
18206,314.66,1,246,2010-06-04 13:47:00,2010-06-04 13:47:00
12650,314.44,1,254,2011-12-06 16:34:00,2011-12-06 16:34:00
18070,314.1,1,86,2010-02-08 13:28:00,2010-02-08 13:28:00
15873,313.92,4,1152,2010-07-27 11:58:00,2010-07-28 12:41:00
15196,313.7,2,130,2009-12-13 11:14:00,2010-10-03 10:50:00
13087,313.64,1,86,2009-12-13 15:16:00,2009-12-13 15:16:00
16582,313.62,1,164,2011-08-18 17:02:00,2011-08-18 17:02:00
12665,313.6,3,165,2010-02-08 15:11:00,2011-01-19 08:34:00
13845,312.98,1,182,2011-10-06 08:25:00,2011-10-06 08:25:00
15162,312.9,1,74,2009-12-08 13:14:00,2009-12-08 13:14:00
13905,312.65,1,135,2009-12-07 11:41:00,2009-12-07 11:41:00
15318,312.62,1,642,2011-12-06 11:30:00,2011-12-06 11:30:00
13226,312.46,2,179,2010-11-11 13:46:00,2011-03-11 14:35:00
12834,312.38,1,110,2011-03-02 09:49:00,2011-03-02 09:49:00
17326,312.35,2,136,2010-06-28 14:05:00,2010-10-27 15:38:00
14094,311.77,1,158,2010-09-26 11:58:00,2010-09-26 11:58:00
14951,311.69,1,311,2011-09-21 15:15:00,2011-09-21 15:15:00
12852,311.55,1,149,2011-02-18 08:47:00,2011-02-18 08:47:00
13990,311.3,1,190,2011-05-10 15:19:00,2011-05-10 15:19:00
15724,310.85,3,117,2010-11-04 10:22:00,2011-05-22 14:40:00
13400,310.83,1,284,2010-05-06 09:00:00,2010-05-06 09:00:00
16328,310.83,1,141,2010-05-25 14:02:00,2010-05-25 14:02:00
13847,310.72,1,96,2009-12-20 10:41:00,2009-12-20 10:41:00
12738,310.7,1,296,2010-12-02 18:27:00,2010-12-02 18:27:00
16439,310.7,1,74,2009-12-17 14:22:00,2009-12-17 14:22:00
15185,310.62,1,666,2011-09-30 14:06:00,2011-09-30 14:06:00
14848,310.56,1,260,2010-10-31 12:22:00,2010-10-31 12:22:00
15308,310.47,1,175,2011-03-10 13:08:00,2011-03-10 13:08:00
15188,310.43,1,233,2009-12-14 13:30:00,2009-12-14 13:30:00
13315,310.26,1,232,2010-01-19 15:34:00,2010-01-19 15:34:00
14749,310.15,1,403,2010-08-17 12:36:00,2010-08-17 12:36:00
13628,310.14,1,106,2010-02-01 14:44:00,2010-02-01 14:44:00
15699,309.65,1,113,2011-11-22 08:26:00,2011-11-22 08:26:00
16373,309.49,2,119,2010-10-24 13:10:00,2010-11-22 15:50:00
12884,309.05,1,43,2011-09-12 13:10:00,2011-09-12 13:10:00
15010,308.94,1,184,2011-11-04 12:42:00,2011-11-04 12:42:00
16956,308.74,1,114,2011-11-22 08:56:00,2011-11-22 08:56:00
16194,308.6,1,140,2010-11-29 13:28:00,2010-11-29 13:28:00
14181,308.35,2,120,2010-05-26 12:32:00,2010-10-25 08:27:00
14927,308.2,1,196,2010-11-08 12:30:00,2010-11-08 12:30:00
15302,308.0,1,102,2009-12-09 13:11:00,2009-12-09 13:11:00
13289,307.95,1,119,2009-12-16 11:53:00,2009-12-16 11:53:00
15778,307.95,1,101,2010-10-04 15:10:00,2010-10-04 15:10:00
16123,307.78,1,170,2011-10-19 09:18:00,2011-10-19 09:18:00
13529,307.76,2,74,2011-05-19 11:50:00,2011-09-22 09:15:00
14777,307.56,1,212,2010-11-01 12:50:00,2010-11-01 12:50:00
13060,307.53,1,123,2011-03-31 11:37:00,2011-03-31 11:37:00
17120,307.46,1,120,2011-04-20 15:21:00,2011-04-20 15:21:00
13932,307.4,1,72,2011-02-18 12:02:00,2011-02-18 12:02:00
15374,307.32,2,290,2010-03-25 12:03:00,2011-08-03 09:59:00
14783,307.3,1,262,2010-02-18 16:16:00,2010-02-18 16:16:00
17721,307.21,1,107,2010-02-18 15:18:00,2010-02-18 15:18:00
13036,307.1,1,38,2010-01-24 11:35:00,2010-01-24 11:35:00
13142,307.09,1,258,2011-11-20 16:07:00,2011-11-20 16:07:00
15087,306.94,1,470,2011-03-03 10:34:00,2011-03-03 10:34:00
13660,306.64,1,136,2010-11-04 16:10:00,2010-11-04 16:10:00
16649,306.58,1,82,2010-07-07 15:41:00,2010-07-07 15:41:00
13718,306.55,2,173,2011-02-17 11:58:00,2011-04-07 13:24:00
18059,306.46,3,258,2011-10-03 09:30:00,2011-11-16 16:49:00
16524,306.19,2,259,2010-01-17 13:16:00,2010-09-19 13:37:00
17077,306.0,1,36,2010-05-10 16:36:00,2010-05-10 16:36:00
15454,305.99,2,146,2010-03-31 13:15:00,2010-12-12 14:21:00
15135,305.68,2,84,2010-06-01 13:33:00,2011-04-14 19:16:00
16796,305.62,1,186,2011-09-11 14:01:00,2011-09-11 14:01:00
16181,305.54,1,152,2011-09-27 13:38:00,2011-09-27 13:38:00
13383,305.28,1,288,2010-06-14 11:45:00,2010-06-14 11:45:00
15893,305.28,1,288,2010-08-15 11:12:00,2010-08-15 11:12:00
15163,304.47,2,186,2011-05-31 15:22:00,2011-11-21 13:10:00
16217,304.25,2,91,2011-03-02 15:28:00,2011-04-18 13:31:00
18185,304.25,1,183,2011-04-04 13:42:00,2011-04-04 13:42:00
16674,304.24,2,181,2011-09-02 13:59:00,2011-10-16 11:31:00
17688,304.2,1,114,2010-11-11 10:41:00,2010-11-11 10:41:00
14990,304.17,2,129,2009-12-09 13:31:00,2010-04-06 13:54:00
17383,304.09,2,160,2010-09-12 14:54:00,2011-12-05 17:36:00
16489,303.7,2,38,2010-09-29 15:02:00,2010-11-24 14:40:00
14791,303.63,1,127,2010-04-12 10:24:00,2010-04-12 10:24:00
14806,303.43,2,423,2010-09-26 15:50:00,2011-09-25 15:32:00
18255,303.15,2,201,2010-09-09 16:31:00,2011-09-11 13:16:00
16425,302.7,1,199,2011-02-10 14:30:00,2011-02-10 14:30:00
14043,302.6,2,152,2009-12-10 15:56:00,2010-08-05 18:18:00
18165,302.46,1,254,2011-06-15 13:23:00,2011-06-15 13:23:00
17506,302.2,1,139,2011-09-25 11:39:00,2011-09-25 11:39:00
15054,302.1,2,198,2011-10-30 14:33:00,2011-11-27 15:02:00
15242,302.04,1,196,2010-10-13 15:33:00,2010-10-13 15:33:00
16297,301.9,1,206,2011-03-16 08:29:00,2011-03-16 08:29:00
13773,301.54,2,174,2010-02-18 10:27:00,2010-11-08 11:49:00
15667,301.32,1,240,2011-10-31 10:56:00,2011-10-31 10:56:00
15148,301.29,1,187,2011-11-29 08:21:00,2011-11-29 08:21:00
13625,301.26,1,144,2010-04-22 10:50:00,2010-04-22 10:50:00
16437,301.25,2,197,2010-10-06 12:34:00,2010-11-23 16:59:00
12351,300.93,1,261,2010-11-29 15:23:00,2010-11-29 15:23:00
16479,300.83,2,102,2011-11-29 13:04:00,2011-11-29 13:40:00
16050,300.7,3,388,2010-11-03 15:55:00,2011-06-19 11:44:00
17556,300.67,2,184,2010-11-25 17:00:00,2011-05-18 10:48:00
17793,300.34,1,226,2011-11-14 14:24:00,2011-11-14 14:24:00
14797,300.31,1,99,2010-07-20 14:07:00,2010-07-20 14:07:00
17991,300.3,3,93,2010-04-27 12:46:00,2011-04-28 15:58:00
17766,299.61,2,155,2010-11-23 14:17:00,2010-11-23 14:29:00
12864,299.57,2,447,2010-07-19 17:22:00,2011-07-24 13:03:00
13346,299.4,6,180,2010-04-22 12:34:00,2010-09-03 11:41:00
17898,299.18,4,251,2010-05-21 17:22:00,2011-09-15 14:56:00
13667,299.05,1,149,2011-07-13 15:42:00,2011-07-13 15:42:00
12595,299.02,1,271,2010-07-23 09:10:00,2010-07-23 09:10:00
15609,298.48,1,148,2011-06-08 13:00:00,2011-06-08 13:00:00
17824,298.4,1,408,2011-10-19 14:14:00,2011-10-19 14:14:00
12881,298.0,1,21,2011-03-09 11:44:00,2011-03-09 11:44:00
18018,297.99,4,186,2010-10-15 11:05:00,2011-08-23 17:37:00
14835,297.0,2,180,2010-04-01 19:34:00,2010-06-29 10:08:00
17627,296.36,1,676,2010-08-18 11:27:00,2010-08-18 11:27:00
13751,296.25,1,152,2011-02-24 15:56:00,2011-02-24 15:56:00
12898,296.21,2,235,2010-02-18 12:36:00,2010-09-02 08:08:00
13504,295.93,1,178,2011-10-06 13:20:00,2011-10-06 13:20:00
14269,295.73,1,123,2010-09-26 12:53:00,2010-09-26 12:53:00
14614,295.13,1,189,2010-11-18 13:04:00,2010-11-18 13:04:00
16252,295.09,1,158,2010-11-22 11:57:00,2010-11-22 11:57:00
16579,295.05,1,119,2010-10-10 11:58:00,2010-10-10 11:58:00
17057,294.74,1,129,2010-04-22 19:21:00,2010-04-22 19:21:00
17301,294.39,2,216,2010-03-25 13:16:00,2011-11-18 13:43:00
15060,294.25,4,257,2011-11-30 14:03:00,2011-12-01 13:47:00
17124,294.24,1,129,2011-06-07 14:02:00,2011-06-07 14:02:00
17927,294.0,1,108,2009-12-18 11:03:00,2009-12-18 11:03:00
15718,293.79,1,95,2010-06-17 16:20:00,2010-06-17 16:20:00
14192,293.74,1,218,2010-11-16 17:44:00,2010-11-16 17:44:00
15928,293.53,1,164,2010-02-21 15:16:00,2010-02-21 15:16:00
17710,293.5,1,158,2010-10-12 07:49:00,2010-10-12 07:49:00
17441,293.35,1,245,2009-12-07 13:32:00,2009-12-07 13:32:00
17207,292.62,1,233,2010-02-25 19:08:00,2010-02-25 19:08:00
16721,292.47,1,172,2011-03-22 16:08:00,2011-03-22 16:08:00
16543,292.21,1,317,2010-04-27 11:38:00,2010-04-27 11:38:00
13739,292.2,2,76,2010-06-30 10:25:00,2011-11-21 13:35:00
14985,292.01,2,256,2010-12-16 19:51:00,2011-05-25 14:29:00
13449,291.88,1,222,2011-11-16 08:28:00,2011-11-16 08:28:00
17907,291.76,1,1046,2010-03-09 12:33:00,2010-03-09 12:33:00
17882,291.56,2,130,2010-11-25 14:35:00,2010-11-25 14:40:00
16615,291.5,1,211,2010-03-23 15:13:00,2010-03-23 15:13:00
18182,291.13,1,167,2010-09-02 14:25:00,2010-09-02 14:25:00
17551,290.34,1,142,2010-12-15 14:12:00,2010-12-15 14:12:00
15391,289.87,1,109,2010-05-04 15:04:00,2010-05-04 15:04:00
16897,289.78,2,73,2011-01-30 11:52:00,2011-02-13 15:02:00
13796,289.7,1,218,2010-07-28 14:45:00,2010-07-28 14:45:00
15962,289.48,1,228,2010-09-16 13:48:00,2010-09-16 13:48:00
15041,289.4,2,194,2010-09-21 13:16:00,2011-06-22 16:16:00
14162,289.36,2,142,2011-02-20 12:32:00,2011-06-19 11:36:00
17501,288.6,2,160,2011-05-03 09:46:00,2011-05-03 09:47:00
16808,288.42,2,196,2011-03-10 19:05:00,2011-09-01 19:34:00
16432,287.4,1,276,2011-10-06 13:59:00,2011-10-06 13:59:00
17497,287.25,2,59,2010-04-08 08:01:00,2010-11-14 14:17:00
13508,287.05,2,180,2010-03-07 11:58:00,2011-04-10 11:58:00
14660,285.74,2,228,2011-08-31 10:40:00,2011-09-14 11:34:00
14402,285.6,1,240,2010-02-25 13:20:00,2010-02-25 13:20:00
17636,285.56,1,182,2011-11-20 14:40:00,2011-11-20 14:40:00
16890,285.41,3,243,2010-05-06 16:27:00,2010-08-20 11:23:00
13708,285.33,1,301,2011-03-13 13:46:00,2011-03-13 13:46:00
12487,285.3,1,174,2009-12-09 11:36:00,2009-12-09 11:36:00
16429,284.55,1,9,2011-08-25 13:54:00,2011-08-25 13:54:00
15445,284.5,2,118,2010-04-28 15:00:00,2011-03-20 15:06:00
17359,284.46,2,237,2010-03-01 14:48:00,2011-11-28 14:37:00
15354,284.4,3,3,2010-04-15 16:17:00,2010-04-15 16:24:00
13616,283.85,2,172,2010-01-17 14:56:00,2010-05-20 12:59:00
13121,283.73,1,252,2011-03-15 16:47:00,2011-03-15 16:47:00
15662,283.73,2,145,2009-12-01 13:49:00,2010-02-16 16:47:00
13909,282.85,2,301,2010-07-06 16:52:00,2010-10-12 17:22:00
15936,282.79,2,211,2010-08-29 11:42:00,2010-11-25 16:39:00
13511,282.76,1,60,2010-02-01 12:10:00,2010-02-01 12:10:00
12771,282.3,1,104,2010-08-11 11:51:00,2010-08-11 11:51:00
16557,281.85,2,111,2011-07-25 13:28:00,2011-11-15 14:04:00
13326,281.76,1,140,2010-10-03 16:00:00,2010-10-03 16:00:00
13679,281.26,3,102,2009-12-04 16:52:00,2010-08-03 12:13:00
18042,281.15,2,69,2010-06-16 10:53:00,2011-10-17 11:49:00
15772,280.88,1,110,2010-10-17 13:33:00,2010-10-17 13:33:00
12851,280.76,2,157,2010-08-19 15:13:00,2011-09-04 12:41:00
13080,280.73,4,193,2010-04-09 13:07:00,2011-06-13 14:59:00
14433,280.7,1,131,2010-08-31 12:35:00,2010-08-31 12:35:00
14242,280.55,2,123,2011-01-18 08:53:00,2011-04-19 11:46:00
13581,280.53,2,119,2010-10-21 16:30:00,2011-02-03 14:41:00
17247,280.09,1,105,2011-11-24 15:21:00,2011-11-24 15:21:00
15556,279.77,1,236,2011-11-15 16:08:00,2011-11-15 16:08:00
14183,278.34,2,60,2010-08-15 15:36:00,2010-10-24 14:45:00
14764,278.3,1,190,2011-10-24 11:54:00,2011-10-24 11:54:00
14303,277.94,2,218,2010-10-01 10:31:00,2010-10-28 15:37:00
15338,277.93,1,148,2010-01-31 14:25:00,2010-01-31 14:25:00
15355,277.05,2,45,2011-10-17 15:22:00,2011-11-10 13:44:00
13606,276.75,3,276,2011-02-01 11:42:00,2011-11-10 17:46:00
13272,276.56,2,96,2011-09-11 12:06:00,2011-11-08 14:00:00
12750,275.88,1,137,2011-08-03 09:13:00,2011-08-03 09:13:00
13399,275.4,3,120,2010-07-08 17:47:00,2010-09-01 13:59:00
16313,274.15,2,165,2011-10-21 09:04:00,2011-12-06 13:02:00
12789,273.35,3,36,2010-01-15 12:06:00,2011-10-05 13:34:00
17072,273.35,1,212,2010-03-24 16:33:00,2010-03-24 16:33:00
13307,273.34,3,140,2010-04-26 13:28:00,2011-08-11 17:14:00
17355,273.31,1,249,2010-11-18 13:18:00,2010-11-18 13:18:00
13861,273.26,2,225,2010-06-27 11:37:00,2010-10-06 14:20:00
17498,272.22,1,394,2011-09-25 12:25:00,2011-09-25 12:25:00
13917,272.04,2,228,2011-06-01 12:46:00,2011-10-21 09:56:00
14816,271.85,1,5,2011-05-26 13:16:00,2011-05-26 13:16:00
17292,271.75,2,131,2010-05-09 14:52:00,2010-08-24 17:14:00
14436,271.7,2,297,2010-06-04 11:32:00,2011-09-02 10:13:00
13058,271.4,3,52,2011-07-11 12:01:00,2011-11-15 12:43:00
15943,271.29,2,183,2010-01-31 11:04:00,2010-02-28 12:49:00
17278,271.24,2,195,2010-05-23 13:49:00,2011-04-12 13:10:00
18238,270.92,1,114,2010-07-12 12:51:00,2010-07-12 12:51:00
14520,270.6,2,146,2011-02-22 09:15:00,2011-12-08 09:46:00
16757,270.48,2,180,2010-10-26 15:09:00,2011-01-25 11:59:00
12558,269.96,1,196,2011-12-02 10:41:00,2011-12-02 10:41:00
18267,269.37,1,135,2010-02-05 08:43:00,2010-02-05 08:43:00
15964,269.21,1,93,2010-02-14 15:30:00,2010-02-14 15:30:00
13533,269.09,3,202,2011-03-17 12:47:00,2011-06-10 11:54:00
17264,268.28,1,217,2010-10-11 12:52:00,2010-10-11 12:52:00
12751,268.27,1,189,2010-09-21 12:49:00,2010-09-21 12:49:00
18254,267.9,1,188,2010-05-07 14:37:00,2010-05-07 14:37:00
14039,267.28,2,192,2010-05-13 10:15:00,2011-11-06 13:48:00
15408,267.18,1,106,2011-03-20 15:02:00,2011-03-20 15:02:00
15320,267.13,1,326,2011-10-26 13:27:00,2011-10-26 13:27:00
15517,267.03,1,293,2011-04-20 14:02:00,2011-04-20 14:02:00
15423,266.89,3,198,2010-03-28 13:42:00,2011-11-01 14:01:00
17786,266.85,2,195,2011-01-26 14:35:00,2011-09-15 12:51:00
14863,266.76,1,132,2011-11-10 15:04:00,2011-11-10 15:04:00
13837,266.59,2,182,2011-01-26 12:15:00,2011-05-12 12:10:00
14392,266.4,1,114,2010-10-03 12:56:00,2010-10-03 12:56:00
15119,266.4,1,88,2011-04-08 09:08:00,2011-04-08 09:08:00
12962,266.39,2,129,2011-08-18 13:38:00,2011-12-02 15:55:00
13973,264.7,1,109,2011-02-25 15:21:00,2011-02-25 15:21:00
16334,263.73,1,206,2010-08-04 16:38:00,2010-08-04 16:38:00
13128,263.5,1,31,2010-03-18 15:08:00,2010-03-18 15:08:00
16089,263.49,2,119,2010-07-18 15:51:00,2010-11-18 13:51:00
12892,263.38,1,140,2010-11-08 09:51:00,2010-11-08 09:51:00
17808,262.64,4,143,2010-05-07 16:26:00,2010-06-09 10:44:00
13331,262.4,1,54,2010-11-03 08:04:00,2010-11-03 08:04:00
17910,261.7,1,121,2009-12-13 16:04:00,2009-12-13 16:04:00
14957,261.69,2,97,2010-03-05 10:50:00,2011-03-31 17:59:00
12655,261.35,1,80,2010-10-12 09:17:00,2010-10-12 09:17:00
13189,260.68,2,842,2011-08-16 13:12:00,2011-11-21 10:39:00
17901,260.08,3,38,2010-07-06 10:54:00,2011-11-10 17:29:00
17022,260.0,2,180,2010-10-03 10:27:00,2011-11-08 17:09:00
16733,259.68,1,112,2010-06-28 10:12:00,2010-06-28 10:12:00
13127,259.17,1,127,2011-09-23 10:26:00,2011-09-23 10:26:00
17558,259.17,1,54,2010-11-11 14:36:00,2010-11-11 14:36:00
17219,259.13,2,188,2010-10-19 11:29:00,2011-11-08 11:25:00
15536,259.09,1,242,2010-10-26 16:31:00,2010-10-26 16:31:00
14526,258.65,1,178,2010-11-15 13:32:00,2010-11-15 13:32:00
13683,258.6,1,180,2010-09-08 10:00:00,2010-09-08 10:00:00
16502,258.55,2,220,2010-03-29 13:39:00,2010-03-29 13:44:00
13227,257.7,1,99,2011-05-22 11:47:00,2011-05-22 11:47:00
15014,257.67,2,149,2011-06-16 19:40:00,2011-10-27 20:07:00
16542,257.32,2,142,2010-11-03 14:44:00,2011-10-17 10:47:00
15503,257.3,2,130,2009-12-13 11:34:00,2010-12-12 10:57:00
15852,257.26,3,60,2010-07-01 10:16:00,2011-06-06 11:22:00
14483,257.1,2,193,2009-12-03 10:16:00,2011-03-03 10:26:00
15404,257.06,1,334,2010-11-29 11:03:00,2010-11-29 11:03:00
14876,256.7,2,162,2010-05-27 13:49:00,2010-07-06 14:57:00
14274,256.6,1,178,2010-01-22 12:51:00,2010-01-22 12:51:00
12430,256.4,1,117,2011-10-27 15:09:00,2011-10-27 15:09:00
13806,256.38,1,56,2011-10-07 11:43:00,2011-10-07 11:43:00
17896,256.32,1,288,2011-11-16 13:59:00,2011-11-16 13:59:00
17385,256.11,1,197,2011-11-25 11:02:00,2011-11-25 11:02:00
13825,255.59,2,182,2009-12-09 14:30:00,2010-03-28 11:02:00
14881,255.4,1,316,2011-11-20 11:06:00,2011-11-20 11:06:00
16911,255.25,2,161,2010-02-16 16:12:00,2010-03-14 12:18:00
12746,254.55,1,97,2010-06-17 10:41:00,2010-06-17 10:41:00
12604,254.18,2,201,2011-03-23 12:06:00,2011-09-21 14:08:00
15923,254.16,1,244,2010-12-02 12:16:00,2010-12-02 12:16:00
14765,254.11,3,135,2011-06-16 19:49:00,2011-11-10 19:53:00
17626,254.0,1,202,2010-04-16 12:15:00,2010-04-16 12:15:00
16845,253.88,1,167,2010-03-31 13:09:00,2010-03-31 13:09:00
13250,253.09,2,107,2010-07-25 14:01:00,2010-09-05 11:33:00
17992,252.88,1,130,2010-11-15 13:04:00,2010-11-15 13:04:00
15019,252.81,1,150,2011-03-18 12:35:00,2011-03-18 12:35:00
15035,252.73,1,245,2011-09-11 11:08:00,2011-09-11 11:08:00
13251,252.68,1,215,2010-11-02 13:20:00,2010-11-02 13:20:00
16908,252.59,1,61,2009-12-17 13:35:00,2009-12-17 13:35:00
15552,252.52,2,166,2010-03-26 16:17:00,2011-05-06 14:47:00
16074,252.5,1,38,2010-11-14 13:19:00,2010-11-14 13:19:00
13404,252.49,2,111,2011-05-11 11:57:00,2011-12-08 15:37:00
13645,252.1,1,158,2011-08-11 16:11:00,2011-08-11 16:11:00
17210,251.72,1,242,2010-11-12 12:15:00,2010-11-12 12:15:00
16453,251.71,2,139,2010-06-09 13:15:00,2010-06-27 12:46:00
16976,251.52,1,88,2011-03-17 16:33:00,2011-03-17 16:33:00
14501,251.21,2,161,2011-01-24 10:43:00,2011-06-09 12:02:00
14166,251.15,2,82,2010-03-23 15:10:00,2010-07-22 19:42:00
18266,251.1,1,138,2010-10-01 15:33:00,2010-10-01 15:33:00
16962,251.04,1,158,2010-10-26 11:36:00,2010-10-26 11:36:00
15231,250.26,1,190,2010-03-28 15:12:00,2010-03-28 15:12:00
17303,250.04,1,144,2010-12-13 13:32:00,2010-12-13 13:32:00
15510,250.0,1,2,2011-01-13 12:10:00,2011-01-13 12:10:00
13747,249.4,2,68,2010-10-11 09:15:00,2010-12-01 10:37:00
12563,249.24,1,113,2010-10-27 09:52:00,2010-10-27 09:52:00
13061,248.61,1,107,2011-09-28 16:04:00,2011-09-28 16:04:00
13592,247.96,4,84,2011-03-20 14:01:00,2011-11-04 09:49:00
16381,247.85,2,108,2010-10-17 13:06:00,2010-11-09 09:56:00
15293,247.5,1,178,2010-02-12 11:54:00,2010-02-12 11:54:00
18072,247.44,1,288,2011-06-07 10:44:00,2011-06-07 10:44:00
13349,247.32,1,225,2011-11-29 08:07:00,2011-11-29 08:07:00
14658,247.15,2,47,2011-08-14 15:42:00,2011-12-04 15:35:00
14654,246.86,1,273,2009-12-01 12:57:00,2009-12-01 12:57:00
15697,246.75,1,127,2010-01-19 09:10:00,2010-01-19 09:10:00
13943,246.54,1,94,2010-05-11 11:30:00,2010-05-11 11:30:00
15378,246.5,2,130,2010-07-26 08:47:00,2010-09-03 11:30:00
15495,246.5,1,194,2010-11-25 13:46:00,2010-11-25 13:46:00
15783,246.3,1,212,2011-11-29 09:50:00,2011-11-29 09:50:00
18153,246.22,1,200,2010-02-18 15:50:00,2010-02-18 15:50:00
16778,245.94,2,194,2011-03-10 15:21:00,2011-09-26 13:48:00
14325,245.48,1,320,2010-05-19 09:20:00,2010-05-19 09:20:00
14281,245.15,1,45,2010-10-27 14:45:00,2010-10-27 14:45:00
12660,245.1,1,127,2011-11-28 13:26:00,2011-11-28 13:26:00
15118,244.8,1,1440,2011-07-28 14:54:00,2011-07-28 14:54:00
15884,244.6,2,152,2009-12-03 18:23:00,2010-10-03 15:55:00
16528,244.41,1,171,2011-12-06 12:45:00,2011-12-06 12:45:00
18002,244.37,4,71,2009-12-08 11:07:00,2010-11-29 10:57:00
14694,244.31,1,193,2010-04-01 19:46:00,2010-04-01 19:46:00
13551,244.2,2,36,2010-02-11 15:01:00,2011-01-24 14:46:00
17892,244.1,3,109,2011-07-07 12:56:00,2011-10-14 16:49:00
13676,243.9,2,104,2010-03-30 16:53:00,2010-06-18 17:30:00
16793,243.84,1,146,2011-10-13 15:08:00,2011-10-13 15:08:00
13886,243.56,1,126,2011-09-29 13:17:00,2011-09-29 13:17:00
16215,242.35,1,104,2011-09-20 10:18:00,2011-09-20 10:18:00
15543,242.26,2,167,2010-09-06 11:28:00,2011-02-24 15:26:00
17009,242.06,1,336,2010-06-06 16:01:00,2010-06-06 16:01:00
13445,241.9,1,198,2010-03-23 15:34:00,2010-03-23 15:34:00
13582,241.68,2,106,2010-04-01 11:38:00,2010-11-15 11:34:00
15776,241.62,1,138,2011-07-29 13:46:00,2011-07-29 13:46:00
14774,241.45,1,99,2010-06-29 12:26:00,2010-06-29 12:26:00
14523,241.09,1,251,2011-08-23 13:13:00,2011-08-23 13:13:00
16427,241.06,2,156,2011-02-28 15:18:00,2011-03-21 17:10:00
16508,240.95,1,103,2010-03-19 13:41:00,2010-03-19 13:41:00
13674,240.68,1,102,2010-10-03 10:41:00,2010-10-03 10:41:00
15286,240.55,1,55,2011-10-21 11:08:00,2011-10-21 11:08:00
15336,240.5,1,84,2010-11-03 12:39:00,2010-11-03 12:39:00
15931,239.9,1,118,2010-10-07 16:46:00,2010-10-07 16:46:00
15690,239.76,2,408,2011-08-31 11:40:00,2011-12-05 15:59:00
13570,239.49,1,161,2011-04-10 13:36:00,2011-04-10 13:36:00
13789,239.46,1,258,2010-11-16 15:31:00,2010-11-16 15:31:00
17684,239.41,1,145,2011-10-27 11:10:00,2011-10-27 11:10:00
12663,239.4,2,181,2010-02-09 14:28:00,2010-03-25 09:40:00
17981,239.12,1,260,2010-10-25 10:40:00,2010-10-25 10:40:00
13275,238.86,2,138,2010-03-17 14:05:00,2010-11-21 12:09:00
12561,238.85,1,177,2011-02-10 11:39:00,2011-02-10 11:39:00
12718,238.25,1,203,2011-09-29 16:38:00,2011-09-29 16:38:00
16280,238.05,1,101,2009-12-14 15:49:00,2009-12-14 15:49:00
14982,237.78,1,125,2010-05-16 15:52:00,2010-05-16 15:52:00
17877,237.61,1,98,2011-06-22 13:00:00,2011-06-22 13:00:00
14586,237.36,1,444,2011-03-08 10:04:00,2011-03-08 10:04:00
15457,237.07,1,132,2011-03-22 15:31:00,2011-03-22 15:31:00
12732,236.26,1,111,2011-06-13 11:33:00,2011-06-13 11:33:00
13088,236.11,1,76,2010-10-18 15:35:00,2010-10-18 15:35:00
16026,236.09,1,243,2011-10-27 13:53:00,2011-10-27 13:53:00
17093,235.88,1,114,2010-04-26 10:22:00,2010-04-26 10:22:00
17872,235.87,1,176,2010-11-23 12:02:00,2010-11-23 12:02:00
16046,235.78,1,248,2010-05-26 13:18:00,2010-05-26 13:18:00
12392,234.75,1,73,2010-04-27 14:04:00,2010-04-27 14:04:00
13114,234.38,1,74,2009-12-09 09:56:00,2009-12-09 09:56:00
14473,234.34,2,88,2011-03-02 13:56:00,2011-09-26 15:10:00
17060,234.24,1,216,2011-03-18 13:27:00,2011-03-18 13:27:00
12736,234.0,1,173,2011-01-11 07:57:00,2011-01-11 07:57:00
13009,234.0,1,120,2010-02-05 12:22:00,2010-02-05 12:22:00
13348,233.76,1,136,2011-10-06 17:28:00,2011-10-06 17:28:00
14153,233.4,1,312,2010-08-13 14:35:00,2010-08-13 14:35:00
15294,233.35,1,97,2010-10-25 11:45:00,2010-10-25 11:45:00
13129,233.25,2,296,2010-06-28 11:54:00,2010-09-13 13:47:00
16302,233.22,1,158,2011-08-05 09:44:00,2011-08-05 09:44:00
17055,232.85,1,83,2010-09-20 12:21:00,2010-09-20 12:21:00
13678,232.6,1,924,2011-07-11 10:14:00,2011-07-11 10:14:00
18213,232.48,1,232,2011-04-17 10:21:00,2011-04-17 10:21:00
13608,232.05,1,110,2010-06-17 12:28:00,2010-06-17 12:28:00
14995,231.98,2,102,2011-03-04 13:14:00,2011-11-01 11:39:00
16408,231.93,1,227,2010-04-27 14:08:00,2010-04-27 14:08:00
17151,231.9,1,42,2009-12-04 14:56:00,2009-12-04 14:56:00
17136,231.68,1,256,2010-02-15 13:13:00,2010-02-15 13:13:00
18279,231.34,1,630,2010-07-08 14:48:00,2010-07-08 14:48:00
15487,231.32,1,144,2010-01-29 12:07:00,2010-01-29 12:07:00
18030,230.65,2,67,2011-10-28 13:55:00,2011-12-05 16:37:00
17125,230.5,1,281,2011-10-20 14:41:00,2011-10-20 14:41:00
13960,230.22,2,142,2011-09-29 12:39:00,2011-11-18 15:27:00
18197,230.1,1,166,2010-05-13 10:46:00,2010-05-13 10:46:00
14314,229.8,2,332,2010-10-05 08:00:00,2011-08-25 10:39:00
14017,229.75,1,73,2010-05-17 14:52:00,2010-05-17 14:52:00
12812,229.64,1,164,2011-10-26 09:54:00,2011-10-26 09:54:00
13403,229.5,3,114,2009-12-16 13:23:00,2011-11-22 08:28:00
17185,229.46,3,119,2010-04-20 13:49:00,2010-04-27 12:15:00
15528,229.33,1,123,2011-03-30 16:14:00,2011-03-30 16:14:00
17743,229.2,1,96,2010-09-17 14:54:00,2010-09-17 14:54:00
15273,228.96,1,216,2010-04-19 11:31:00,2010-04-19 11:31:00
17347,228.96,1,216,2011-09-14 13:12:00,2011-09-14 13:12:00
13146,228.91,1,154,2011-11-13 15:29:00,2011-11-13 15:29:00
17066,228.34,1,93,2009-12-13 13:24:00,2009-12-13 13:24:00
14458,228.07,1,317,2010-11-24 12:43:00,2010-11-24 12:43:00
16760,228.0,1,168,2010-10-05 15:55:00,2010-10-05 15:55:00
15566,227.87,2,153,2009-12-15 14:53:00,2010-11-12 12:11:00
14363,227.47,2,105,2010-09-14 14:39:00,2010-11-02 17:01:00
17868,227.15,1,85,2010-11-18 18:55:00,2010-11-18 18:55:00
16740,226.91,1,110,2010-11-09 13:34:00,2010-11-09 13:34:00
15451,226.86,2,76,2010-04-19 14:08:00,2010-10-01 13:40:00
13651,226.85,3,62,2010-11-23 09:44:00,2011-11-04 14:59:00
18005,226.47,2,86,2011-10-23 14:40:00,2011-12-06 11:51:00
14718,226.42,1,202,2010-10-25 13:07:00,2010-10-25 13:07:00
17993,225.99,1,108,2010-04-01 14:23:00,2010-04-01 14:23:00
14069,225.81,2,58,2010-05-27 12:30:00,2010-07-13 12:12:00
17915,225.78,1,184,2010-06-06 13:22:00,2010-06-06 13:22:00
16622,225.4,1,44,2010-06-14 10:44:00,2010-06-14 10:44:00
16587,225.15,1,71,2011-04-21 15:51:00,2011-04-21 15:51:00
14357,225.12,1,147,2011-10-27 16:23:00,2011-10-27 16:23:00
13619,224.94,2,79,2010-02-03 14:16:00,2010-06-13 11:39:00
16346,224.51,1,289,2010-11-19 15:55:00,2010-11-19 15:55:00
15175,224.14,1,454,2011-09-29 11:31:00,2011-09-29 11:31:00
12914,223.98,1,336,2010-11-04 12:28:00,2010-11-04 12:28:00
16753,223.92,1,189,2011-10-12 13:14:00,2011-10-12 13:14:00
14928,223.91,1,268,2010-03-22 09:14:00,2010-03-22 09:14:00
16562,223.86,1,264,2010-08-20 11:45:00,2010-08-20 11:45:00
13926,223.85,1,104,2011-11-16 13:16:00,2011-11-16 13:16:00
18131,222.96,1,552,2010-03-18 08:48:00,2010-03-18 08:48:00
12887,222.4,1,100,2010-11-21 11:18:00,2010-11-21 11:18:00
14596,222.22,1,75,2010-03-23 12:13:00,2010-03-23 12:13:00
15788,221.83,1,115,2010-07-19 12:48:00,2010-07-19 12:48:00
14445,221.65,1,83,2010-09-10 11:09:00,2010-09-10 11:09:00
17261,221.59,1,95,2010-07-18 11:49:00,2010-07-18 11:49:00
17087,221.53,1,113,2009-12-02 10:41:00,2009-12-02 10:41:00
14960,221.27,2,221,2011-06-21 13:38:00,2011-12-01 12:54:00
13419,221.06,1,275,2011-10-07 12:49:00,2011-10-07 12:49:00
12821,220.8,2,162,2010-04-07 15:14:00,2011-05-09 15:51:00
16482,220.62,1,346,2011-11-24 12:33:00,2011-11-24 12:33:00
13033,220.55,2,98,2010-10-06 09:37:00,2010-12-17 14:23:00
18132,220.13,1,212,2010-07-23 16:54:00,2010-07-23 16:54:00
18114,220.1,1,55,2011-02-22 13:20:00,2011-02-22 13:20:00
13454,219.87,1,198,2010-03-08 14:40:00,2010-03-08 14:40:00
13992,219.5,3,154,2010-09-02 17:04:00,2011-11-09 15:23:00
14074,219.4,1,228,2010-03-26 13:55:00,2010-03-26 13:55:00
15096,219.39,1,120,2011-10-28 10:27:00,2011-10-28 10:27:00
12799,219.35,1,137,2010-06-28 15:57:00,2010-06-28 15:57:00
12702,219.0,1,53,2011-11-20 10:36:00,2011-11-20 10:36:00
15790,218.75,1,113,2011-11-29 14:53:00,2011-11-29 14:53:00
15086,218.53,2,95,2010-03-24 13:56:00,2010-05-24 12:27:00
12574,218.45,1,61,2011-01-28 09:20:00,2011-01-28 09:20:00
15591,217.9,3,58,2010-02-04 09:20:00,2010-05-06 09:23:00
16035,217.73,1,33,2010-05-28 15:09:00,2010-05-28 15:09:00
16666,217.71,2,354,2010-03-28 15:13:00,2011-11-20 14:01:00
15554,217.2,1,74,2011-03-07 09:00:00,2011-03-07 09:00:00
13423,217.03,1,141,2010-10-07 09:02:00,2010-10-07 09:02:00
15401,216.95,2,93,2010-05-20 10:56:00,2010-09-13 13:42:00
18021,216.41,2,168,2010-07-15 18:47:00,2010-07-18 10:52:00
17902,216.4,1,526,2010-06-11 12:25:00,2010-06-11 12:25:00
15604,216.39,1,159,2011-10-18 14:47:00,2011-10-18 14:47:00
13858,216.17,1,75,2011-10-13 16:17:00,2011-10-13 16:17:00
16179,215.83,1,99,2011-10-10 09:41:00,2011-10-10 09:41:00
16189,215.48,2,134,2011-09-15 15:21:00,2011-11-24 11:47:00
14376,215.46,1,50,2010-01-25 15:36:00,2010-01-25 15:36:00
14635,215.22,1,118,2010-09-12 10:47:00,2010-09-12 10:47:00
18007,215.22,1,246,2010-11-12 11:08:00,2010-11-12 11:08:00
14106,214.8,1,24,2009-12-02 14:09:00,2009-12-02 14:09:00
16338,214.8,1,94,2011-07-05 13:56:00,2011-07-05 13:56:00
14361,214.71,1,251,2010-05-10 12:29:00,2010-05-10 12:29:00
17619,214.37,1,124,2011-01-31 14:18:00,2011-01-31 14:18:00
15460,214.26,1,107,2010-12-20 16:08:00,2010-12-20 16:08:00
14271,214.18,2,148,2010-10-26 17:01:00,2011-04-28 12:47:00
14601,213.96,1,168,2011-11-29 09:48:00,2011-11-29 09:48:00
18157,213.9,1,145,2010-05-17 14:09:00,2010-05-17 14:09:00
13621,213.85,1,343,2011-08-15 08:26:00,2011-08-15 08:26:00
17153,213.78,1,104,2011-11-15 13:42:00,2011-11-15 13:42:00
13411,213.55,1,72,2011-08-24 13:57:00,2011-08-24 13:57:00
16591,213.5,1,41,2011-10-02 10:43:00,2011-10-02 10:43:00
13724,213.01,1,130,2010-03-12 15:28:00,2010-03-12 15:28:00
13691,212.78,1,145,2010-11-08 17:34:00,2010-11-08 17:34:00
12961,211.99,1,180,2010-11-25 16:44:00,2010-11-25 16:44:00
12470,211.95,1,95,2010-01-19 11:01:00,2010-01-19 11:01:00
15866,211.89,1,124,2011-08-30 14:09:00,2011-08-30 14:09:00
14843,211.8,1,132,2010-09-29 12:39:00,2010-09-29 12:39:00
15703,211.5,1,66,2011-03-20 10:51:00,2011-03-20 10:51:00
13271,211.49,1,240,2011-11-02 14:31:00,2011-11-02 14:31:00
12995,211.32,1,108,2011-09-15 15:44:00,2011-09-15 15:44:00
15490,210.85,1,82,2010-10-05 13:11:00,2010-10-05 13:11:00
14992,210.5,1,145,2010-09-23 17:48:00,2010-09-23 17:48:00
13532,210.31,1,129,2011-11-06 12:25:00,2011-11-06 12:25:00
17217,210.1,2,93,2010-03-30 13:35:00,2011-04-19 17:19:00
16874,209.89,1,78,2010-11-25 13:08:00,2010-11-25 13:08:00
17484,209.57,2,339,2010-03-25 16:17:00,2010-05-12 15:41:00
13828,209.49,1,311,2011-11-17 16:02:00,2011-11-17 16:02:00
13056,209.48,1,158,2010-06-06 14:10:00,2010-06-06 14:10:00
14003,209.41,1,149,2009-12-07 08:53:00,2009-12-07 08:53:00
15112,209.4,1,72,2010-04-07 14:17:00,2010-04-07 14:17:00
16487,209.4,2,163,2010-02-18 17:36:00,2010-05-11 13:38:00
17026,208.98,3,132,2010-10-18 15:22:00,2011-06-07 14:28:00
15327,208.75,1,116,2011-10-18 11:55:00,2011-10-18 11:55:00
13290,208.63,1,1,2010-09-27 16:29:00,2010-09-27 16:29:00
15741,208.62,2,70,2010-03-31 11:55:00,2010-09-07 16:21:00
15897,208.59,2,223,2011-05-29 13:32:00,2011-05-29 13:50:00
16457,208.36,1,140,2011-05-05 13:19:00,2011-05-05 13:19:00
15212,208.28,2,84,2010-11-28 10:45:00,2011-04-12 13:45:00
12848,208.0,1,58,2010-02-02 12:45:00,2010-02-02 12:45:00
16964,207.85,2,49,2009-12-06 12:51:00,2009-12-06 12:53:00
16866,207.74,3,60,2011-07-01 12:34:00,2011-07-22 10:06:00
15052,207.73,1,79,2011-01-24 15:52:00,2011-01-24 15:52:00
13099,207.36,1,288,2011-09-01 17:40:00,2011-09-01 17:40:00
17989,207.33,1,300,2010-11-25 13:49:00,2010-11-25 13:49:00
15925,207.15,1,93,2011-05-29 15:35:00,2011-05-29 15:35:00
15295,207.04,1,139,2010-02-23 13:03:00,2010-02-23 13:03:00
15820,206.98,1,128,2011-01-24 12:00:00,2011-01-24 12:00:00
17166,206.34,2,78,2011-05-20 08:18:00,2011-11-01 09:46:00
14964,206.21,1,143,2011-04-06 14:13:00,2011-04-06 14:13:00
15914,205.99,2,149,2010-11-26 16:09:00,2010-11-26 16:10:00
14278,205.83,1,131,2010-10-26 12:07:00,2010-10-26 12:07:00
16540,205.75,1,105,2010-10-21 17:22:00,2010-10-21 17:22:00
17670,205.7,1,110,2011-04-26 09:12:00,2011-04-26 09:12:00
16490,205.41,1,113,2010-09-29 16:30:00,2010-09-29 16:30:00
14602,205.36,1,80,2010-02-21 15:47:00,2010-02-21 15:47:00
15307,205.3,1,37,2011-09-05 11:38:00,2011-09-05 11:38:00
12400,205.25,1,91,2010-10-21 13:45:00,2010-10-21 13:45:00
15758,205.25,1,47,2011-11-15 10:48:00,2011-11-15 10:48:00
15319,204.5,1,175,2011-03-01 12:48:00,2011-03-01 12:48:00
17271,204.3,1,113,2009-12-03 13:49:00,2009-12-03 13:49:00
16901,204.26,1,42,2009-12-10 16:30:00,2009-12-10 16:30:00
14468,204.24,1,164,2009-12-06 12:21:00,2009-12-06 12:21:00
17206,204.24,1,76,2011-10-17 13:25:00,2011-10-17 13:25:00
13017,204.0,1,48,2011-12-02 15:53:00,2011-12-02 15:53:00
17394,203.87,1,241,2011-05-04 13:22:00,2011-05-04 13:22:00
17891,203.86,1,393,2011-06-30 20:08:00,2011-06-30 20:08:00
14519,203.14,2,81,2009-12-11 10:40:00,2010-01-25 11:18:00
17074,203.05,1,19,2010-05-26 12:04:00,2010-05-26 12:04:00
15459,202.83,2,121,2010-07-30 14:31:00,2010-10-18 15:25:00
15558,202.68,1,73,2010-03-10 15:25:00,2010-03-10 15:25:00
18169,202.65,1,61,2011-10-10 12:18:00,2011-10-10 12:18:00
12416,202.56,1,132,2010-02-21 10:19:00,2010-02-21 10:19:00
14892,202.35,1,79,2010-01-18 08:58:00,2010-01-18 08:58:00
14385,202.11,3,159,2011-11-16 11:55:00,2011-11-30 15:36:00
13284,201.19,1,91,2011-01-13 09:23:00,2011-01-13 09:23:00
16965,201.19,1,291,2011-04-27 12:08:00,2011-04-27 12:08:00
18281,201.14,2,146,2010-05-11 10:49:00,2011-06-12 10:53:00
18126,200.92,1,135,2011-10-10 12:19:00,2011-10-10 12:19:00
13556,200.82,2,134,2010-09-30 09:01:00,2010-10-06 16:44:00
14330,200.63,1,103,2010-03-26 09:10:00,2010-03-26 09:10:00
17693,200.47,1,231,2011-07-25 15:48:00,2011-07-25 15:48:00
13133,200.45,3,55,2010-09-06 15:30:00,2011-03-11 10:31:00
13944,200.43,1,153,2010-02-24 15:02:00,2010-02-24 15:02:00
14782,200.1,1,114,2011-01-24 11:12:00,2011-01-24 11:12:00
15593,199.8,1,60,2011-09-30 11:46:00,2011-09-30 11:46:00
13322,199.48,1,117,2011-11-22 14:21:00,2011-11-22 14:21:00
14521,199.45,1,211,2010-08-05 16:35:00,2010-08-05 16:35:00
15001,199.11,2,70,2010-11-10 13:31:00,2010-11-10 13:51:00
15020,198.47,1,111,2010-11-25 13:29:00,2010-11-25 13:29:00
17184,198.41,2,73,2009-12-09 14:17:00,2010-05-19 14:24:00
12581,197.71,1,161,2011-10-31 08:56:00,2011-10-31 08:56:00
17778,197.7,1,214,2010-02-16 12:44:00,2010-02-16 12:44:00
14185,197.65,1,6,2011-01-12 13:52:00,2011-01-12 13:52:00
14789,197.64,1,116,2011-11-11 08:59:00,2011-11-11 08:59:00
17112,197.57,1,130,2010-07-25 11:14:00,2010-07-25 11:14:00
12927,197.31,1,145,2010-11-10 10:02:00,2010-11-10 10:02:00
15234,197.0,1,196,2011-03-08 08:53:00,2011-03-08 08:53:00
13436,196.89,1,76,2011-12-08 10:33:00,2011-12-08 10:33:00
15746,196.88,1,178,2011-07-28 15:21:00,2011-07-28 15:21:00
13978,196.79,2,315,2011-10-25 15:04:00,2011-11-25 11:36:00
16937,196.25,1,123,2010-07-28 17:56:00,2010-07-28 17:56:00
16112,195.74,4,574,2011-01-05 11:47:00,2011-07-19 14:28:00
13757,195.55,1,54,2010-02-03 12:37:00,2010-02-03 12:37:00
17010,195.36,1,118,2011-11-21 14:49:00,2011-11-21 14:49:00
14666,195.25,1,161,2011-11-15 12:57:00,2011-11-15 12:57:00
15612,195.15,2,52,2011-10-09 12:49:00,2011-11-03 14:52:00
14405,195.0,1,100,2010-11-18 11:40:00,2010-11-18 11:40:00
17468,194.8,3,184,2010-11-29 17:25:00,2011-11-29 15:33:00
17065,194.7,2,82,2010-03-12 11:40:00,2010-03-12 11:41:00
17475,194.37,1,178,2011-09-21 14:55:00,2011-09-21 14:55:00
16299,193.65,1,107,2010-08-19 17:46:00,2010-08-19 17:46:00
14476,193.0,1,110,2011-03-27 15:39:00,2011-03-27 15:39:00
12522,192.72,2,194,2011-10-19 14:41:00,2011-10-31 15:30:00
14768,192.6,2,52,2011-08-04 13:25:00,2011-11-22 12:54:00
15729,192.55,3,47,2010-11-01 13:44:00,2011-05-11 12:36:00
18028,192.05,1,133,2010-05-05 13:28:00,2010-05-05 13:28:00
14100,191.95,1,63,2011-07-25 11:01:00,2011-07-25 11:01:00
15909,191.94,1,98,2011-06-19 10:38:00,2011-06-19 10:38:00
16695,191.9,2,184,2010-05-27 12:24:00,2010-05-27 12:36:00
14279,191.86,2,46,2010-01-27 16:34:00,2010-07-07 08:42:00
15692,191.04,1,138,2011-11-11 14:12:00,2011-11-11 14:12:00
15954,190.75,1,119,2010-04-29 13:35:00,2010-04-29 13:35:00
14728,190.58,1,68,2010-10-22 15:57:00,2010-10-22 15:57:00
15688,190.57,1,95,2010-10-17 12:06:00,2010-10-17 12:06:00
15412,190.53,1,108,2011-06-21 15:24:00,2011-06-21 15:24:00
18020,190.48,1,67,2010-06-14 12:31:00,2010-06-14 12:31:00
14617,190.47,2,81,2010-10-20 10:40:00,2010-11-02 11:41:00
13766,190.35,1,137,2010-08-01 14:25:00,2010-08-01 14:25:00
13972,190.25,2,187,2011-05-22 11:34:00,2011-09-30 11:54:00
17257,189.78,2,187,2010-09-29 12:49:00,2010-09-29 12:51:00
18046,189.63,1,44,2010-02-28 11:36:00,2010-02-28 11:36:00
13826,189.5,1,82,2011-06-16 13:48:00,2011-06-16 13:48:00
14801,189.34,1,173,2011-10-09 15:24:00,2011-10-09 15:24:00
14830,188.88,1,164,2011-10-17 14:29:00,2011-10-17 14:29:00
16277,188.69,1,33,2009-12-06 11:27:00,2009-12-06 11:27:00
14697,188.61,2,181,2011-05-05 15:29:00,2011-05-05 15:39:00
17283,188.46,1,179,2010-11-26 11:53:00,2010-11-26 11:53:00
16051,188.44,1,80,2010-01-27 09:38:00,2010-01-27 09:38:00
13063,188.4,1,116,2010-08-16 12:27:00,2010-08-16 12:27:00
17781,188.02,2,34,2011-03-31 19:54:00,2011-07-03 16:00:00
17279,187.83,1,48,2011-10-13 11:58:00,2011-10-13 11:58:00
15072,187.52,1,164,2010-08-17 15:46:00,2010-08-17 15:46:00
13852,187.35,1,85,2010-04-08 09:06:00,2010-04-08 09:06:00
18013,187.29,2,285,2011-07-07 14:08:00,2011-07-07 14:11:00
13568,187.05,1,66,2011-06-19 14:42:00,2011-06-19 14:42:00
13387,186.94,1,123,2010-10-18 14:07:00,2010-10-18 14:07:00
16267,186.66,1,198,2010-04-27 14:10:00,2010-04-27 14:10:00
18063,186.6,2,48,2010-03-16 13:05:00,2010-11-14 10:46:00
17215,186.15,1,104,2010-09-01 13:39:00,2010-09-01 13:39:00
16388,186.05,1,83,2010-02-24 10:20:00,2010-02-24 10:20:00
15567,186.01,1,223,2011-11-21 10:48:00,2011-11-21 10:48:00
12641,185.9,1,72,2011-08-16 13:26:00,2011-08-16 13:26:00
17574,185.65,1,77,2011-04-11 09:47:00,2011-04-11 09:47:00
14879,185.06,1,104,2010-01-24 11:35:00,2010-01-24 11:35:00
16097,185.05,1,87,2011-04-13 13:47:00,2011-04-13 13:47:00
14677,184.91,1,139,2010-04-26 09:48:00,2010-04-26 09:48:00
17803,184.66,1,98,2010-11-12 13:53:00,2010-11-12 13:53:00
16914,183.76,1,112,2011-11-03 15:27:00,2011-11-03 15:27:00
14059,183.6,1,128,2011-03-18 10:06:00,2011-03-18 10:06:00
13460,183.44,2,286,2011-10-21 09:50:00,2011-11-10 17:17:00
14119,183.37,2,177,2009-12-21 14:52:00,2010-11-29 10:33:00
14983,183.2,1,90,2010-01-19 17:32:00,2010-01-19 17:32:00
16819,182.59,2,253,2010-08-31 17:31:00,2010-08-31 17:37:00
14941,182.1,1,80,2010-05-10 11:30:00,2010-05-10 11:30:00
12934,181.65,1,31,2009-12-03 10:51:00,2009-12-03 10:51:00
16822,181.39,1,171,2010-01-22 14:22:00,2010-01-22 14:22:00
15359,181.35,8,145,2010-01-15 11:30:00,2010-02-15 10:47:00
16594,181.09,1,64,2011-09-25 14:08:00,2011-09-25 14:08:00
17904,181.07,1,59,2011-11-18 12:57:00,2011-11-18 12:57:00
14858,180.75,1,105,2010-07-22 10:51:00,2010-07-22 10:51:00
17820,180.61,1,111,2010-11-30 17:43:00,2010-11-30 17:43:00
16090,180.56,1,58,2010-03-25 13:05:00,2010-03-25 13:05:00
12622,180.1,1,69,2011-04-21 16:39:00,2011-04-21 16:39:00
18234,179.6,1,80,2010-06-06 11:22:00,2010-06-06 11:22:00
14945,179.4,1,156,2010-10-22 11:26:00,2010-10-22 11:26:00
16640,179.4,1,146,2010-11-07 10:48:00,2010-11-07 10:48:00
18147,179.34,2,203,2011-08-23 12:22:00,2011-10-25 11:46:00
15895,179.17,1,94,2011-07-13 10:27:00,2011-07-13 10:27:00
14705,179.0,1,100,2011-05-25 12:39:00,2011-05-25 12:39:00
15209,178.98,1,94,2009-12-09 17:26:00,2009-12-09 17:26:00
15139,178.96,2,208,2011-01-07 12:44:00,2011-04-14 11:39:00
14812,178.85,1,135,2010-04-20 12:13:00,2010-04-20 12:13:00
16691,178.83,2,92,2010-05-27 14:55:00,2010-10-17 15:03:00
17170,178.68,2,152,2010-11-15 16:23:00,2010-11-30 15:55:00
17879,178.52,1,45,2011-06-19 12:36:00,2011-06-19 12:36:00
15292,178.39,1,55,2011-05-22 15:00:00,2011-05-22 15:00:00
18045,178.34,1,138,2011-10-25 13:07:00,2011-10-25 13:07:00
12686,178.28,1,214,2010-12-03 09:51:00,2010-12-03 09:51:00
17253,178.26,1,43,2011-11-21 12:59:00,2011-11-21 12:59:00
17798,178.07,1,138,2010-05-07 11:42:00,2010-05-07 11:42:00
18282,178.05,2,103,2011-08-05 13:35:00,2011-12-02 11:43:00
16403,177.5,1,114,2011-01-31 13:39:00,2011-01-31 13:39:00
13618,177.34,1,246,2011-06-19 11:09:00,2011-06-19 11:09:00
12618,177.31,1,96,2011-11-18 11:10:00,2011-11-18 11:10:00
13072,177.15,1,69,2011-03-18 08:12:00,2011-03-18 08:12:00
16285,176.9,1,60,2010-03-03 16:03:00,2010-03-03 16:03:00
17036,176.9,1,76,2010-11-21 14:26:00,2010-11-21 14:26:00
17587,176.71,1,67,2010-03-21 14:16:00,2010-03-21 14:16:00
13746,176.69,1,83,2010-10-22 11:55:00,2010-10-22 11:55:00
17947,176.68,1,168,2011-11-02 13:05:00,2011-11-02 13:05:00
14287,176.63,3,261,2011-05-25 11:41:00,2011-12-01 13:25:00
12893,176.55,1,90,2011-11-09 12:34:00,2011-11-09 12:34:00
12509,176.5,1,55,2011-02-28 14:45:00,2011-02-28 14:45:00
18054,176.5,1,96,2010-11-12 08:18:00,2010-11-12 08:18:00
18175,176.1,1,70,2010-02-02 10:25:00,2010-02-02 10:25:00
18274,175.92,1,88,2011-11-09 17:03:00,2011-11-09 17:03:00
17840,175.9,1,128,2010-09-22 12:24:00,2010-09-22 12:24:00
14486,175.5,2,90,2010-06-04 10:30:00,2010-07-16 09:42:00
18166,175.5,1,90,2010-03-26 12:26:00,2010-03-26 12:26:00
13007,175.25,1,59,2010-05-09 10:38:00,2010-05-09 10:38:00
16144,175.2,1,16,2011-04-07 10:09:00,2011-04-07 10:09:00
17331,175.2,1,16,2011-08-08 11:55:00,2011-08-08 11:55:00
16559,175.0,1,61,2010-11-07 13:52:00,2010-11-07 13:52:00
17108,174.95,1,31,2010-02-14 12:22:00,2010-02-14 12:22:00
14495,174.8,3,68,2010-02-18 08:49:00,2011-10-20 12:28:00
18010,174.8,1,60,2011-03-28 12:27:00,2011-03-28 12:27:00
14518,174.37,1,278,2011-10-06 14:43:00,2011-10-06 14:43:00
15684,173.95,3,77,2009-12-04 16:13:00,2010-06-10 18:51:00
14674,173.66,1,103,2010-07-18 14:25:00,2010-07-18 14:25:00
15565,173.16,2,60,2011-09-30 10:44:00,2011-10-20 14:33:00
16741,173.06,1,81,2010-03-24 15:15:00,2010-03-24 15:15:00
16599,172.8,1,159,2010-11-19 12:45:00,2010-11-19 12:45:00
13671,172.6,1,95,2010-11-10 10:50:00,2010-11-10 10:50:00
13690,172.25,1,67,2011-10-11 15:03:00,2011-10-11 15:03:00
12442,172.06,1,182,2011-12-06 14:22:00,2011-12-06 14:22:00
15515,171.81,1,131,2010-11-17 13:39:00,2010-11-17 13:39:00
17983,171.71,1,108,2010-11-09 13:23:00,2010-11-09 13:24:00
17575,171.7,1,72,2010-02-10 13:48:00,2010-02-10 13:48:00
13560,171.42,1,63,2011-12-02 13:11:00,2011-12-02 13:11:00
16312,171.15,1,53,2010-10-03 14:15:00,2010-10-03 14:15:00
16673,171.13,1,95,2010-01-29 14:22:00,2010-01-29 14:22:00
14536,170.95,1,39,2011-03-25 12:21:00,2011-03-25 12:21:00
15403,170.88,2,492,2009-12-09 12:45:00,2010-08-05 12:21:00
14811,170.5,1,74,2010-11-17 13:09:00,2010-11-17 13:09:00
15256,170.4,2,92,2010-05-27 11:41:00,2011-07-14 11:47:00
17922,170.4,1,49,2010-06-14 16:32:00,2010-06-14 16:32:00
14860,170.32,1,232,2011-11-20 14:17:00,2011-11-20 14:17:00
16731,170.3,1,124,2010-03-01 15:05:00,2010-03-01 15:05:00
15335,170.22,1,79,2011-10-17 12:50:00,2011-10-17 12:50:00
14218,169.48,1,160,2011-10-28 10:00:00,2011-10-28 10:00:00
16002,169.21,1,70,2010-03-24 13:08:00,2010-03-24 13:08:00
15647,169.0,1,124,2010-10-20 15:09:00,2010-10-20 15:09:00
12367,168.9,1,173,2011-12-05 16:48:00,2011-12-05 16:48:00
12768,168.69,1,102,2010-09-15 12:08:00,2010-09-15 12:08:00
14578,168.63,1,240,2011-12-06 17:18:00,2011-12-06 17:18:00
18099,168.31,1,149,2011-08-04 15:52:00,2011-08-04 15:52:00
17737,168.24,2,108,2011-10-12 14:42:00,2011-11-30 15:16:00
14131,168.22,1,105,2010-03-01 11:59:00,2010-03-01 11:59:00
12551,168.0,1,100,2010-12-17 11:23:00,2010-12-17 11:23:00
17559,167.62,1,270,2010-07-15 12:02:00,2010-07-15 12:02:00
17367,167.55,1,149,2011-04-15 14:21:00,2011-04-15 14:21:00
18037,167.42,15,37,2009-12-01 13:48:00,2011-07-08 13:39:00
17586,167.4,1,68,2010-03-30 13:12:00,2010-03-30 13:12:00
13609,167.35,1,19,2010-04-25 13:26:00,2010-04-25 13:26:00
16405,167.25,2,187,2011-02-02 17:08:00,2011-02-10 15:24:00
15166,167.16,1,140,2010-08-29 12:31:00,2010-08-29 12:31:00
17875,167.1,1,98,2010-01-20 15:30:00,2010-01-20 15:30:00
13547,167.08,1,79,2010-10-27 14:14:00,2010-10-27 14:14:00
13967,166.3,2,66,2010-11-08 13:24:00,2011-07-17 12:02:00
17650,166.08,1,150,2011-11-18 14:52:00,2011-11-18 14:52:00
18088,166.03,1,107,2011-10-09 13:41:00,2011-10-09 13:41:00
18107,165.88,1,65,2010-09-23 13:03:00,2010-09-23 13:03:00
13903,165.45,1,103,2010-11-04 17:44:00,2010-11-04 17:44:00
13470,165.0,2,100,2011-08-16 17:06:00,2011-09-01 14:57:00
15316,165.0,1,100,2011-01-17 11:34:00,2011-01-17 11:34:00
16663,165.0,1,100,2009-12-10 13:12:00,2009-12-10 13:12:00
13191,164.69,1,115,2010-02-19 17:02:00,2010-02-19 17:02:00
15904,164.68,1,84,2011-12-01 14:50:00,2011-12-01 14:50:00
17535,164.4,1,136,2011-03-04 15:20:00,2011-03-04 15:20:00
13603,164.34,1,164,2011-11-13 15:57:00,2011-11-13 15:57:00
17417,164.18,1,76,2010-06-09 10:00:00,2010-06-09 10:00:00
14955,163.77,1,74,2009-12-07 11:35:00,2009-12-07 11:35:00
14354,163.62,2,210,2011-11-09 15:36:00,2011-12-04 11:32:00
14485,162.8,1,70,2011-11-01 12:25:00,2011-11-01 12:25:00
16517,162.7,1,96,2011-03-07 13:50:00,2011-03-07 13:50:00
18174,162.5,2,80,2010-04-15 12:17:00,2011-12-02 16:56:00
12954,162.45,1,83,2010-03-11 10:16:00,2010-03-11 10:16:00
15733,162.3,1,62,2011-03-02 09:05:00,2011-03-02 09:05:00
15534,162.25,1,63,2009-12-14 12:48:00,2009-12-14 12:48:00
16443,162.24,1,96,2010-07-07 11:57:00,2010-07-07 11:57:00
18014,162.22,1,66,2011-11-11 15:28:00,2011-11-11 15:28:00
12661,162.0,1,216,2010-09-29 16:46:00,2010-09-29 16:46:00
17971,161.94,1,62,2010-06-09 14:04:00,2010-06-09 14:04:00
17600,161.67,1,144,2011-11-22 09:43:00,2011-11-22 09:43:00
16113,161.38,1,176,2011-06-09 16:16:00,2011-06-09 16:16:00
13714,161.35,1,50,2010-08-31 13:57:00,2010-08-31 13:57:00
13779,161.13,1,53,2010-07-12 11:24:00,2010-07-12 11:24:00
13701,161.0,1,80,2010-09-19 12:39:00,2010-09-19 12:39:00
13229,160.95,1,63,2011-04-28 12:07:00,2011-04-28 12:07:00
17605,160.75,1,71,2010-04-28 14:45:00,2010-04-28 14:45:00
17202,160.65,1,55,2010-10-15 11:25:00,2010-10-15 11:25:00
17487,160.55,1,37,2009-12-11 15:06:00,2009-12-11 15:06:00
15229,160.5,1,114,2010-05-02 13:50:00,2010-05-02 13:50:00
16645,160.39,1,117,2009-12-04 09:49:00,2009-12-04 09:49:00
18146,160.35,2,153,2011-05-03 16:35:00,2011-07-22 12:08:00
12966,160.18,1,75,2011-11-30 12:38:00,2011-11-30 12:38:00
14571,160.0,1,56,2010-10-10 15:06:00,2010-10-10 15:06:00
13420,159.85,2,101,2011-06-22 11:35:00,2011-07-13 08:48:00
13302,159.2,2,12,2010-07-01 12:32:00,2011-07-07 17:56:00
17953,159.17,1,98,2010-06-17 15:08:00,2010-06-17 15:08:00
16213,159.0,1,48,2011-09-22 10:03:00,2011-09-22 10:03:00
18224,158.95,1,69,2011-03-21 10:30:00,2011-03-21 10:30:00
14089,158.75,1,133,2011-10-14 10:38:00,2011-10-14 10:38:00
15499,158.65,1,59,2009-12-16 12:17:00,2009-12-16 12:17:00
15548,158.09,1,64,2010-04-23 12:20:00,2010-04-23 12:20:00
15348,158.04,1,84,2011-09-28 13:17:00,2011-09-28 13:17:00
14318,158.02,1,152,2010-09-05 15:32:00,2010-09-05 15:32:00
18004,157.92,1,75,2010-12-12 13:47:00,2010-12-12 13:47:00
17751,157.86,1,147,2010-10-14 13:57:00,2010-10-14 13:57:00
14207,157.8,1,36,2010-01-21 09:33:00,2010-01-21 09:33:00
14822,157.7,1,94,2010-08-11 12:52:00,2010-08-11 12:52:00
16687,157.63,1,141,2010-11-14 11:46:00,2010-11-14 11:46:00
12894,157.35,1,33,2010-05-13 14:47:00,2010-05-13 14:47:00
17318,157.33,1,59,2009-12-14 13:11:00,2009-12-14 13:11:00
16371,157.2,1,108,2010-09-17 12:09:00,2010-09-17 12:09:00
17128,157.09,1,76,2011-01-09 12:02:00,2011-01-09 12:02:00
17118,157.02,1,154,2011-01-26 12:19:00,2011-01-26 12:19:00
15007,156.91,1,69,2011-07-03 16:00:00,2011-07-03 16:00:00
15742,156.87,1,51,2010-03-30 15:25:00,2010-03-30 15:25:00
13830,156.85,1,47,2010-05-07 12:24:00,2010-05-07 12:24:00
14406,156.75,1,77,2011-08-12 16:54:00,2011-08-12 16:54:00
16578,156.6,1,108,2010-03-23 15:11:00,2010-03-23 15:11:00
15438,156.58,1,59,2011-07-31 14:19:00,2011-07-31 14:19:00
15263,156.51,1,89,2011-08-25 10:26:00,2011-08-25 10:26:00
17885,156.34,1,110,2011-11-27 14:40:00,2011-11-27 14:40:00
13051,155.8,2,72,2010-03-30 11:11:00,2010-05-10 09:14:00
17832,155.37,1,208,2011-10-21 11:43:00,2011-10-21 11:43:00
14368,155.0,1,36,2011-01-24 09:52:00,2011-01-24 09:52:00
14046,154.99,1,460,2011-02-28 14:48:00,2011-02-28 14:48:00
17698,154.95,1,93,2011-03-24 11:34:00,2011-03-24 11:34:00
15740,154.88,1,152,2011-10-21 14:29:00,2011-10-21 14:29:00
17899,154.55,1,170,2011-07-03 14:58:00,2011-07-03 14:58:00
15226,154.41,1,71,2011-02-02 11:41:00,2011-02-02 11:41:00
13490,154.25,1,25,2010-02-23 14:48:00,2010-02-23 14:48:00
14814,154.21,1,93,2010-05-07 14:10:00,2010-05-07 14:10:00
17517,153.94,1,102,2011-02-04 11:48:00,2011-02-04 11:48:00
15560,153.52,2,72,2010-11-07 10:14:00,2010-11-07 10:15:00
15431,153.24,1,84,2010-07-25 12:44:00,2010-07-25 12:44:00
12602,153.12,1,162,2011-10-12 11:22:00,2011-10-12 11:22:00
16248,152.94,1,78,2011-10-09 11:32:00,2011-10-09 11:32:00
18138,152.65,1,38,2011-02-17 14:51:00,2011-02-17 14:51:00
18113,152.64,1,144,2010-12-06 12:31:00,2010-12-06 12:31:00
14066,152.55,1,45,2011-03-18 12:21:00,2011-03-18 12:21:00
15509,152.41,1,58,2010-11-24 14:48:00,2010-11-24 14:48:00
17327,152.35,2,59,2010-05-26 11:20:00,2010-10-26 09:54:00
13653,152.2,1,72,2010-08-09 08:19:00,2010-08-09 08:19:00
16617,151.85,1,91,2011-04-18 10:35:00,2011-04-18 10:35:00
14362,151.5,1,96,2011-11-17 15:08:00,2011-11-17 15:08:00
18076,151.49,1,164,2010-11-24 14:02:00,2010-11-24 14:02:00
13697,151.3,1,177,2011-11-01 09:14:00,2011-11-01 09:14:00
14516,151.17,1,63,2010-07-11 14:07:00,2010-07-11 14:07:00
16337,151.05,1,87,2011-11-03 10:03:00,2011-11-03 10:03:00
16662,151.05,1,35,2010-11-10 16:56:00,2010-11-10 16:56:00
14073,151.04,1,130,2011-11-07 15:49:00,2011-11-07 15:49:00
12959,150.95,1,109,2010-08-12 17:20:00,2010-08-12 17:20:00
14980,150.68,1,79,2009-12-02 14:09:00,2009-12-02 14:09:00
15991,150.55,1,41,2010-06-23 15:50:00,2010-06-23 15:50:00
14084,150.5,1,306,2010-07-15 14:36:00,2010-07-15 14:36:00
15775,150.5,2,260,2010-03-18 07:32:00,2011-04-08 12:56:00
15474,150.35,1,55,2010-04-23 11:14:00,2010-04-23 11:14:00
18200,150.35,1,104,2011-08-25 18:45:00,2011-08-25 18:45:00
14845,150.0,1,600,2010-04-19 10:19:00,2010-04-19 10:19:00
17234,149.89,1,55,2011-06-10 11:20:00,2011-06-10 11:20:00
13257,149.75,1,33,2010-09-29 14:58:00,2010-09-29 14:58:00
17946,149.58,2,75,2011-03-25 14:34:00,2011-04-20 17:00:00
17390,149.3,1,49,2010-10-15 11:29:00,2010-10-15 11:29:00
15435,149.29,1,54,2011-11-17 16:39:00,2011-11-17 16:39:00
13003,149.05,3,103,2011-05-09 08:23:00,2011-08-26 10:50:00
17549,148.86,2,210,2011-10-19 10:05:00,2011-11-16 09:59:00
13125,148.62,1,53,2010-07-04 11:58:00,2010-07-04 11:58:00
15526,148.44,2,24,2011-11-06 15:01:00,2011-11-06 15:04:00
15283,148.33,3,27,2010-07-09 15:46:00,2010-11-14 14:54:00
17592,148.3,1,38,2009-12-01 10:49:00,2009-12-01 10:49:00
13457,148.22,2,96,2009-12-02 12:46:00,2010-01-20 08:48:00
13578,147.66,1,127,2010-10-26 13:44:00,2010-10-26 13:44:00
15479,147.4,1,38,2009-12-06 15:08:00,2009-12-06 15:08:00
14098,147.35,1,104,2011-11-03 10:13:00,2011-11-03 10:13:00
16724,147.35,1,69,2010-10-31 11:40:00,2010-10-31 11:40:00
17794,147.3,2,46,2010-01-20 12:17:00,2010-01-22 10:18:00
12858,147.27,1,51,2010-11-21 12:55:00,2010-11-21 12:55:00
17030,146.87,1,146,2011-10-07 08:49:00,2011-10-07 08:49:00
14683,146.56,1,386,2010-04-30 17:18:00,2010-04-30 17:18:00
15496,146.14,1,98,2010-03-18 13:16:00,2010-03-18 13:16:00
18137,145.99,2,59,2010-06-06 13:45:00,2010-06-06 14:18:00
12565,145.92,1,80,2011-02-24 10:34:00,2011-02-24 10:34:00
13866,145.67,1,57,2011-09-26 14:54:00,2011-09-26 14:54:00
15937,145.35,1,73,2011-10-06 15:48:00,2011-10-06 15:48:00
14972,145.07,2,40,2010-11-23 16:17:00,2011-08-03 14:54:00
16598,145.05,1,73,2011-02-27 11:42:00,2011-02-27 11:42:00
15902,145.01,1,124,2010-11-24 16:57:00,2010-11-24 16:57:00
16852,144.91,2,56,2011-06-16 15:49:00,2011-11-29 13:22:00
17938,144.29,1,53,2010-10-15 14:27:00,2010-10-15 14:27:00
14109,144.2,1,88,2011-09-28 10:18:00,2011-09-28 10:18:00
15816,144.15,2,54,2010-06-15 12:54:00,2010-06-15 13:36:00
12587,144.0,1,51,2011-12-02 12:47:00,2011-12-02 12:47:00
17186,144.0,2,200,2011-10-10 12:52:00,2011-10-24 10:20:00
12387,143.94,1,134,2010-10-20 16:27:00,2010-10-20 16:27:00
14604,143.86,1,88,2010-03-16 13:00:00,2010-03-16 13:00:00
14574,143.7,1,63,2009-12-07 12:42:00,2009-12-07 12:42:00
15705,143.1,1,62,2011-05-22 15:37:00,2011-05-22 15:37:00
17149,143.1,1,18,2010-09-14 14:56:00,2010-09-14 14:56:00
15761,143.05,1,31,2010-09-23 09:33:00,2010-09-23 09:33:00
16507,142.71,1,111,2010-05-16 12:56:00,2010-05-16 12:56:00
14386,142.4,1,54,2011-02-16 09:45:00,2011-02-16 09:45:00
17859,141.92,1,102,2011-02-08 10:32:00,2011-02-08 10:32:00
18038,141.48,1,80,2010-06-01 15:59:00,2010-06-01 15:59:00
14041,141.41,1,94,2011-03-18 13:25:00,2011-03-18 13:25:00
17273,141.12,1,133,2010-10-11 15:57:00,2010-10-11 15:57:00
12636,141.0,1,1,2009-12-01 09:55:00,2009-12-01 09:55:00
17959,140.75,1,49,2010-04-26 14:12:00,2010-04-26 14:12:00
14773,140.55,1,53,2010-04-26 10:29:00,2010-04-26 10:29:00
15388,140.54,1,88,2011-03-14 13:53:00,2011-03-14 13:53:00
15702,140.39,2,103,2010-01-26 17:23:00,2010-08-20 14:50:00
13483,140.34,1,160,2011-10-05 11:53:00,2011-10-05 11:53:00
15324,140.22,1,74,2010-01-07 14:37:00,2010-01-07 14:37:00
13839,139.95,1,25,2010-08-10 13:52:00,2010-08-10 13:52:00
16840,139.85,2,117,2010-02-03 12:42:00,2010-04-15 15:48:00
16483,139.35,1,44,2011-05-31 13:08:00,2011-05-31 13:08:00
14772,139.26,1,82,2011-08-19 15:04:00,2011-08-19 15:04:00
14707,139.2,2,96,2010-05-12 11:07:00,2010-09-30 11:37:00
18209,139.1,1,58,2011-11-11 12:07:00,2011-11-11 12:07:00
13273,138.98,1,153,2011-08-18 14:02:00,2011-08-18 14:02:00
12902,138.68,1,66,2011-03-20 12:06:00,2011-03-20 12:06:00
13716,138.28,1,138,2011-03-15 13:49:00,2011-03-15 13:49:00
17982,138.18,1,117,2010-01-28 09:38:00,2010-01-28 09:38:00
15663,138.14,1,106,2011-08-25 15:50:00,2011-08-25 15:50:00
15848,137.99,1,45,2010-03-28 10:54:00,2010-03-28 10:54:00
16396,137.8,1,80,2010-08-20 14:17:00,2010-08-20 14:17:00
13279,137.75,1,73,2011-09-22 17:24:00,2011-09-22 17:24:00
15836,137.37,1,26,2011-10-20 17:13:00,2011-10-20 17:13:00
13907,136.8,1,68,2010-01-17 12:22:00,2010-01-17 12:22:00
13195,136.73,1,70,2010-10-21 13:07:00,2010-10-21 13:07:00
16237,136.65,1,57,2010-09-28 17:02:00,2010-09-28 17:02:00
16289,136.31,1,97,2010-09-03 14:02:00,2010-09-03 14:02:00
16651,136.2,1,60,2010-05-02 11:46:00,2010-05-02 11:46:00
16876,136.01,1,181,2010-11-01 11:59:00,2010-11-01 11:59:00
14366,136.0,1,16,2010-07-02 17:23:00,2010-07-02 17:23:00
16462,136.0,3,16,2011-03-01 08:58:00,2011-09-27 10:24:00
12968,135.95,1,73,2011-08-19 15:44:00,2011-08-19 15:44:00
17583,135.95,1,55,2010-05-28 14:24:00,2010-05-28 14:24:00
14889,135.9,1,90,2011-01-07 15:19:00,2011-01-07 15:19:00
15419,135.86,1,230,2011-11-15 09:23:00,2011-11-15 09:23:00
16114,135.75,1,43,2011-06-22 10:13:00,2011-06-22 10:13:00
14391,135.6,1,168,2010-05-12 09:42:00,2010-05-12 09:42:00
13076,135.4,1,44,2010-09-08 10:27:00,2010-09-08 10:27:00
16665,135.4,1,59,2010-12-12 14:03:00,2010-12-12 14:03:00
14588,135.39,1,62,2010-05-10 15:08:00,2010-05-10 15:08:00
13144,135.35,2,29,2010-10-04 14:14:00,2011-01-11 11:15:00
17972,135.19,1,36,2011-04-12 12:16:00,2011-04-12 12:16:00
13702,135.18,1,74,2010-09-20 11:40:00,2010-09-20 11:40:00
17960,135.08,3,60,2010-03-08 12:22:00,2011-06-21 14:15:00
17199,135.04,1,232,2010-05-06 13:53:00,2010-05-06 13:53:00
13364,134.96,1,71,2011-09-29 18:13:00,2011-09-29 18:13:00
13119,134.9,1,110,2010-02-09 08:38:00,2010-02-09 08:38:00
16055,134.8,1,22,2011-05-03 09:26:00,2011-05-03 09:26:00
14340,134.7,1,58,2011-05-05 09:44:00,2011-05-05 09:44:00
14174,134.46,1,94,2011-11-06 13:17:00,2011-11-06 13:17:00
15926,134.44,1,155,2010-06-15 15:23:00,2010-06-15 15:23:00
16486,134.36,1,24,2010-06-20 12:16:00,2010-06-20 12:16:00
14280,134.04,1,52,2011-05-27 10:37:00,2011-05-27 10:37:00
16886,134.0,1,48,2010-09-09 15:08:00,2010-09-09 15:08:00
14349,133.5,1,86,2011-11-29 15:39:00,2011-11-29 15:39:00
17881,133.35,1,32,2011-02-08 17:16:00,2011-02-08 17:16:00
17826,133.34,1,84,2010-11-30 13:23:00,2010-11-30 13:23:00
12467,132.8,1,129,2010-10-12 15:41:00,2010-10-12 15:41:00
12964,132.24,1,56,2010-09-28 17:47:00,2010-09-28 17:47:00
12512,132.18,2,96,2011-10-04 14:53:00,2011-10-04 14:55:00
14438,131.9,1,82,2011-02-06 14:56:00,2011-02-06 14:56:00
17565,131.83,1,67,2010-05-02 11:54:00,2010-05-02 11:54:00
17455,131.7,1,66,2011-05-20 12:31:00,2011-05-20 12:31:00
14795,131.45,1,17,2011-06-26 13:04:00,2011-06-26 13:04:00
14378,131.25,1,57,2010-03-28 12:22:00,2010-03-28 12:22:00
15409,131.25,1,59,2009-12-18 15:35:00,2009-12-18 15:35:00
17225,131.15,1,36,2010-05-07 11:38:00,2010-05-07 11:38:00
16865,130.95,1,157,2010-11-03 11:34:00,2010-11-03 11:34:00
15844,130.74,1,134,2011-10-24 15:19:00,2011-10-24 15:19:00
17240,130.6,1,108,2010-04-22 15:44:00,2010-04-22 15:44:00
16410,130.32,1,348,2009-12-05 14:51:00,2009-12-05 14:51:00
16288,129.85,1,19,2010-08-26 14:45:00,2010-08-26 14:45:00
15317,129.75,1,45,2010-01-31 15:55:00,2010-01-31 15:55:00
17762,129.75,1,129,2010-09-09 17:40:00,2010-09-09 17:40:00
14865,129.72,4,300,2009-12-01 16:05:00,2011-12-02 16:25:00
17847,129.69,2,29,2010-03-04 12:57:00,2010-07-12 10:00:00
14999,129.48,1,88,2010-04-26 10:47:00,2010-04-26 10:47:00
12555,129.23,1,1,2010-01-26 16:26:00,2010-01-26 16:26:00
13071,129.22,1,30,2010-04-06 13:37:00,2010-04-06 13:37:00
17056,128.6,1,26,2009-12-01 12:55:00,2009-12-01 12:55:00
16828,128.5,2,59,2011-08-19 13:24:00,2011-09-07 15:10:00
17089,128.45,1,35,2010-11-18 15:33:00,2010-11-18 15:33:00
16251,128.31,1,44,2010-07-15 14:55:00,2010-07-15 14:55:00
15892,128.2,1,46,2010-02-08 16:23:00,2010-02-08 16:23:00
17297,128.18,1,65,2011-11-22 14:43:00,2011-11-22 14:43:00
13666,127.9,5,54,2009-12-04 10:48:00,2011-10-10 15:39:00
13053,127.65,1,47,2010-03-28 11:28:00,2010-03-28 11:28:00
13586,127.28,1,38,2010-06-16 13:47:00,2010-06-16 13:47:00
15578,127.1,1,52,2011-06-30 13:03:00,2011-06-30 13:03:00
16973,127.0,1,60,2010-11-18 13:56:00,2010-11-18 13:56:00
14751,126.45,2,65,2009-12-13 14:08:00,2010-01-24 13:37:00
15463,126.14,1,106,2011-11-10 12:57:00,2011-11-10 12:57:00
16294,126.05,1,54,2010-08-20 12:01:00,2010-08-20 12:01:00
13794,126.03,1,63,2010-06-11 12:30:00,2010-06-11 12:30:00
17657,126.0,1,60,2010-10-05 14:52:00,2010-10-05 14:52:00
12814,125.92,1,49,2011-08-30 12:11:00,2011-08-30 12:11:00
13522,125.8,1,44,2011-11-09 15:11:00,2011-11-09 15:11:00
16925,125.65,1,123,2010-06-17 15:03:00,2010-06-17 15:03:00
15017,125.58,1,63,2011-11-06 10:33:00,2011-11-06 10:33:00
15731,125.3,1,122,2010-06-04 10:10:00,2010-06-04 10:10:00
13912,124.95,1,29,2010-10-12 08:43:00,2010-10-12 08:43:00
17148,124.88,1,82,2011-10-19 09:59:00,2011-10-19 09:59:00
17818,124.78,1,86,2009-12-02 11:34:00,2009-12-02 11:34:00
13312,124.75,1,41,2010-09-14 14:36:00,2010-09-14 14:36:00
16849,124.57,1,33,2011-06-06 09:16:00,2011-06-06 09:16:00
17316,124.45,1,44,2010-10-15 14:35:00,2010-10-15 14:35:00
12773,124.25,1,109,2010-05-24 17:30:00,2010-05-24 17:30:00
18000,124.25,1,109,2010-05-24 17:34:00,2010-05-24 17:34:00
15779,124.08,2,20,2010-06-25 15:55:00,2010-09-02 16:40:00
13968,123.66,1,174,2010-10-12 13:22:00,2010-10-12 13:22:00
14187,123.5,1,50,2010-08-23 12:06:00,2010-08-23 12:06:00
16397,123.13,1,43,2010-03-21 15:36:00,2010-03-21 15:36:00
13876,122.7,1,36,2011-10-07 10:22:00,2011-10-07 10:22:00
13638,122.64,1,93,2011-11-24 10:38:00,2011-11-24 10:38:00
12969,122.45,1,55,2010-04-16 10:50:00,2010-04-16 10:50:00
13084,122.4,1,144,2010-08-05 08:49:00,2010-08-05 08:49:00
16073,122.4,1,48,2011-02-15 15:41:00,2011-02-15 15:41:00
13244,121.74,1,38,2011-09-08 11:46:00,2011-09-08 11:46:00
13182,121.18,1,201,2011-10-25 13:46:00,2011-10-25 13:46:00
15049,121.17,1,63,2011-03-11 12:13:00,2011-03-11 12:13:00
17260,120.95,1,23,2010-10-24 13:21:00,2010-10-24 13:21:00
17446,120.9,2,198,2011-02-02 14:40:00,2011-06-16 10:42:00
14884,120.6,1,72,2010-02-08 12:56:00,2010-02-08 12:56:00
14165,120.44,1,53,2011-03-09 12:39:00,2011-03-09 12:39:00
14444,120.44,1,172,2010-09-09 18:56:00,2010-09-09 18:56:00
17543,120.05,1,62,2010-06-08 12:41:00,2010-06-08 12:41:00
18015,120.03,1,157,2011-12-05 14:49:00,2011-12-05 14:49:00
14259,120.0,1,68,2011-07-21 10:44:00,2011-07-21 10:44:00
14453,119.93,1,49,2011-06-02 14:15:00,2011-06-02 14:15:00
15161,119.92,1,144,2010-11-16 16:08:00,2010-11-16 16:08:00
17541,119.86,1,44,2010-07-18 11:36:00,2010-07-18 11:36:00
17177,119.5,1,40,2010-07-22 14:53:00,2010-07-22 14:53:00
15843,118.95,1,27,2011-02-09 10:19:00,2011-02-09 10:19:00
17280,118.86,1,74,2010-09-27 16:46:00,2010-09-27 16:46:00
17079,118.8,1,24,2011-09-22 15:34:00,2011-09-22 15:34:00
14155,118.75,1,25,2011-03-18 14:13:00,2011-03-18 14:13:00
14076,118.67,1,79,2011-08-02 15:19:00,2011-08-02 15:19:00
12929,117.85,1,37,2011-02-01 12:08:00,2011-02-01 12:08:00
16291,117.72,1,1,2010-01-26 16:26:00,2010-01-26 16:26:00
17654,117.55,1,41,2011-03-07 13:17:00,2011-03-07 13:17:00
16959,117.35,1,49,2011-09-13 15:03:00,2011-09-13 15:03:00
14726,116.5,1,82,2010-02-23 12:35:00,2010-02-23 12:35:00
17117,116.2,1,68,2011-02-24 13:54:00,2011-02-24 13:54:00
14874,116.18,1,148,2010-06-22 14:58:00,2010-06-22 14:58:00
14143,115.8,1,30,2011-07-29 09:48:00,2011-07-29 09:48:00
16068,115.73,1,48,2010-04-25 11:52:00,2010-04-25 11:52:00
18027,115.31,1,78,2011-09-02 10:38:00,2011-09-02 10:38:00
18012,115.3,1,63,2009-12-16 13:16:00,2009-12-16 13:16:00
17401,114.85,1,34,2010-06-16 16:54:00,2010-06-16 16:54:00
15905,114.69,1,82,2010-06-14 16:00:00,2010-06-14 16:00:00
17933,114.69,1,63,2010-03-17 15:11:00,2010-03-17 15:11:00
13188,114.6,1,25,2011-11-28 15:28:00,2011-11-28 15:28:00
14632,114.56,1,96,2011-03-22 08:49:00,2011-03-22 08:49:00
16247,114.56,1,182,2011-06-22 14:23:00,2011-06-22 14:23:00
14652,114.18,1,53,2011-09-23 14:21:00,2011-09-23 14:21:00
12938,114.14,1,140,2011-11-14 11:21:00,2011-11-14 11:21:00
14582,114.11,1,73,2011-10-30 11:56:00,2011-10-30 11:56:00
17275,114.1,1,71,2010-11-21 13:26:00,2010-11-21 13:26:00
15056,113.65,1,69,2010-07-07 15:58:00,2010-07-07 15:58:00
14457,113.64,1,88,2011-02-02 09:39:00,2011-02-02 09:39:00
18105,113.48,1,46,2011-11-02 12:04:00,2011-11-02 12:04:00
16821,113.35,1,13,2010-11-23 10:04:00,2010-11-23 10:04:00
17784,112.86,1,72,2010-06-07 16:08:00,2010-06-07 16:08:00
18148,112.85,1,63,2010-03-03 11:40:00,2010-03-03 11:40:00
14689,112.8,1,76,2011-05-15 11:22:00,2011-05-15 11:22:00
16697,112.75,1,27,2011-04-12 17:12:00,2011-04-12 17:12:00
18129,112.55,1,48,2011-04-10 14:16:00,2011-04-10 14:16:00
13241,112.53,1,46,2010-10-24 11:17:00,2010-10-24 11:17:00
15899,112.5,1,78,2010-12-06 10:36:00,2010-12-06 10:36:00
15610,112.46,1,66,2011-10-19 10:36:00,2011-10-19 10:36:00
13620,112.34,1,74,2010-06-29 15:02:00,2010-06-29 15:02:00
17816,112.32,6,96,2009-12-15 15:27:00,2011-11-03 11:34:00
17900,112.2,2,73,2011-06-02 14:28:00,2011-06-02 14:38:00
12756,112.08,1,144,2011-09-14 09:31:00,2011-09-14 09:31:00
13193,112.08,1,46,2011-10-09 14:30:00,2011-10-09 14:30:00
14750,112.03,1,65,2009-12-03 17:57:00,2009-12-03 17:57:00
17957,111.68,1,287,2011-10-04 14:58:00,2011-10-04 14:58:00
14668,111.63,1,49,2010-09-20 15:03:00,2010-09-20 15:03:00
17304,111.5,1,73,2010-06-23 16:23:00,2010-06-23 16:23:00
17887,111.35,1,30,2011-08-02 17:29:00,2011-08-02 17:29:00
15352,111.15,1,40,2010-06-09 11:28:00,2010-06-09 11:28:00
17208,111.15,1,101,2010-11-09 12:50:00,2010-11-09 12:50:00
18120,111.15,1,31,2011-05-09 13:45:00,2011-05-09 13:45:00
14464,111.0,2,62,2010-03-22 15:20:00,2010-05-20 18:00:00
12692,110.95,1,36,2010-03-12 14:02:00,2010-03-12 14:02:00
14509,110.95,1,38,2010-06-23 13:21:00,2010-06-23 13:21:00
15537,110.92,1,29,2011-06-29 13:10:00,2011-06-29 13:10:00
15853,110.8,1,135,2011-10-19 10:38:00,2011-10-19 10:38:00
18256,110.7,1,180,2010-11-17 08:53:00,2010-11-17 08:53:00
14787,110.65,1,59,2010-08-25 14:38:00,2010-08-25 14:38:00
16963,110.55,1,35,2011-06-05 13:48:00,2011-06-05 13:48:00
14641,110.46,1,90,2011-11-18 10:42:00,2011-11-18 10:42:00
17836,110.21,1,88,2011-10-23 16:13:00,2011-10-23 16:13:00
17909,110.05,1,35,2009-12-02 13:10:00,2009-12-02 13:10:00
15851,109.73,1,67,2010-07-01 12:34:00,2010-07-01 12:34:00
14033,109.44,1,576,2010-06-02 15:10:00,2010-06-02 15:10:00
16363,109.36,1,52,2011-10-17 14:14:00,2011-10-17 14:14:00
16064,109.31,1,55,2009-12-14 16:11:00,2009-12-14 16:11:00
16664,109.2,1,24,2010-05-19 17:11:00,2010-05-19 17:11:00
14721,109.07,1,57,2010-11-25 13:08:00,2010-11-25 13:08:00
14345,108.98,1,50,2011-11-01 09:51:00,2011-11-01 09:51:00
13170,108.81,1,141,2011-11-13 12:19:00,2011-11-13 12:19:00
15875,108.52,1,74,2010-03-03 16:51:00,2010-03-03 16:51:00
16106,108.38,1,74,2011-10-05 10:37:00,2011-10-05 10:37:00
14374,108.0,1,20,2010-06-16 14:25:00,2010-06-16 14:25:00
14661,107.95,1,35,2011-11-13 11:51:00,2011-11-13 11:51:00
13580,107.75,1,45,2010-10-29 15:01:00,2010-10-29 15:01:00
14943,107.62,1,46,2010-02-14 16:04:00,2010-02-14 16:04:00
15395,107.45,1,17,2011-01-18 12:40:00,2011-01-18 12:40:00
16301,107.33,1,41,2009-12-03 10:20:00,2009-12-03 10:20:00
15328,107.24,1,88,2010-10-28 09:05:00,2010-10-28 09:05:00
17893,107.21,1,149,2011-04-28 13:50:00,2011-04-28 13:50:00
16047,107.14,1,1,2010-01-26 16:34:00,2010-01-26 16:34:00
15846,107.01,1,79,2010-11-19 14:40:00,2010-11-19 14:40:00
16630,106.8,1,72,2010-10-28 14:30:00,2010-10-28 14:30:00
16082,106.75,1,39,2010-02-07 15:16:00,2010-02-07 15:16:00
14637,106.68,1,100,2010-01-31 15:52:00,2010-01-31 15:52:00
15168,106.56,1,52,2011-11-14 11:26:00,2011-11-14 11:26:00
15927,106.54,1,66,2010-03-02 13:25:00,2010-03-02 13:25:00
17791,106.1,1,46,2011-11-10 12:09:00,2011-11-10 12:09:00
16581,105.84,1,134,2011-06-10 10:05:00,2011-06-10 10:05:00
18103,105.8,1,23,2010-06-08 13:36:00,2010-06-08 13:36:00
15642,105.78,1,270,2009-12-10 11:51:00,2009-12-10 11:51:00
14579,105.56,1,56,2010-10-03 14:36:00,2010-10-03 14:36:00
15340,105.5,1,76,2010-05-27 10:27:00,2010-05-27 10:27:00
14027,104.82,1,62,2011-10-10 09:01:00,2011-10-10 09:01:00
17328,104.7,1,86,2010-02-04 17:11:00,2010-02-04 17:11:00
16547,104.26,1,108,2010-06-11 13:02:00,2010-06-11 13:02:00
16375,104.0,2,74,2010-08-26 14:12:00,2010-08-26 14:25:00
16896,103.95,1,18,2010-06-02 15:40:00,2010-06-02 15:40:00
14542,103.25,1,19,2011-06-07 08:19:00,2011-06-07 08:19:00
15924,102.82,1,103,2009-12-08 15:00:00,2009-12-08 15:00:00
18124,102.65,1,47,2010-08-24 17:21:00,2010-08-24 17:21:00
17467,102.6,1,20,2010-11-09 12:58:00,2010-11-09 12:58:00
14836,102.45,3,45,2011-11-09 13:26:00,2011-11-29 16:45:00
13829,102.0,1,12,2010-10-14 18:19:00,2010-10-14 18:19:00
15486,102.0,1,40,2010-06-30 13:15:00,2010-06-30 13:15:00
16516,101.7,1,58,2011-11-09 14:59:00,2011-11-09 14:59:00
18068,101.7,1,6,2011-02-23 14:50:00,2011-02-23 14:50:00
16944,101.36,1,27,2010-04-09 11:03:00,2010-04-09 11:03:00
18086,101.34,1,106,2011-03-10 13:34:00,2011-03-10 13:34:00
18195,101.16,1,60,2010-11-17 15:03:00,2010-11-17 15:03:00
13011,101.1,1,26,2010-12-02 17:22:00,2010-12-02 17:22:00
17741,101.1,2,114,2010-05-28 12:11:00,2010-10-29 11:59:00
16498,100.97,2,45,2011-06-30 19:52:00,2011-07-01 15:07:00
17493,100.91,1,62,2010-11-19 16:57:00,2010-11-19 16:57:00
14946,100.9,1,22,2011-11-25 13:33:00,2011-11-25 13:33:00
17224,100.86,1,65,2010-07-26 13:30:00,2010-07-26 13:30:00
17427,100.8,1,34,2011-09-29 11:29:00,2011-09-29 11:29:00
14371,100.5,1,34,2011-02-17 16:35:00,2011-02-17 16:35:00
15635,100.35,1,5,2010-11-09 08:58:00,2010-11-09 08:58:00
17570,100.0,1,1,2010-11-23 11:56:00,2010-11-23 11:56:00
17939,99.14,1,40,2011-07-03 12:27:00,2011-07-03 12:27:00
12774,98.7,1,53,2010-06-22 10:38:00,2010-06-22 10:38:00
17538,98.42,1,134,2011-11-14 12:12:00,2011-11-14 12:12:00
16694,98.3,1,26,2009-12-16 15:45:00,2009-12-16 15:45:00
12984,97.5,1,26,2011-11-21 12:37:00,2011-11-21 12:37:00
17395,97.5,1,66,2010-07-19 15:34:00,2010-07-19 15:34:00
14642,96.12,1,76,2011-10-12 11:08:00,2011-10-12 11:08:00
13793,96.0,1,52,2010-03-03 08:25:00,2010-03-03 08:25:00
15583,95.96,1,56,2010-11-28 15:04:00,2010-11-28 15:04:00
17024,95.85,3,69,2011-07-05 09:31:00,2011-10-25 13:47:00
17895,95.45,1,127,2011-10-26 17:00:00,2011-10-26 17:00:00
18249,95.34,1,128,2011-11-22 15:07:00,2011-11-22 15:07:00
12548,95.2,1,49,2011-06-26 15:35:00,2011-06-26 15:35:00
15285,94.92,1,120,2010-10-28 09:46:00,2010-10-28 09:46:00
14833,94.8,1,58,2010-07-29 10:06:00,2010-07-29 10:06:00
15868,94.53,1,57,2010-05-05 14:11:00,2010-05-05 14:11:00
16339,94.05,1,21,2011-02-28 13:41:00,2011-02-28 13:41:00
15397,94.0,1,20,2011-02-23 09:25:00,2011-02-23 09:25:00
18033,93.82,1,252,2011-10-05 17:28:00,2011-10-05 17:28:00
14394,93.8,1,58,2010-05-24 10:43:00,2010-05-24 10:43:00
15305,93.6,1,40,2010-06-02 13:50:00,2010-06-02 13:50:00
12992,93.35,1,21,2009-12-14 16:46:00,2009-12-14 16:46:00
15082,93.35,1,43,2010-02-09 10:23:00,2010-02-09 10:23:00
16196,93.3,1,26,2010-08-08 11:40:00,2010-08-08 11:40:00
14054,92.46,1,62,2011-10-05 15:49:00,2011-10-05 15:49:00
13160,91.8,1,56,2011-11-17 13:07:00,2011-11-17 13:07:00
16831,91.8,1,48,2010-05-24 09:08:00,2010-05-24 09:08:00
12659,91.68,1,105,2011-11-10 11:53:00,2011-11-10 11:53:00
13392,91.14,1,82,2010-01-31 13:34:00,2010-01-31 13:34:00
14786,90.96,1,112,2010-06-07 13:42:00,2010-06-07 13:42:00
13947,90.6,1,44,2011-10-05 14:42:00,2011-10-05 14:42:00
14435,90.42,1,282,2010-07-26 12:33:00,2010-07-26 12:33:00
16506,90.3,2,42,2011-10-30 15:50:00,2011-11-20 12:17:00
16597,90.04,1,184,2011-12-05 15:44:00,2011-12-05 15:44:00
14117,90.0,1,72,2011-07-19 09:49:00,2011-07-19 09:49:00
15686,90.0,1,72,2010-10-15 13:50:00,2010-10-15 13:50:00
14974,89.94,1,37,2011-11-02 13:01:00,2011-11-02 13:01:00
16061,89.65,1,19,2010-10-04 15:29:00,2010-10-04 15:29:00
13535,89.5,1,10,2010-11-02 11:49:00,2010-11-02 11:49:00
14760,89.2,1,40,2011-02-15 16:27:00,2011-02-15 16:27:00
13222,88.5,1,30,2010-05-11 13:54:00,2010-05-11 13:54:00
15603,88.48,2,128,2010-03-01 16:02:00,2011-09-22 10:04:00
15083,88.2,1,38,2011-03-28 12:18:00,2011-03-28 12:18:00
16564,87.8,1,40,2010-05-19 14:41:00,2010-05-19 14:41:00
17606,87.3,1,42,2009-12-02 13:32:00,2009-12-02 13:32:00
17763,86.15,4,41,2010-02-18 14:32:00,2011-03-21 14:25:00
13180,86.1,1,42,2010-04-11 13:37:00,2010-04-11 13:37:00
15541,85.13,1,49,2011-08-17 14:58:00,2011-08-17 14:58:00
13841,85.0,1,100,2011-04-01 12:10:00,2011-04-01 12:10:00
12401,84.3,1,11,2011-02-09 13:50:00,2011-02-09 13:50:00
15094,83.0,2,28,2010-03-05 12:56:00,2010-09-02 16:55:00
14347,82.6,1,48,2009-12-03 10:49:00,2009-12-03 10:49:00
13469,82.4,1,52,2010-02-24 15:03:00,2010-02-24 15:03:00
16028,82.2,1,18,2010-04-23 11:45:00,2010-04-23 11:45:00
13215,81.6,1,96,2010-11-02 18:26:00,2010-11-02 18:26:00
13006,81.57,1,55,2011-10-14 13:49:00,2011-10-14 13:49:00
17620,81.44,1,60,2011-10-11 12:08:00,2011-10-11 12:08:00
17008,81.36,1,24,2010-10-06 15:19:00,2010-10-06 15:19:00
14717,81.3,1,32,2009-12-06 13:05:00,2009-12-06 13:05:00
15170,81.15,1,33,2010-10-29 10:34:00,2010-10-29 10:34:00
17336,81.12,1,48,2010-08-24 15:37:00,2010-08-24 15:37:00
16789,80.8,1,32,2011-12-01 15:12:00,2011-12-01 15:12:00
17752,80.64,1,192,2010-12-15 16:19:00,2010-12-15 16:19:00
15833,80.4,1,24,2009-12-02 11:59:00,2009-12-02 11:59:00
15131,80.28,1,88,2010-11-10 12:07:00,2010-11-10 12:07:00
14190,79.9,1,2,2010-02-11 14:27:00,2010-02-11 14:27:00
16165,79.9,1,2,2010-07-22 14:17:00,2010-07-22 14:17:00
14589,79.5,1,10,2010-12-03 11:42:00,2010-12-03 11:42:00
14007,79.48,1,16,2010-07-15 09:06:00,2010-07-15 09:06:00
15753,79.2,1,144,2011-02-08 12:41:00,2011-02-08 12:41:00
12570,77.52,1,1,2010-01-26 17:28:00,2010-01-26 17:28:00
17942,77.5,1,38,2011-12-02 10:45:00,2011-12-02 10:45:00
14785,77.4,2,84,2011-11-24 13:40:00,2011-11-29 13:21:00
13132,77.3,1,20,2011-03-23 12:44:00,2011-03-23 12:44:00
16867,76.74,1,58,2010-01-19 09:11:00,2010-01-19 09:11:00
14373,76.55,1,17,2010-12-16 15:40:00,2010-12-16 15:40:00
14090,76.32,1,72,2011-01-19 10:51:00,2011-01-19 10:51:00
14613,76.32,1,72,2010-01-28 13:02:00,2010-01-28 13:02:00
15668,76.32,1,72,2011-05-06 10:39:00,2011-05-06 10:39:00
13219,76.23,1,11,2010-03-31 14:18:00,2010-03-31 14:18:00
17628,75.75,1,79,2011-09-19 15:21:00,2011-09-19 15:21:00
16610,75.66,1,66,2011-05-04 13:13:00,2011-05-04 13:13:00
14559,75.6,1,72,2010-11-14 16:05:00,2010-11-14 16:05:00
17192,75.28,1,45,2010-06-21 16:07:00,2010-06-21 16:07:00
16420,75.0,1,120,2010-11-08 15:15:00,2010-11-08 15:15:00
17944,74.99,1,84,2010-10-12 16:25:00,2010-10-12 16:25:00
13095,74.4,1,144,2011-09-30 12:03:00,2011-09-30 12:03:00
12506,73.5,1,23,2011-04-21 08:54:00,2011-04-21 08:54:00
18032,73.5,1,42,2011-01-09 15:32:00,2011-01-09 15:32:00
16171,73.2,1,24,2011-10-11 14:51:00,2011-10-11 14:51:00
17906,72.9,1,26,2011-04-06 17:25:00,2011-04-06 17:25:00
13105,72.0,1,100,2010-09-29 13:41:00,2010-09-29 13:41:00
16459,71.79,1,59,2009-12-10 12:42:00,2009-12-10 12:42:00
13938,71.66,1,70,2011-11-04 14:37:00,2011-11-04 14:37:00
13185,71.4,1,12,2011-03-17 11:56:00,2011-03-17 11:56:00
16970,71.4,1,12,2010-03-23 13:50:00,2010-03-23 13:50:00
17747,71.4,1,12,2011-08-19 08:13:00,2011-08-19 08:13:00
13915,70.8,1,24,2010-11-10 15:17:00,2010-11-10 15:17:00
14576,70.8,1,24,2010-12-02 17:51:00,2010-12-02 17:51:00
15564,70.74,2,42,2010-02-01 15:58:00,2010-09-02 15:52:00
12568,70.0,1,48,2010-03-05 09:15:00,2010-03-05 09:15:00
13172,69.6,1,48,2010-11-04 15:10:00,2010-11-04 15:10:00
14906,68.44,1,1,2010-09-20 16:30:00,2010-09-20 16:30:00
12861,68.25,1,27,2010-03-30 11:39:00,2010-03-30 11:39:00
17249,68.03,1,79,2010-10-07 11:33:00,2010-10-07 11:33:00
14393,67.95,1,13,2011-05-05 18:16:00,2011-05-05 18:16:00
17532,65.34,1,30,2010-11-19 08:13:00,2010-11-19 08:13:00
13022,65.3,1,35,2010-10-06 10:50:00,2010-10-06 10:50:00
13130,64.0,1,32,2011-09-06 15:30:00,2011-09-06 15:30:00
16238,63.66,1,85,2010-10-13 12:36:00,2010-10-13 12:36:00
17216,63.6,1,21,2010-06-03 13:03:00,2010-06-03 13:03:00
17263,63.44,1,36,2011-05-15 14:32:00,2011-05-15 14:32:00
15470,63.42,1,232,2010-05-13 09:35:00,2010-05-13 09:35:00
12404,63.24,1,1,2010-01-26 16:25:00,2010-01-26 16:25:00
16058,62.7,1,18,2010-10-29 16:48:00,2010-10-29 16:48:00
13218,62.64,1,88,2011-08-04 16:59:00,2011-08-04 16:59:00
14650,62.5,1,22,2010-04-29 20:27:00,2010-04-29 20:27:00
15516,62.43,3,27,2011-10-24 11:33:00,2011-10-26 10:51:00
13380,62.4,1,48,2010-10-03 10:18:00,2010-10-03 10:18:00
13303,61.72,1,26,2010-11-04 14:55:00,2010-11-04 14:55:00
13818,61.28,1,60,2010-10-06 12:35:00,2010-10-06 12:35:00
15375,60.96,1,84,2010-01-18 15:38:00,2010-01-18 15:38:00
16605,60.48,1,144,2009-12-15 19:03:00,2009-12-15 19:03:00
15250,60.0,1,48,2010-03-09 07:35:00,2010-03-09 07:35:00
17174,59.9,1,41,2011-05-06 11:47:00,2011-05-06 11:47:00
13391,59.8,1,4,2011-05-20 10:50:00,2011-05-20 10:50:00
13682,59.5,1,10,2011-06-05 14:06:00,2011-06-05 14:06:00
15233,59.4,1,12,2010-11-03 13:36:00,2010-11-03 13:36:00
15371,59.4,1,12,2010-02-15 13:14:00,2010-02-15 13:14:00
14384,58.5,1,30,2010-07-27 09:53:00,2010-07-27 09:53:00
12466,56.73,1,1,2010-01-26 16:26:00,2010-01-26 16:26:00
17775,56.4,1,72,2011-03-30 10:50:00,2011-03-30 10:50:00
13366,56.16,1,144,2011-10-20 13:37:00,2011-10-20 13:37:00
15685,55.98,1,36,2010-09-15 13:43:00,2010-09-15 13:43:00
12776,55.5,1,46,2010-02-10 12:11:00,2010-02-10 12:11:00
17494,54.7,1,26,2010-07-26 10:06:00,2010-07-26 10:06:00
12860,54.22,1,26,2010-01-15 15:22:00,2010-01-15 15:22:00
13306,53.65,1,74,2010-10-05 14:55:00,2010-10-05 14:55:00
16349,53.5,1,9,2011-02-22 12:40:00,2011-02-22 12:40:00
17599,52.05,1,11,2010-08-19 12:50:00,2010-08-19 12:50:00
15313,52.0,1,25,2011-08-21 16:02:00,2011-08-21 16:02:00
16786,51.84,1,72,2010-11-11 08:25:00,2010-11-11 08:25:00
17844,51.56,1,52,2011-08-25 11:27:00,2011-08-25 11:27:00
13254,51.41,1,43,2010-11-28 15:42:00,2010-11-28 15:42:00
14351,51.0,1,12,2011-06-28 11:56:00,2011-06-28 11:56:00
14743,50.48,1,40,2010-04-26 10:26:00,2010-04-26 10:26:00
18184,49.8,1,60,2011-11-24 15:28:00,2011-11-24 15:28:00
14380,48.96,1,1,2010-01-26 17:11:00,2010-01-26 17:11:00
16530,48.35,1,17,2010-02-09 15:30:00,2010-02-09 15:30:00
16257,46.95,1,2,2011-06-16 10:11:00,2011-06-16 10:11:00
13438,46.5,1,10,2010-06-10 18:46:00,2010-06-10 18:46:00
15698,46.2,1,60,2010-03-25 17:38:00,2010-03-25 17:38:00
12496,45.34,2,30,2010-03-29 13:57:00,2010-03-29 14:06:00
15672,45.3,1,10,2009-12-14 16:52:00,2009-12-14 16:52:00
17916,43.87,2,90,2009-12-06 14:10:00,2010-03-21 12:26:00
14300,43.2,1,32,2011-11-21 08:57:00,2011-11-21 08:57:00
13913,42.22,1,10,2010-07-21 10:11:00,2010-07-21 10:11:00
13906,42.0,1,100,2010-10-26 15:00:00,2010-10-26 15:00:00
16219,40.8,1,48,2010-07-27 11:44:00,2010-07-27 11:44:00
14266,40.56,1,24,2010-10-07 13:32:00,2010-10-07 13:32:00
15178,40.5,1,30,2011-03-24 15:12:00,2011-03-24 15:12:00
14086,39.95,1,1,2010-09-03 10:52:00,2010-09-03 10:52:00
16659,39.12,1,72,2011-06-03 15:03:00,2011-06-03 15:03:00
17246,38.92,2,36,2009-12-01 17:45:00,2010-06-11 12:36:00
18019,38.45,1,7,2011-10-19 12:10:00,2011-10-19 12:10:00
15455,38.25,1,3,2010-04-21 12:43:00,2010-04-21 12:43:00
15693,37.5,1,30,2010-02-18 14:37:00,2010-02-18 14:37:00
16162,37.4,1,4,2011-04-01 15:03:00,2011-04-01 15:03:00
17352,36.25,1,15,2010-01-12 16:13:00,2010-01-12 16:13:00
14993,36.13,1,21,2010-05-25 12:47:00,2010-05-25 12:47:00
15940,35.8,1,4,2011-02-01 16:18:00,2011-02-01 16:18:00
16417,35.7,1,6,2010-08-04 09:08:00,2010-08-04 09:08:00
17831,35.4,1,12,2011-11-06 15:09:00,2011-11-06 15:09:00
15744,34.8,1,120,2011-09-23 09:52:00,2011-09-23 09:52:00
17533,34.8,1,24,2010-10-01 09:14:00,2010-10-01 09:14:00
15871,33.1,1,5,2010-09-28 14:16:00,2010-09-28 14:16:00
16941,33.0,1,12,2010-04-07 11:13:00,2010-04-07 11:13:00
14977,31.93,1,17,2009-12-14 10:37:00,2009-12-14 10:37:00
17129,31.85,1,5,2010-07-07 13:46:00,2010-07-07 13:46:00
16454,30.95,4,9,2010-04-07 15:54:00,2011-10-26 11:40:00
13120,30.6,1,12,2011-04-15 10:19:00,2011-04-15 10:19:00
14144,30.6,1,12,2010-08-10 15:17:00,2010-08-10 15:17:00
16548,30.15,1,6,2010-04-19 16:15:00,2010-04-19 16:15:00
15575,30.1,1,6,2010-03-30 12:50:00,2010-03-30 12:50:00
15657,30.0,1,24,2011-11-17 12:19:00,2011-11-17 12:19:00
17319,29.1,1,14,2010-02-08 15:47:00,2010-02-08 15:47:00
17102,25.5,1,2,2011-03-23 10:08:00,2011-03-23 10:08:00
15284,24.75,1,5,2010-07-27 13:25:00,2010-07-27 13:25:00
14610,24.35,2,15,2010-07-13 16:06:00,2010-11-09 10:58:00
16537,23.35,1,59,2010-03-08 13:41:00,2010-03-08 13:41:00
12606,21.0,1,1,2010-01-26 16:23:00,2010-01-26 16:23:00
16953,20.8,1,10,2011-11-09 15:54:00,2011-11-09 15:54:00
17986,20.8,1,10,2011-10-14 14:22:00,2011-10-14 14:22:00
13112,20.6,1,11,2010-06-16 17:03:00,2010-06-16 17:03:00
15999,20.4,1,24,2009-12-04 12:31:00,2009-12-04 12:31:00
13163,17.65,1,3,2010-04-08 16:21:00,2010-04-08 16:21:00
16093,17.0,1,20,2011-08-25 11:09:00,2011-08-25 11:09:00
12846,15.58,1,1,2010-01-26 16:29:00,2010-01-26 16:29:00
14580,14.85,1,3,2010-07-09 15:20:00,2010-07-09 15:20:00
14900,13.92,1,48,2010-07-05 15:09:00,2010-07-05 15:09:00
16878,13.3,1,12,2011-09-16 17:39:00,2011-09-16 17:39:00
17956,12.75,1,1,2011-04-04 13:47:00,2011-04-04 13:47:00
17378,10.95,1,1,2010-11-30 18:46:00,2010-11-30 18:46:00
18115,9.7,1,3,2010-01-11 11:57:00,2010-01-11 11:57:00
15040,7.49,1,1,2010-06-16 11:40:00,2010-06-16 11:40:00
15913,6.3,1,3,2010-06-23 16:31:00,2010-06-23 16:31:00
14792,6.2,1,2,2011-10-07 09:19:00,2011-10-07 09:19:00
13788,3.75,1,1,2010-07-22 15:50:00,2010-07-22 15:50:00
16738,3.75,1,3,2011-02-15 09:46:00,2011-02-15 09:46:00
14095,2.95,1,1,2009-12-17 12:49:00,2009-12-17 12:49:00
